key,y,mtime,form_a,form_b,c2_n_a,c2_n_b,c1_early_winrate_gap,c1_mid_winrate_gap,c1_early_alive_end_gap,c1_mid_alive_end_gap,c1_early_future_kill_gap,c1_mid_future_kill_gap,c2_early_winrate_gap,c2_mid_winrate_gap,c2_early_alive_end_gap,c2_mid_alive_end_gap,c2_early_future_kill_gap,c2_mid_future_kill_gap
hltv_2389644_103938_falcons_vs_aurora_m1_anubis,1,1769953705.0,,,0,0,0.008685060792245736,-0.01254553681088122,0.12220280386709786,0.16716154893239815,0.06482465862125963,0.07914416436486993,,,,,,
hltv_2389643_103935_mouz_vs_nrg_m1_dust2,0,1769954055.0,,,0,0,0.004135986048303786,0.07312178498214328,0.12289413193299598,0.047183440807083254,0.05364555973071583,-0.005367185793451856,,,,,,
hltv_2389643_103935_mouz_vs_nrg_m2_ancient,0,1769957345.0,,,5,5,-0.0002474389042393943,-0.04016791256348734,0.10439909226400707,0.1317725719140328,0.07294537324104378,0.07004643197408916,-0.012209438001529405,-0.00651390895568893,-0.029233403617624054,-0.05379019493173376,-0.008277519323027505,-0.017379760272804134
hltv_2389644_103938_falcons_vs_aurora_m2_mirage,0,1769957970.0,0.3364722366212129,-0.3313571359544425,5,5,-0.007311396413337112,-0.04787843775307021,0.1872534049816908,0.08050231064456298,0.12066140441563428,0.056452917293434435,0.0033100662881599963,-0.0016888895367281331,0.070402153888595,0.05202287907520936,0.03708182687322564,0.023759526522836194
hltv_2389645_103943_g2_vs_fut_m1_mirage,0,1769962751.0,,,0,0,-0.011985414265181793,-0.046258357602222966,0.2404692767805467,0.23168952299489817,0.14729897738320763,0.10736722209498772,,,,,,
hltv_2389646_103946_the_mongolz_vs_furia_m1_mirage,0,1769965830.0,,,0,0,-0.007934719584696714,-0.01834508033483384,0.054674746676109665,-0.025628690147406596,0.0504281097233395,0.004054743184241927,,,,,,
hltv_2389646_103946_the_mongolz_vs_furia_m2_inferno,1,1769970577.0,-0.053345980705292735,0.05264373348542188,5,5,0.008289248328528398,-0.00505783781047503,0.08433114858425,-0.10410745803512922,0.029291974778238694,-0.0325998976006443,0.0025356185059350334,0.004912291803800151,-0.04167643102447732,-0.06276148983813912,-0.017574843867717627,-0.029847657452816978
hltv_2389648_103951_parivision_vs_astralis_m1_overpass,1,1769975323.0,,,0,0,-0.04726652557502348,-0.01567907055675466,0.14634699467701118,0.23534757410222656,0.024257871525363628,0.05488280258579964,,,,,,
hltv_2389647_103949_natus_vincere_vs_spirit_m1_mirage,0,1769978293.0,,,0,0,0.01265337016545387,0.03716543675148842,0.060217734975085424,0.04642958819719922,0.02834086048070783,0.03455091167291685,,,,,,
hltv_2389647_103949_natus_vincere_vs_spirit_m2_dust2,0,1769981411.0,-0.038839833316263894,0.03883983331626396,5,5,-0.0033919525611650903,-0.023579300732499364,-0.22941486364048524,-0.20858300168897842,-0.12600656700997354,-0.12102517216844771,0.0014958555669987161,0.005438926920867615,-0.016639247329080953,-0.01639692644613111,-0.009896844282331174,-0.010476403096824849
hltv_2389649_103964_3dmax_vs_vitality_m1_inferno,1,1770039814.0,,,0,0,-0.013316652777090598,0.004778980392286636,0.12252842170738326,0.23430907388077524,0.0862418816528292,0.13019324355655876,,,,,,
hltv_2389651_103966_mouz_vs_aurora_m1_dust2,1,1770040069.0,0.08701137698962969,,5,5,0.013943653015194513,0.009745444501770839,0.18058746799210623,0.043929754476120964,0.08648795382403862,0.049494909731111425,-0.13394417089965233,-0.09597326501561476,-0.05733430221357361,-0.08129918062606639,0.02518179178547847,-0.009375005287743321
hltv_2389649_103964_3dmax_vs_vitality_m2_dust2,1,1770043438.0,0.556287997842748,-0.556287997842748,5,5,-4.01047800627774e-05,0.04074455870311844,0.17778075770047463,0.20672725979480738,0.09233444204824659,0.08604496439442655,-0.005432436775178462,-0.0013902020105753254,0.14306077889697677,0.1341163603705095,0.07837689875677523,0.07912763788504834
hltv_2389651_103966_mouz_vs_aurora_m2_inferno,1,1770044134.0,0.14635640810043943,-0.27369583047704105,5,5,-0.011187868267344081,-0.01214666944065862,0.09817252077537392,0.18455810429532887,0.08061710845669462,0.09854324159363975,-0.08831401783892323,-0.06045736375331284,-0.017841411641984384,-0.051367093514649076,0.03013510306660966,-0.0009391822781799064
hltv_2389652_103972_nrg_vs_falcons_m1_inferno,0,1770048559.0,,-0.08576682175742506,5,5,0.011920251703849583,0.003786327105781584,-0.19098075665773911,-0.3163997976158516,-0.11808151388898552,-0.15296867071953069,0.12807256416806745,0.06723618925422614,0.022266949108707745,-0.026805147969388543,-0.03711406773907139,-0.030411453681939205
hltv_2389650_103971_faze_vs_bc_game_m1_dust2,1,1770049094.0,,,0,0,-0.001604078713325352,-0.014598057354953564,-0.050812340986739146,-0.023895077738070425,-0.016970650269714505,-0.015667505894609135,,,,,,
hltv_2389652_103972_nrg_vs_falcons_m2_ancient,1,1770052512.0,,-0.08576682175742506,5,5,0.0134805109494599,-0.007297572605652225,0.198792956720717,0.27481515526129485,0.10933154008855023,0.12837511840378707,0.0868511523032024,0.05011345692864949,-0.0039373932783803856,-0.048576208682178934,-0.035611392516209595,-0.03661380324917329
hltv_2389650_103971_faze_vs_bc_game_m2_nuke,0,1770052582.0,,,5,5,0.014956271868538096,0.07103496646970248,0.03167237107043025,-0.07900402043161497,-0.003701632838388813,-0.03766485348742965,0.00569781244705625,0.005532489505639782,0.04914641284715282,0.03166896427673144,0.02348360275530753,0.008598319907354879
hltv_2389653_103979_furia_vs_natus_vincere_m1_mirage,1,1770059408.0,0.10836803672178166,-0.2687061709927753,5,5,-0.008878500174386572,-0.08233719898240593,0.10704465660746565,0.018674026305650904,0.058137207625427345,0.009637394872676452,-0.051051772780788984,-0.07978962323992472,0.0659124015538835,0.03798009589632306,0.016365125325825347,0.004334345650281957
hltv_2389654_103977_fut_vs_astralis_m1_mirage,0,1770059428.0,0.024692612590371414,,5,5,-0.00819495875815729,-0.008206905591014058,0.12712439818658522,0.07612483124703001,0.08584002979190614,0.05425490136335093,-0.07845274717719108,-0.2504877804217215,0.052187586445702094,-0.004609985807718042,0.02242488297657541,0.029647301348216137
hltv_2389653_103979_furia_vs_natus_vincere_m2_inferno,0,1770063573.0,0.17768117723745241,-0.3027611792789013,5,5,0.02182138192194305,0.0192475140025421,-0.13966704767564492,-0.16474213086027645,-0.08288045768870683,-0.08266699433104518,-0.03334285023881123,-0.05409284537148912,0.07312308102360965,0.04465455501636961,0.028290213343057147,0.015446100135349028
hltv_2389654_103977_fut_vs_astralis_m2_overpass,1,1770063667.0,-0.12516314295400605,0.31508104663989545,5,5,0.05119761562446837,0.007701142804875882,-0.16395501696941228,-0.105764910698248,-0.03802203512901109,-0.03887614563383707,-0.04030055998836152,-0.13452756904635033,-0.0033415583534626703,-0.061616379596423576,-0.005432612138432935,-0.009911092774220143
hltv_2389656_103994_3dmax_vs_falcons_m1_anubis,1,1770126018.0,-0.08576682175742506,-0.5020919437972361,5,5,0.014550693986038254,0.08970278749326877,0.1764035967230173,0.2012157636527359,0.08544167033909722,0.07479753632534708,-0.13020044939135,-0.09024533347118058,0.014468102662953508,0.044900975642229,0.0653475932901545,0.02601198859122733
hltv_2389656_103994_3dmax_vs_falcons_m2_dust2,1,1770129795.0,-0.08576682175742506,-0.5020919437972361,5,5,0.00012346080187908282,0.06499679772570033,0.015234975594145106,0.004040857232308015,0.005522143883763264,-0.0031556779151125647,-0.09373843049016606,-0.06330578473724469,0.02995724011873574,0.040754897734364914,0.051880186043226195,0.02341267224159871
hltv_2389655_103995_mouz_vs_faze_m2_inferno,0,1770130289.0,,-0.08961215868968717,5,5,-0.004457995323230657,-0.00538272518746391,-0.050433456446244584,0.030121463047563524,-0.027595848364288633,-0.005299729598717884,0.03357655886999378,0.0652216289898806,-0.014517078184054677,-0.041030904522575296,0.006581751831889193,-0.005452203403817801
hltv_2389657_104002_astralis_vs_furia_m1_overpass,0,1770135643.0,0.06538275926285171,-0.03132247112904116,5,5,-0.06511191027935959,-0.042887278307350174,-0.14387069700968397,-0.17123303617802393,-0.1300239759427142,-0.1035481444007052,0.18560219102448783,0.15874082388914462,0.025076474434559348,0.017825337119064366,-0.03875351641621677,-0.03569374776263762
hltv_2389659_104003_g2_vs_spirit_m1_anubis,0,1770135838.0,,0.2652092165997224,5,5,-0.004674685414903457,0.005395430551126179,-0.22346651414107174,-0.2937877522255187,-0.12439767018733838,-0.15705864670289016,-0.21167556805155363,-0.11069679148998657,-0.09621299748180207,-0.07616146969291426,-0.015576603381930287,-0.04537096429675064
hltv_2389657_104002_astralis_vs_furia_m2_mirage,1,1770139710.0,0.005305052229693098,0.03735578654376882,5,5,0.014638853850189815,0.10919567525006024,0.06843942813556958,0.24317580015151877,0.017128831576993797,0.06710474289034285,0.1417789378000387,0.1274756780313403,0.005136706371761002,-0.004675240101009559,-0.03970140580103598,-0.03984198613408402
hltv_2389659_104003_g2_vs_spirit_m2_overpass,1,1770139987.0,-0.17733401528291554,0.23901690047049992,5,5,-0.047935760130354915,-0.011148620195362266,0.136122689392757,0.2816552414335839,0.054163080564071486,0.08434548173616346,-0.11477318311913348,-0.06888756985336503,-0.07653312877795232,-0.040539147626425576,-0.022507638339579472,-0.03221450516739921
hltv_2389658_104008_vitality_vs_aurora_m2_overpass,0,1770154090.0,0.08927858443852586,0.5020919437972361,5,5,-0.07745931938345646,-0.08268800671666571,-0.10039115920044567,-0.02051801561331157,-0.07909703400119517,0.016361245598706664,-0.1022715906346463,-0.07126605279825482,-0.09196115035594715,-0.0781093873861875,0.0009922819738075184,-0.03940500114682405
hltv_2389660_104011_falcons_vs_mouz_m2_dust2,0,1770156369.0,-0.08576682175742506,-0.08961215868968717,5,5,0.011101159716726539,0.031868143298027896,0.14511817535213556,0.055460904949676426,0.06722523010003745,0.04323195961646459,-0.09473891089806796,-0.05207171115548881,-0.0344533525550616,-0.008559427666810393,0.02351446709908478,0.0034582406249227815
hltv_2389661_104067_furia_vs_aurora_m2_mirage,1,1770395646.0,0.0242036017408864,0.01197619104671562,5,5,0.018925752289378095,0.001006767404793829,0.02701146466559501,-0.08196693239536018,0.011594017318899641,-0.012036043124171336,-0.03492437708340712,0.04620604235829606,-0.0032020533624286807,0.007947843292148982,-0.01125637949286179,-0.01793845586019671
hltv_2389664_104113_vitality_vs_mouz_m2_dust2,1,1770497948.0,0.43451743070266635,-0.08961215868968717,5,5,0.0046184670568221176,0.008931712213377963,0.06364689442639132,-0.01737530632885964,0.013922470095243111,-0.0030220281559497075,-0.07263430494182888,-0.052210206950065785,0.05035613309857917,0.04117748396071985,0.03973611928736481,0.041781279783730696
hltv_2389665_104123_spirit_vs_mouz_m2_mirage,0,1770560071.0,-0.16971838464062927,0.11232918497391972,5,5,-0.004253039536237901,0.015895097829757288,-0.332131442495878,-0.3533766314354232,-0.1995403861263514,-0.19740522316092524,0.13107201725385298,0.05919596803798033,0.003716810766243084,0.015354871730195452,-0.04556039496595171,-0.030610334655274407
hltv_2389666_104141_furia_vs_vitality_m3_nuke,0,1770576742.0,0.08239953176706676,0.41925843024050014,5,5,0.006550005489685484,0.005421776828921615,-0.1675030869028443,-0.34265467519615667,-0.11394469179956163,-0.18530771130342594,-0.10505901133128898,-0.007039077651813219,-0.07736597356197794,-0.05891345931579978,-0.009212140148457448,-0.04321455980571165
hltv_2389666_104141_furia_vs_vitality_m4_overpass,0,1770581733.0,0.008920665758379362,0.47723190647784103,5,5,-0.08442760120365356,-0.061616937302340746,-0.12093111739709228,-0.09243962716257476,-0.1258188540901875,-0.06010019177690196,-0.0837875714669068,0.0016285374439356515,-0.0815163450186544,-0.08204613335099353,-0.022624908119026343,-0.057382057796893204
hltv_2389948_104317_aurora_vs_fut_m1_mirage,0,1771061989.6006212,-0.06952606264861022,0.06273834063342335,5,5,-0.00495243748393015,-0.009014786040523137,0.2812114649310782,0.22055320802428688,0.17675317448868172,0.1226136860030736,0.1504165880468758,0.020559628114262263,-0.00011529375204000214,-0.033137206607301406,-0.022951002037513213,-0.03011578828178363
hltv_2389947_104312_natus_vincere_vs_astralis_m1_nuke,0,1771061993.6640399,0.005376357036380496,-0.14974538635934195,5,5,0.010830125812195945,0.004191669656337882,-0.13796732592328165,-0.19511693877616412,-0.07874077492372228,-0.09598073399546098,-0.18201659780982837,-0.1620396589586376,0.008412234490083992,0.0003372387138202426,0.045770840002167634,0.026735014623861186
hltv_2389947_104312_natus_vincere_vs_astralis_m2_mirage,0,1771064686.0282722,-0.03300629646816997,-0.06880291992402876,5,5,-0.010360698944056723,-0.03797912990566399,0.010702919855583914,-0.02144443069629748,0.015741678626080724,0.015100017083598316,-0.1500815383961558,-0.1334642904164789,-0.006104377598544153,-0.007920331828609128,0.030924319424833535,0.016221113069534943
hltv_2389948_104317_aurora_vs_fut_m2_anubis,1,1771068762.756181,-0.09844007281325252,0.1272301745477935,5,5,0.0019384329281993962,-0.04862023365254986,-0.09869900380631341,-0.08836316457568777,-0.05138587147591178,-0.034009437596292436,0.12173206007129628,0.00014189023897120956,0.00010475860622821687,-0.04430984470124194,-0.019070748945984706,-0.03004118016249885
hltv_2389948_104317_aurora_vs_fut_m3_overpass,0,1771068882.9695184,-0.04974382499856897,0.03135052988407601,5,5,-0.073131480864497,-0.04485346492963879,-0.09930897631114582,-0.013719250288809104,-0.09951659457809209,-0.017609949140594494,0.08611886652432271,-0.008528525105749807,0.008958904090627495,-0.031902953818615465,-0.009497840766509502,-0.020314515645208198
hltv_2389950_104327_faze_vs_heroic_m1_overpass,1,1771078675.386639,,,5,0,-0.04632570618479559,-0.01898895189545513,0.11649267042492095,0.20925215497773234,0.028747247899092776,0.06261231666451766,,,,,,
hltv_2389952_104340_falcons_vs_3dmax_m1_nuke,1,1771087171.105233,-0.08576682175742506,-0.5020919437972361,5,5,-0.017723270434617078,-0.0824263442822189,-0.10834705346636336,-0.04416506583001928,-0.029035447204367515,-0.007252888059607054,-0.048435134491828014,-0.037825538120718316,0.02776626613859745,0.030331909234006804,0.04089194960214165,0.020980250743534823
hltv_2389951_104352_vitality_vs_g2_m3_anubis,1,1771093388.2211227,0.4258047923452871,0.04683129968409899,5,4,-0.003095204085514336,0.02048404684481364,0.04372980982437025,0.044440685804351454,0.034104586348979726,0.027439069537326832,0.1248515427976718,0.0318001426349126,0.08480767219459973,0.04007341388697144,0.013080317235104666,0.022374973800544262
hltv_2389954_104361_the_mongolz_vs_pain_m2_mirage,0,1771096890.3104131,,-0.10775286129644616,0,3,-0.012784604025057544,-0.045469056535133,-0.10805379548533472,-0.1460936555921779,-0.05138340131282032,-0.07250613853286775,,,,,,
hltv_2389954_104361_the_mongolz_vs_pain_m1_nuke,1,1771096890.9878044,-0.6325225587435105,0.04879016416943204,5,5,0.016346510105231915,0.02488999362410349,0.1588619476483048,0.044293369844151886,0.08449445312570053,0.044193080924708694,-0.016199465814631386,-0.017305453034597518,-0.1115337218138785,-0.15991784835015657,-0.04003006308238044,-0.06798997675045099
hltv_2389954_104361_the_mongolz_vs_pain_m3_dust2,0,1771098095.7540007,-0.23483959107740107,0.027398974188114347,5,5,0.003298667543729761,0.015199284545478309,-0.2272965367430786,-0.42579295056968924,-0.13820578777931108,-0.19882050051766254,-0.002716120988196735,-0.0030928061042339583,-0.057719807857798955,-0.06817623348157398,-0.01728466003850021,-0.025227107424683037
hltv_2389953_104363_furia_vs_b8_m2_inferno,1,1771100851.4503412,-0.020424904852041004,,5,0,0.008800430838198592,0.04204422861623025,0.20394375572812456,0.10241201815007323,0.09305012801077073,0.06270513352136403,,,,,,
hltv_2389956_104371_3dmax_vs_astralis_m1_overpass,1,1771147641.8305657,-0.06528229209041578,-0.5020919437972361,5,5,0.06342688683290382,0.12947923068851197,0.10396703088493958,0.10224862028882464,0.0743969360044206,-0.008460666195542643,-0.21255497916742666,-0.11795511065908121,0.006296562371889802,0.00729020663030211,0.05090226317296376,0.027611265607097202
hltv_2389956_104371_3dmax_vs_astralis_m2_nuke,1,1771150211.4325378,-0.024519617174318612,-0.4737843520856416,5,5,-0.011012467778741264,-0.06408399344888174,0.1256363716344479,0.23111518272768805,0.08151891086961016,0.07690386171428504,-0.17016524881483602,-0.08628670643407677,0.0162856203419669,0.01059105145122724,0.05048342234211356,0.024680621329946417
hltv_2389955_104372_natus_vincere_vs_mouz_m2_mirage,0,1771150878.538859,-0.01392133851860812,-0.2744368457017603,5,5,0.0003346306624804618,-0.005221457279827757,-0.21649350043347845,-0.2304560969822782,-0.12668186308307433,-0.11498387323155435,-0.07941563851530309,-0.001711136967019189,-0.005279839904096029,0.0024240435016952278,0.02027479275089944,0.010089006380098076
hltv_2389958_104377_g2_vs_parivision_m2_inferno,0,1771160600.947579,-0.055569851154810765,-0.02500130220541727,5,5,-0.004195214052927165,-0.006409969479455102,-0.14236314411467538,-0.286554826302828,-0.09830583811086746,-0.1332032673691469,0.2055587342684556,0.23763847962427456,-0.04855017688960983,-0.009691850840103933,-0.046357785274651175,-0.053987199050784196
hltv_2389958_104377_g2_vs_parivision_m1_mirage,1,1771160604.0111716,-0.09832475251098557,0.09402894964827639,5,5,-0.013114646858860324,-0.06830732238865517,0.23181835728679542,0.09551324638760794,0.13536871095208391,0.10849434827540572,0.09753346421719095,0.1399267324614281,-0.04336349823342678,-0.03379685428907192,-0.02951776700085801,-0.04094332714521792
hltv_2389958_104377_g2_vs_parivision_m3_dust2,0,1771161219.8985984,0.0,-0.06308397542657689,5,5,-0.008826431197445306,-0.06654714649049454,0.06781661689212037,0.08248858807629772,0.060757284484025065,0.0757227296191415,0.07488467642994712,0.08745038232871793,-0.012308932646492854,-0.016857243650620357,-0.012200998191161938,-0.017666015548016945
hltv_2389957_104379_falcons_vs_faze_m2_dust2,1,1771161516.0749702,,-0.08576682175742506,5,5,-0.011406042198930932,-0.03857885198350608,-0.13261716843335997,-0.10714501809578375,-0.06270191337953518,-0.04289328904466233,0.0058935602601624115,-0.0093253084148896,0.00911732366190976,-0.021665090632515815,-0.011665799804216281,0.003107265324778896
hltv_2389957_104379_falcons_vs_faze_m3_ancient,0,1771162568.0680895,,-0.08576682175742506,5,5,-0.013500738213904573,-0.02544455543931398,-0.232976906581495,-0.46264736398347117,-0.1179247312581756,-0.16319853704376713,0.018342554676134437,0.004268089177660694,0.014750778882385296,-0.017436078180169123,-0.0097518057003817,0.003413933870431707
hltv_2389960_104385_aurora_vs_pain_m2_anubis,1,1771172163.7666626,-0.0717439048588413,-0.43623676677491796,5,5,0.004258828402034065,-0.016659606882524547,0.07655089581390057,0.05597791556596027,0.05736614002084267,0.04903078606989386,-0.05333382900015943,-0.058944487275771285,0.053439068108901866,0.06273922953694189,0.038179665229847504,0.041067438329232764
hltv_2389960_104385_aurora_vs_pain_m1_nuke,0,1771172164.130664,-0.018773114507925,-0.4550620492475365,5,5,-0.010669947290197324,-0.053763222032099045,0.031197880370153197,0.09247679447118995,0.016827850562344815,0.035217472226718505,-0.04751434855285286,-0.05888988103428633,0.06406160639682623,0.06797084338586357,0.04267609291418223,0.04589144200155432
hltv_2389959_104390_furia_vs_fut_m1_mirage,0,1771172654.5914345,0.0028248606355548407,0.0704332750489202,5,5,-0.012047145913072821,-0.0421565638067225,0.06157860880084842,0.03126427475159688,0.039697777023253555,0.01526189022644675,0.08262520245494609,0.021981322507214796,0.013308225989397071,-0.02335920670572178,-0.022397372381426806,-0.03221058087145806
hltv_2389959_104390_furia_vs_fut_m2_overpass,1,1771172666.5368783,-0.010204170174241736,0.08056585704461,5,5,0.09944777112404773,0.030274037795020775,-0.04649302651390275,-0.10245080583055788,0.018634989398750246,0.018056594792756564,0.07758205799927287,0.020770094929997374,0.009845444274620974,-0.0242618237540303,-0.021367621109851298,-0.031846914544745364
hltv_2389962_104394_b8_vs_heroic_m2_ancient,0,1771178907.4308784,,-0.21056476910734964,5,5,0.00015152180145927563,-0.01572306855218042,-0.17420030159353495,-0.09662034670359393,-0.09090712188807809,-0.06907958731719194,-0.42267290598807294,-0.27191512211538926,-0.09264484557218222,-0.03577584707987497,0.05230054712871668,0.066016769435076
hltv_2389961_104404_vitality_vs_the_mongolz_m2_dust2,1,1771185698.216049,0.4054651081081644,0.1505043676742382,5,5,-0.001522872316217172,0.012154785987362082,0.14297708520157015,0.012510260623056824,0.06939443883917329,0.01787258785776341,0.0022325303037945554,-0.041322401282104404,0.03633620547058447,0.006347287521486278,0.01349996569276185,0.021921643153257342
hltv_2389961_104404_vitality_vs_the_mongolz_m1_mirage,0,1771185699.5924711,0.4105802087749348,0.06864193272216364,5,5,-0.005435230512311706,-0.03172924824336215,0.3337061196759461,0.2960326598225817,0.19565406840163574,0.13913844422364868,-0.004273610530056038,-0.025268631633363403,0.052918343314663274,0.03516775925326421,0.025898020128977794,0.031919573073821816
hltv_2389961_104404_vitality_vs_the_mongolz_m3_nuke,1,1771186052.7896562,0.33465845135975336,0.07851326562163825,5,5,-0.014094204149580736,-0.12758928150951399,0.05873361464570953,0.01532297506447966,0.0497591555799764,0.047942066330198874,0.0044878209786572976,-0.02382237450028979,0.046872541080681784,0.034255657294187725,0.02150524912976992,0.02827731175700393
hltv_2389964_104425_faze_vs_parivision_m1_mirage,1,1771237366.1370647,,0.003539826705123987,5,5,-0.009389845834160415,-0.07542704178549864,0.314477802762677,0.2022372411675648,0.1765135016718692,0.11517357139218837,0.14295125459398272,0.07827475732187628,-0.0011128433142226224,-0.03839797068905021,-0.024268038210783438,-0.018392323230234486
hltv_2389963_104429_natus_vincere_vs_aurora_m1_anubis,0,1771237382.2445998,-0.031211896402237208,-0.04238777834998233,5,5,-0.005391552939021049,-0.007379763188416932,-0.044775366616635004,-0.07803808887804925,-0.03251315302245067,-0.045800096949087765,0.008745601792537638,-0.04906310208708087,0.010541087857548481,-0.0075369253832380245,0.019951441106611678,0.0001936957310582077
hltv_2389964_104425_faze_vs_parivision_m2_ancient,0,1771237387.282328,0.5849335959197126,-0.08961215868968717,5,5,-0.0090497418734794,-0.02525734415224068,0.176574979968526,0.1351641540710617,0.0651704009023985,0.08817440101265434,0.1266057651964259,0.05274519672025352,0.038325401158491645,-0.006932821377383547,-0.0009157483074724304,-0.001675040079067991
hltv_2389964_104425_faze_vs_parivision_m3_inferno,0,1771238989.727141,0.1796934343876852,-0.05715841383994864,5,5,-0.010587612703089277,-0.003097046637636991,-0.05368434090286356,-0.09695338809122506,-0.02040455853268891,-0.03566988954099637,0.09818308287133981,0.03426701891414241,0.03240975497636284,-0.009927732729171135,0.0007473598256021452,0.0015034604254902662
hltv_2389966_104430_fut_vs_astralis_m2_mirage,0,1771246308.4078553,-0.019802627296179754,0.015215847237253215,5,5,-0.0069783081663205015,-0.04137890512255449,0.0067452897259575595,-0.028162917491372952,0.011055329037828798,0.001599128243322645,0.027998093689879655,-0.011743974804211688,0.00017911625073513404,-0.026110890017463695,-0.008179169742319914,-0.024991764868666666
hltv_2389966_104430_fut_vs_astralis_m1_overpass,0,1771246316.4557352,-0.05150755714593192,0.050430853626891904,5,5,0.057358131160247044,0.015267280862501703,-0.11882766410214046,-0.1834180630680009,-0.0014904911210955607,-0.10991690971470686,0.024226252403320325,-0.01688392768700986,-0.006942498160387445,-0.03421305497431665,-0.011716839312577998,-0.02735034805388248
hltv_2389965_104434_the_mongolz_vs_b8_m1_ancient,0,1771253443.3200674,0.007272759329079878,0.03581909780495306,5,5,-0.004596084473873163,-0.006945306995096212,-0.1343887175982299,-0.19696636766087017,-0.08127674829705511,-0.09402519552395533,0.12557334484211846,0.019352157858229968,0.04412238076375097,-0.005114427819232326,-0.014549539354744012,-0.011550980981974268
hltv_2389965_104434_the_mongolz_vs_b8_m2_mirage,1,1771253455.694282,-0.060624621816434854,0.05433435096332952,5,5,0.0011413825310863657,0.00850326759482592,0.2781868439592993,0.42103913239687313,0.17477211908847773,0.17127311360944153,0.07834409258371611,-0.011909814055402757,0.023552518983689874,-0.037194246309698864,-0.013987964185273871,-0.02159467054551517
hltv_2389965_104434_the_mongolz_vs_b8_m3_nuke,0,1771253459.5579188,-0.020834086902842025,0.038183786970158805,5,5,0.011415130177766741,0.03550637559174641,0.053953119846799624,-0.0018901978393222607,0.009139939342846903,0.006301868964197599,0.026468462762192946,-0.025479742873879385,0.016191553862651864,-0.019545831417055237,-0.0035748309432315217,-0.010778658182110767
hltv_2389968_104436_3dmax_vs_heroic_m2_inferno,0,1771257642.3317566,-0.3171961329649449,-0.24362208265775043,5,5,0.013724098393596784,0.031205252762447955,-0.11042275707151356,-0.20202403675019304,-0.07042651300909197,-0.11675973713946342,0.1162528578647295,0.09614498908418789,0.014016076187644944,0.0055763592665926676,-0.018116946248372512,-0.022521831159677763
hltv_2389967_104441_mouz_vs_vitality_m2_inferno,1,1771261099.766168,0.3320922679437353,-0.1667802995827428,5,5,-0.003929598761290232,0.01714351967418179,0.1371918864934044,0.41919859453376235,0.08109359598651628,0.1601966446451717,-0.027059680254749474,-0.02381946323377776,0.04771480487493501,0.048235769822478125,0.04277947362626827,0.03075534235604821
hltv_2389970_104443_g2_vs_pain_m1_inferno,0,1771264014.588214,-0.3021123372808098,-0.03593200922606333,5,5,0.008404435387360909,0.05740588346983255,0.07490597612262478,0.07790008485287298,0.027318885427384698,0.0072531851803845915,0.06792661989153637,0.04878767210710089,-0.032131946915251175,-0.05990347297335602,-0.015279586110742316,-0.035100947075287436
hltv_2389972_104462_faze_vs_astralis_m1_ancient,0,1771328972.217192,0.028039220064393126,-0.0708260525686124,5,5,0.005811080416386116,-0.09594834074719238,-0.21048661686389014,-0.32513021596822766,-0.09410976187728576,-0.12583032616352358,0.17141972473686945,0.09846690660874041,0.03250064525272833,0.009525596476738285,-0.026903807366190635,-0.006994251926032147
hltv_2389972_104462_faze_vs_astralis_m2_mirage,0,1771329492.8609884,-0.09772689080275512,-0.026981108831107548,5,5,0.008713326742408212,0.06045628615009846,-0.12203758724310781,-0.13409841321083804,-0.1018626669856536,-0.08856176501910351,0.1580346528519846,0.08592733505154432,0.011564369652762974,-0.015565866156456498,-0.0333573850411405,-0.016813653123065042
hltv_2389971_104463_mouz_vs_fut_m2_overpass,1,1771330571.5331666,-0.17700881790330852,0.07155734076530343,5,5,0.08289429871863646,0.08919867263712128,0.09020255224409268,0.09263207399329032,0.08292827758997484,-0.0033506181689199055,0.18482732171307137,0.07636710852301387,0.0063096258795115046,-0.015201289297285703,-0.051024333212373874,-0.03406267080423403
hltv_2389974_104468_b8_vs_aurora_m1_overpass,1,1771337606.5938463,-0.04014706801341202,-0.02634882969675162,5,5,0.05489353789140683,0.04801665360795948,0.0046419194101679495,-0.03737482635839423,0.04278909066483211,-0.025681541067399005,-0.029923183279429555,0.003870120011077227,-0.00731972748243398,0.0103030065406024,0.013539576588883606,0.010162952872174558
hltv_2389974_104468_b8_vs_aurora_m2_mirage,1,1771337687.100185,-0.02695580998852822,-0.040246880508593354,5,5,-0.005237110257219624,-0.029585906423747976,0.16451646805688444,0.2477379715564055,0.10902123430327565,0.0938369369329014,-0.007787323142923852,0.018938660476873814,-0.006047021653716678,0.008735590270186278,0.010243684419054655,0.008158388901851388
hltv_2389973_104469_natus_vincere_vs_the_mongolz_m3_mirage,0,1771341339.3671265,-0.019181058851843888,0.03829992508754526,5,5,-0.012434938129757933,-0.008419190736724286,0.3301648239714338,0.37907288915261084,0.18909327660701813,0.19357618988922615,-0.0031567494487944048,0.035856684636910774,-0.002143291875372433,0.00046849451302710676,-0.004556396342814517,0.010015213461285255
hltv_2389976_104472_g2_vs_heroic_m2_ancient,1,1771345286.096151,-0.03593200922606333,-0.24362208265775043,5,5,-0.006242374669827688,0.19049895513522286,0.14646048273495055,0.36434137206130557,0.05093165625960944,0.1019365446499299,-0.04155674203823978,0.02468830320375509,-0.01717270715588637,0.009728033903714406,0.007678909684651014,-0.0062212945298895095
hltv_2389975_104482_furia_vs_parivision_m1_dust2,1,1771351231.5677934,0.02183492860319995,-0.010111309604320566,5,5,0.0024316932443949058,0.004870117374298877,-0.09182613055983951,-0.12199353980820621,-0.0794049620196916,-0.08913118030665657,-0.03172387405350924,-0.029199865828646976,-0.006461689230692014,-0.02716728403764712,0.008462659577380016,-0.008647249399744705
hltv_2389975_104482_furia_vs_parivision_m2_inferno,0,1771351512.0226896,0.03058945952258561,-0.02702867238791926,5,5,-0.0013689384272943528,-0.00408805418045699,0.00020617287632851422,-0.08095575579390274,-0.03474838164297234,-0.0625079638473875,-0.037223443999993,-0.03129683859391663,-0.00809226600521279,-0.02128798942047949,0.00846259608869121,-0.007249434489589035
hltv_2389975_104482_furia_vs_parivision_m3_mirage,1,1771355230.444333,0.022533625807411424,-0.014535139619113199,5,5,-0.014794760441700028,-0.091229544252173,0.07822817864282067,-0.0024032071857373327,0.045009706745091194,0.009508477722423359,-0.037879451327894165,-0.028621907563743165,-0.008743585401119913,-0.01799555253520735,0.008294161957992818,-0.007343346738280632
hltv_2389977_104519_aurora_vs_astralis_m2_dust2,1,1771416579.6906013,-0.02247285585205863,-0.017241806434506103,5,5,-0.0010608682767921929,0.01381210747961964,-0.16721684070880355,-0.20395798751505662,-0.10560228531638266,-0.13487359923613945,0.07083502551840698,0.036979551806009814,0.0022910732177519044,-0.002206535839465784,-0.003496954266719421,0.0006654440249690974
hltv_2389977_104519_aurora_vs_astralis_m1_overpass,1,1771416581.443069,-0.011759520406906362,-0.02574399598978813,5,5,-0.07611152496633791,-0.04480412558629075,0.006284637754098377,0.18035694817602388,-0.03208806554319599,0.05274830565551197,0.06517281461765495,0.03470502797479402,0.004209879778135084,0.0019481449122014105,-0.0015678939409608517,0.0020289715111644346
hltv_2389978_104525_fut_vs_parivision_m2_mirage,0,1771429056.0507646,-0.043977772752740646,0.07155734076530343,5,5,0.000268158701780985,0.034548654112161514,-0.2618888935890986,-0.18476473906951793,-0.1638588245964549,-0.10247995011098254,0.14932855183918037,0.09429775540375918,0.005176001468279012,-0.003980848201803333,-0.03966673070724397,-0.02950326370008166
hltv_2389978_104525_fut_vs_parivision_m1_dust2,1,1771429062.0105038,-0.056675804985050864,0.08193165787978424,5,5,0.003598843581551825,-0.011754709128215857,-0.0034188809555594224,-0.1433470583140325,-0.008973848989910771,-0.06149518682736982,0.1349031857173134,0.08660489269882865,0.001858094811064137,-0.005825633649001349,-0.037781802484815497,-0.028122784249614452
hltv_2389978_104525_fut_vs_parivision_m3_ancient,1,1771429143.0680265,-0.04853273077889975,0.07041348558059198,5,5,0.0015510693886516824,0.03612034658773777,0.02398149296374108,0.06344615085528688,-0.002643163307116392,0.005062913410875447,0.12518896067293905,0.0796811939718633,0.002889756210694816,-0.005953340195842316,-0.03480144176162059,-0.026512104334938724
hltv_2389979_104530_natus_vincere_vs_g2_m1_dust2,0,1771437366.44137,-0.03593200922606333,-0.04424825546434165,5,5,-0.015831850696551686,0.002252800150990386,0.11248009762673822,-0.0074352184529197785,0.056808409307835483,0.02154808265697955,0.011075419901618977,-0.037691394646536924,0.004243207976578345,-0.0009587577006719972,-0.004379630587883709,-0.007225020954752304
hltv_2389979_104530_natus_vincere_vs_g2_m2_ancient,0,1771437615.025999,-0.06453852113757118,-0.018093743442698956,5,5,0.017910922724481748,0.019138880513982715,0.2207519271280929,0.3181892995244303,0.13597494951989808,0.14710620258016982,0.01094062703474652,-0.03435249966346099,0.0007093238619083064,-0.010050893954760665,-0.006514223274304842,-0.01029906605241565
hltv_2389980_104594_falcons_vs_parivision_m2_mirage,1,1771583682.8114862,-0.08576682175742506,-0.03037960232625224,5,5,0.008363168842121849,0.051456151841628994,0.15962137542817773,0.1932702478083963,0.0816010629596034,0.09165040663752677,0.05471473630843682,-0.008411814897061554,0.01493409863710149,0.022027520972885795,0.010119029242833033,0.006106655687342477
hltv_2389980_104594_falcons_vs_parivision_m1_dust2,0,1771583682.8365133,0.0548766102258343,-0.049964138205921514,5,5,-0.025831411239759294,-0.061196362795862436,0.016924677865809812,0.03731827767522067,0.03313333953434017,0.05175999084229299,0.05049793281433623,-0.0028070216754840227,0.01717823114178124,0.02460225051672299,0.011439887544799021,0.007795257517126786
hltv_2389980_104594_falcons_vs_parivision_m3_ancient,0,1771586381.6614192,0.030254408357802343,-0.0441123256556963,5,5,-0.004758740647844872,-0.04733246494718002,-0.09027985162194102,-0.11865567246243086,-0.045302707431442824,-0.05485024617368933,0.04814382732238265,-0.002630347817430212,0.014198517702090241,0.023236175030338868,0.009095629393010174,0.007466989256561085
hltv_2389981_104607_mouz_vs_natus_vincere_m2_inferno,0,1771599483.3019154,-0.011243091574180354,-0.17700881790330852,5,5,-0.0005558713867989118,-0.08735174110195576,-0.15100520217232516,-0.16014669317502495,-0.07936650407462881,-0.06686490994068256,-0.02425204702629047,0.04408659802967135,-0.010422054741417386,0.001708464613175087,0.009257998911363419,0.0016981710810884398
hltv_2389981_104607_mouz_vs_natus_vincere_m3_mirage,0,1771599810.536626,-0.03624008501514347,-0.10366004154467826,5,5,0.009447332376546824,-0.013415142505887934,-0.22987694197905734,-0.31233052642611847,-0.12818199560561883,-0.13742900748406967,-0.02237872947568642,0.037519676151750725,-0.016821371614528347,-0.006937875735239352,0.004021318006896868,-0.0013644605115119002
hltv_2389982_104615_vitality_vs_aurora_m2_overpass,0,1771610315.0472116,0.005128216366919529,0.3207740972303953,5,5,-0.08124360589307744,-0.10956848975362779,-0.1018868932171032,-0.049657275620174135,-0.12360731212877002,-0.013364462557402201,-0.05989903350432524,-0.02809440621587722,-0.05207855759966362,-0.05987191391310487,-0.006381839876194506,-0.02096269889388469
hltv_2389983_104623_furia_vs_the_mongolz_m3_nuke,0,1771623641.062843,0.04096135763106541,0.054977387893588324,5,5,-0.01797715033406322,-0.07007773550244956,-0.271030633390013,-0.2605723486707854,-0.11946835834155756,-0.12660154336592006,-0.013110812644002878,-0.02130435076474113,0.009318056287550336,-0.0009113458561326726,-0.0004952265849977877,0.0020149347977787557
hltv_2389984_104660_parivision_vs_mouz_m1_dust2,1,1771693835.3408601,-0.0311153940920734,-0.043831717376248955,5,5,-0.005111420498154384,-0.020578743395541055,-0.08360192726264348,-0.297911369407037,-0.045227388147586534,-0.11105215275361585,0.000822761752154233,0.04557665431554486,-0.012981146211393069,-0.009635362031042538,0.0009353065206543221,-0.003658042081610746
hltv_2389984_104660_parivision_vs_mouz_m2_inferno,1,1771693838.6318424,-0.03007745523727795,-0.03630476493043536,5,5,-0.004649672177903241,0.019093166393878536,0.09116606246841591,0.23344262861289689,0.068350556414426,0.09807614109909796,-0.0004810445063868629,0.04052473519431893,-0.013362857770399639,-0.01322392156011093,0.00040499388341191933,-0.00481959784893371
hltv_2389986_104700_mouz_vs_the_mongolz_m2_inferno,1,1771768461.9009695,-0.04871587272405782,0.07127434973309281,5,5,0.004238584318798089,0.040467519245335426,0.11921361425331295,0.07586457858473633,0.05714613084648934,0.0358482812412268,0.026202580025287636,-0.025617219731689955,0.019679734991209674,0.014096751480567993,-0.01312798033342083,0.006254004591657036
hltv_2389987_104739_parivision_vs_vitality_m2_dust2,1,1771787259.8515732,0.30441250071099046,-0.020590006769383183,5,5,0.006015316949619154,-0.0029880213433040037,0.20354485561440416,0.2880920672891212,0.113651465875801,0.13427325919876948,-0.012731627848292626,-0.05380381947474416,0.043842989106127606,0.046637972636474845,0.03143357694930038,0.026331881662629453
hltv_2389987_104739_parivision_vs_vitality_m3_inferno,1,1771787586.0526726,0.32542240043462795,-0.04241401798273947,5,5,-0.008520824269499072,-0.0017576109002821472,0.0645981915726681,0.007938019436124377,0.04139658030163268,0.0310490635840599,-0.011013518704993563,-0.04837985936936967,0.04746713507565048,0.055811377698263165,0.033418924859104804,0.030391485096544213
hltv_2391022_105090_3dmax_vs_semperfi_m1_dust2,0,1772460023.0,,-0.31321537445694575,0,4,0.008517677063339724,0.06109751562177934,-0.029148605984677778,0.03951786243225491,-0.016813456221948853,-0.019230607654618315,,,,,,
hltv_2391022_105090_3dmax_vs_semperfi_m2_inferno,0,1772464256.0,,-0.31321537445694575,5,5,0.015600961020321935,0.01344851748368181,0.07916660845829504,-0.0032208968087290013,0.045572514497083605,0.02865663609536362,0.0714985266682201,0.06695975715065738,-0.01764867788210922,-0.018309711810270746,-0.02322715222423627,-0.03214775475413839
hltv_2391031_105138_3dmax_vs_gaimin_gladiators_m1_nuke,0,1772554648.0,,-0.31321537445694575,0,5,0.01811206640647478,-0.006983867536673238,0.006957465461332968,-0.16711093467723245,-0.01189313101535655,-0.06543498185490604,,,,,,
hltv_2391031_105138_3dmax_vs_gaimin_gladiators_m2_dust2,0,1772559800.0,,-0.31321537445694575,5,5,-0.004285954805146597,-0.04252436227361711,-0.21485300842736166,-0.14973760389912033,-0.11444875714242148,-0.06635847891657382,-0.039502056546015685,-0.07648651744509943,-0.0670538613701267,-0.11866135575837433,-0.006058415161801223,-0.03559339012788104
hltv_2391120_105362_fut_vs_3dmax_m1_dust2,1,1772977852.0,-0.31321537445694575,0.0502113498733407,5,5,0.008995205299192177,0.011487383285935682,0.08837412262359878,0.054646090917059464,0.06865515960773638,0.040319087099275175,0.21245910242613142,0.09460657168655351,0.02375573659028596,0.005642588484435107,-0.0421311178940062,-0.03247917916708121
hltv_2391120_105362_fut_vs_3dmax_m2_ancient,1,1772981921.0,-0.31321537445694575,0.0502113498733407,5,5,0.00020292281899370046,-0.12672582320292158,-0.03376841213182308,-0.16246131644811945,-0.006377130405939568,-0.04204215896270502,0.19731227764414194,0.08739397199818688,0.024981867287981296,0.012006551472161064,-0.036016067274060426,-0.027066423114712856
hltv_2391134_105601_the_mongolz_vs_natus_vincere_m2_mirage,1,1773398658.0,-0.05852157161965607,0.05055916979811351,5,5,-0.009437234883400147,-0.006734562729748594,0.34855774048816557,0.3468203002725142,0.208296920092159,0.15887071157322968,-0.013485708308270006,0.010152530614728317,-0.023255340445831663,-0.012434248933931191,-0.010913669544550142,-0.011698527560569327
hltv_2391136_105627_mouz_vs_fut_m2_overpass,1,1773425709.0,-0.021739986636405875,0.0502113498733407,5,5,0.07656930937151357,0.09870402907757725,0.0871327211711102,0.06408523496858715,0.08343193143157374,0.020327812272874946,0.1232647526971401,0.04196209001018825,0.027166027562464223,0.013722228682676973,-0.026732919537609867,-0.010542627273778027
hltv_2391137_105640_astralis_vs_spirit_m2_ancient,1,1773440463.0,-0.0418860669775751,0.19159519357928376,5,5,0.003403478006024585,0.08065400478869378,0.17871415388728035,0.20444664182118819,0.08486631535331096,0.10214165327470592,-0.047564492769506916,-0.051087203748574006,-0.029502999830825494,-0.031019336186477453,-0.01588877174510489,-0.0358322421604122
hltv_2391139_105666_natus_vincere_vs_fut_m2_ancient,0,1773505762.0,-0.021396638993547833,0.0502113498733407,5,5,-0.00204111440846122,0.008752425072948933,0.185704955849129,0.11846532007937755,0.06310562455789315,0.05611563865660818,0.07910834099185116,0.07380202157075721,-0.005043394123547373,-0.008456874163332684,-0.023864229607482745,-0.021698316441957632
hltv_2391138_105677_aurora_vs_astralis_m2_dust2,1,1773519034.0,-0.0032232098815686704,-0.01834913866819654,5,5,-0.002313562405299341,0.041736442178732625,0.15495960148871546,0.09792276559898067,0.08788943052372333,0.031140831693860227,0.039038466060482,0.010540391781389824,0.002194859992832421,-0.0024635788541076953,-0.0008369380099678692,0.006506100057134423
hltv_2391140_105700_fut_vs_astralis_m1_dust2,0,1773580659.0,-0.043741203255984455,0.047296714703065096,5,5,0.002115775945531473,-0.042313258102059326,-0.259180607105651,-0.18473958447671274,-0.10909448504504687,-0.07999086853702453,0.01543079816763343,-0.0026977055535256644,-0.003458163200303954,-0.009282215899565183,-0.004535140035966723,-0.015655158153325743
hltv_2391140_105700_fut_vs_astralis_m2_ancient,1,1773583754.0,-0.05570254461100648,0.060148846690498754,5,5,0.0006887100799853885,0.1143954021453153,0.19083774735229253,0.2823940294702552,0.08762682024093005,0.09461014580629001,0.015488209378702322,-0.0023958190511511046,-0.006542033122646729,-0.00848001771195439,-0.006039117103694092,-0.015347901831232302
hltv_2391141_105714_natus_vincere_vs_aurora_m2_anubis,1,1773599286.0,0.021004272770531997,-0.020677428427787678,5,5,-0.0026673135062269537,0.0369829047549195,0.19473307333138884,0.1947484994524275,0.10095647741307284,0.09414341399995352,-0.02489468045994153,-0.06401199699920018,0.01045178972285088,-0.0010072483856558567,0.02326060178376066,0.014141599496657664
hltv_2391141_105714_natus_vincere_vs_aurora_m4_dust2,0,1773607806.0,0.021962815449093277,-0.021844468430548377,5,5,0.01756509005416318,0.0518219919558624,-0.10741545445034512,-0.10242027243917273,-0.07261957360040222,-0.08449453372083687,-0.02525968584479843,-0.0628650334454221,0.009207735911085035,-0.004087017603734866,0.021960540254123362,0.012555772357560668
hltv_2390811_105805_falcons_vs_nrg_m1_ancient,0,1773834632.6977758,,0.030771658666753687,4,4,-0.019330633751174497,-0.012683001491158363,-0.1839155791701156,-0.2615853510600409,-0.1126282856701904,-0.13932293751208613,-0.003187133255869057,-0.04575567751582721,-0.02166227219596012,-0.06110322776464333,-0.018291334437908757,-0.03782326438810224
hltv_2390811_105805_falcons_vs_nrg_m2_dust2,0,1773834634.6058776,,0.030771658666753687,5,5,0.015102357255531884,0.007383137161050934,0.09459028176717704,0.19323268129014298,0.059860366113520413,0.10670361033037529,-0.011946595289135664,-0.03214095104084885,-0.05087924341338973,-0.07870953486204091,-0.03247649651297624,-0.03650419882669287
hltv_2390812_105813_natus_vincere_vs_b8_m2_ancient,0,1773848176.1897273,-0.008203491452827791,-0.037103750203377084,5,5,-0.00964338311210422,0.02174720841847355,-0.09202799278004115,-0.06632423740602883,-0.07005092437903626,-0.038189985830580475,0.033294823105884996,0.06802547448298207,-0.0021135456611320325,0.02001682290998913,-0.01330266475612607,-0.0005006255849254182
hltv_2390813_105823_faze_vs_aurora_m2_inferno,1,1773865598.9166288,0.01042762316225916,-0.09666611221546069,5,5,-0.010569506236681958,-0.0005166531930377305,-0.031104537943258015,-0.17330740088958585,-0.03075979136386403,-0.062349177525918675,-0.061472226488574644,-0.04343673534304299,0.0021305433143532504,0.022350805671105367,0.02718271442483,0.02038289330697024
hltv_2390813_105823_faze_vs_aurora_m1_nuke,0,1773865599.7629843,0.013902905168991434,-0.09485779345867708,5,5,-0.007628112592441005,-0.006871216123627566,0.0036902338088182773,0.154576679288271,0.01978729491132547,0.06768084508781863,-0.06047015056288951,-0.04017987918602772,0.0038564990576946956,0.021034404446800326,0.028752092072894864,0.02101025942105378
hltv_2390814_105829_furia_vs_tyloo_m2_overpass,1,1773878754.6023922,0.02243683863582538,,5,0,0.06707171013957247,-0.00407879409062839,0.1513009202096542,0.05216778773450864,0.12274036211376488,0.11236926731708469,,,,,,
hltv_2390814_105829_furia_vs_tyloo_m1_mirage,1,1773878758.5521114,0.030009753867991845,-0.14141165404982853,5,5,0.001154694383237842,-0.026876155897424536,0.24366760936363344,0.20126753698017774,0.15187306749106888,0.12857222155826248,0.08524825698887178,0.11781166121482617,-0.007055300224630412,0.006246350181671634,-0.021860183991344928,0.008769245279430737
hltv_2390815_105840_parivision_vs_ninjas_in_pyjamas_m1_ancient,0,1773924320.4809277,,-0.03917033658844864,0,5,-0.012131272328406717,0.026155608116351536,0.07998765384098094,0.15330416938251645,-0.0009278845890864917,0.04450470499651665,,,,,,
hltv_2390815_105840_parivision_vs_ninjas_in_pyjamas_m2_mirage,1,1773924322.966289,0.08701137698962969,-0.04154537598584078,5,5,-0.0045934870544386275,-0.011496542039310553,0.14760829761831973,0.15902164694744328,0.08393928640627857,0.07048892025573156,0.1277801553164417,0.18701045486488782,0.017140301163143024,0.039004970193293964,-0.002983745068868171,-0.0134802236835051
hltv_2390816_105847_spirit_vs_liquid_m1_mirage,0,1773935918.6571727,-0.16989903679539747,0.10386686340104295,1,4,0.013242820079569506,0.008419319721410634,-0.22286683749813552,-0.12158936169502246,-0.12557894508898937,-0.05903952095922671,0.013846062702764228,-0.01958870681730901,-0.03406795360567705,-0.0284772724040519,-0.026464630113788412,-0.0458000978079402
hltv_2390816_105847_spirit_vs_liquid_m2_ancient,0,1773935923.238122,-0.17275210577780392,0.11446785383725806,5,5,-4.841548882916769e-07,-0.012475730847349542,-0.224952485798398,-0.10651825048044938,-0.09130076096191803,-0.08989068406096051,-0.06541020305481104,-0.00798092520704241,-0.06911138122198202,-0.06251895727731194,-0.03458205116496538,-0.016371167812325726
hltv_2390817_105854_mouz_vs_the_mongolz_m1_nuke,0,1773943428.5580945,-0.021739986636405875,0.018083675433295327,5,4,-0.010165538709379751,-0.010931423424066777,0.04179262261288785,0.21111845188157202,0.028429454845586677,0.07395368791550483,0.031229847661979226,-0.02632247102307228,0.024885137959363035,0.02308126647023717,-0.00350752776971347,0.01175935816666418
hltv_2390817_105854_mouz_vs_the_mongolz_m2_inferno,0,1773945514.4427848,-0.03565220861898507,0.027838153623084432,5,5,-0.012943102174531984,-0.012459845543336012,-0.19049582450265135,-0.30404523179438214,-0.12185595885283707,-0.16580017827348303,0.01499656302038943,-0.02602954515843009,0.0274158887910097,0.03275226891404465,-0.008259014926924102,0.0018198410350295235
hltv_2390818_105860_vitality_vs_9z_m2_nuke,1,1773954563.1443198,0.2899088906138887,,5,0,0.0011152519386171678,0.08269498790098151,0.18677352844014206,0.0950696697405854,0.09221016277882826,0.04704564017045093,,,,,,
hltv_2391755_105877_nrg_vs_b8_m2_ancient,1,1774011320.08468,,-0.020733292789132846,5,5,0.009914033740106798,-0.03980300461975622,0.11661131067787839,0.09411696614695858,0.06969877660774998,0.0763545151461853,0.05848755634228764,0.001811025009719247,-0.015253429043371347,-0.013082025906699712,-0.026627908831479696,-0.012695886543982238
hltv_2391755_105877_nrg_vs_b8_m1_inferno,1,1774011325.8048995,0.1561607307552825,-0.03377431711860404,5,5,0.000281590630986317,0.11216327912105545,0.054910878816050945,0.08523627041721832,0.02446179089410283,-0.004324152723899133,0.046327833635274374,0.0036652945151943728,-0.013401377247774127,-0.0018164524872596455,-0.021715353150268624,-0.006224688472945772
hltv_2391756_105883_faze_vs_tyloo_m1_mirage,0,1774024624.8276017,-0.07859027459322154,-0.18356456503355162,5,5,-0.007114938535547566,-0.04808378867204033,-0.09199279745148159,-0.22222809397053347,-0.039805579806153346,-0.10171901347334245,0.1926014081423859,0.07033568891691538,0.03631156166986316,-0.0060494522971598075,-0.03066404418903057,-0.01965122937535596
hltv_2391756_105883_faze_vs_tyloo_m2_ancient,1,1774024628.0001047,-0.07859027459322154,-0.18356456503355162,5,5,-0.0019571985272051062,0.07738325168233373,0.19313330819390484,0.2517082289996838,0.08380450364856296,0.11477362081383341,0.143585264748328,0.018907591379318578,0.03792654475984775,-0.01385654642246642,-0.0298512341073619,-0.018636675712306205
hltv_2391757_105896_falcons_vs_natus_vincere_m1_mirage,1,1774037524.3369265,-0.01075279177626185,-0.01261612280916841,5,5,-0.018144365014834685,-0.014397746640972486,0.26009193887563287,0.23199729409752276,0.15642526736581552,0.14570378218111424,0.045725444936623116,-0.009050598210835759,0.016781141451578607,0.020565001175769704,0.006932628218816295,0.010485993355891066
hltv_2391757_105896_falcons_vs_natus_vincere_m2_inferno,0,1774037529.4397488,0.049784035379286204,-0.03033742356505007,5,5,0.0061979821987386274,-0.002909911859245995,-0.14978917516511736,-0.2729372593537933,-0.10176179371898242,-0.13420311085067232,0.0405694622599817,-0.00974351552865027,0.019136575053170235,0.02131788999358164,0.009116436228931046,0.012134809721345619
hltv_2391758_105904_aurora_vs_furia_m1_dust2,0,1774048488.2879002,0.03941749990735663,0.012610507591929733,5,5,-0.009317965635283088,-0.05766463139981226,-0.2107629858035855,-0.07375171256826912,-0.10370313203467052,-0.03725191075755557,-0.02484601740403969,0.008922168874295588,-0.0025430287511225558,-0.002820276285718959,-0.005146580269108192,-0.006172823700801078
hltv_2391758_105904_aurora_vs_furia_m2_inferno,0,1774048554.2193148,0.03153565585441245,0.0166571370637566,5,5,0.010220237996996118,0.008913411859680587,-0.11999710367666905,-0.22676733023629045,-0.09004333792807567,-0.11709167100629259,-0.022077010804254837,0.008491691091553621,-0.002443939245750315,-0.0031377028364910076,-0.00529690384131648,-0.0059671289293521945
hltv_2391759_105928_ninjas_vs_pyjamas_m2_mirage,0,1774102103.7151794,0.1406998821031351,-0.16310930637214985,5,5,-0.0029079578567962616,-0.043946105422737136,0.2985497136572581,0.2576912177393558,0.17096083432763837,0.11935296944818485,0.10271634509632693,0.18437430837111174,0.06737276301034084,0.0982993014839727,0.026820515787153554,0.04393276236078736
hltv_2391760_105941_mouz_vs_9z_m2_inferno,0,1774117710.7171476,-0.07772025783963547,-0.46430560813109784,5,5,0.005665501228668268,-0.003065750651968402,0.1219077709184106,0.01264846148014892,0.06648917543634042,0.028511480911850906,-0.05993711884316144,-0.009932225488991642,0.10607593772726742,0.10838291765361951,0.03188149464477713,0.055344995602790326
hltv_2391761_105949_parivision_vs_spirit_m1_anubis,1,1774121491.592704,-0.04804673348869279,0.11818699445807952,5,5,-0.0012687950910286183,0.005386351298597436,0.11046281236839084,0.09255887370905458,0.06515334783419657,0.05986324387672454,0.05895522157711525,0.03347885497306241,-0.012959744727869982,-0.01690225259068312,-0.031074097555214286,-0.013281417728641165
hltv_2391761_105949_parivision_vs_spirit_m2_ancient,1,1774125379.5151987,-0.03812695083707336,0.08509067397084127,5,5,-0.00044636807986520033,-0.0029585954280953453,-0.13300007736396063,-0.18613051058240046,-0.07468343902009034,-0.08255223199272982,0.04101133607913243,0.0207557386606389,-0.00019406737252408712,-0.0041106181806985775,-0.02401891797253286,-0.009502932766166317
hltv_2391762_105958_the_mongolz_vs_vitality_m1_mirage,1,1774132063.3917305,0.30028349932978476,0.057435921820083904,5,5,-0.01490981543712655,-0.10091684438237325,0.03939332025574671,-0.09619412287963008,0.029350224138785463,-0.015005211434742038,0.01154042469673533,-0.014812913904909908,0.03784433456486325,0.0392700980716309,0.016509791677922603,0.017365247437381215
hltv_2391762_105958_the_mongolz_vs_vitality_m2_overpass,1,1774134407.831258,0.30832468299768573,0.03471231658520601,5,5,0.06316787450997041,0.016372847894587816,0.042529753115838564,0.012399207924365607,0.08602921936316593,0.030298172780967247,0.01947169206986299,-0.022763797978074318,0.04986023802853162,0.04942678909060544,0.02038462358546439,0.02124884146882261
hltv_2391764_105977_tyloo_vs_falcons_m2_ancient,1,1774187678.2205353,0.015686596167699473,-0.18356456503355162,5,5,0.0014706363015469792,0.06223110007303567,0.1714663994713136,0.1582046086791568,0.07929516108471835,0.08508162952464343,0.1076183640937115,0.014596343410971824,0.04483545547733947,0.03617217314682036,-0.008207816419786629,0.006910786543872005
hltv_2391764_105977_tyloo_vs_falcons_m1_inferno,0,1774187719.161227,0.015686596167699473,-0.18356456503355162,5,5,-0.01718253868795494,-0.052691375095131665,0.07428853499604093,0.07597183922423684,0.058733716920081946,0.0623320132853436,0.06828560714594067,-0.004720196815782063,0.05578770125845095,0.04453453986022077,0.006725747224720913,0.021057802755019284
hltv_2391763_105981_nrg_vs_furia_m2_nuke,1,1774198840.5303545,0.02060600919443668,0.1325466559619831,5,5,0.01774494137761684,0.05594362527768543,0.20717063729999174,0.07507016745740819,0.07828471153051175,0.04796157044859145,-0.07102066446702004,-0.004900047672072583,0.010499457425904801,0.006823805882572864,0.02288798249418006,0.01705896259505857
hltv_2391763_105981_nrg_vs_furia_m1_mirage,0,1774198848.6203587,0.038682302430796275,-0.06453852113757118,5,5,-0.013347049927059706,-0.11834653948110957,0.04434841922898092,0.03903696881846258,0.04754673113922031,0.06361710246686364,-0.07266398021958387,-0.007400515415327602,0.024322737023644403,0.01821468958437822,0.026032562222088995,0.023226919758627118
hltv_2391765_105987_liquid_vs_the_mongolz_m1_ancient,0,1774208568.374808,-0.16310930637214985,0.006444705442641963,5,5,-0.01353298333168984,0.011750504982450005,-0.22232090939934618,-0.23697274872052526,-0.11492679642762532,-0.12703907294444433,-0.02701392250522483,0.02292380181297743,-0.05112566804473123,-0.04199734778377723,-0.010217833008767774,-0.03769120147042665
hltv_2391765_105987_liquid_vs_the_mongolz_m2_mirage,0,1774208619.1100097,-0.141597366567386,0.011968227963569065,5,5,-0.023448633825454146,-0.09826968384850221,-0.1074990222179737,-0.12737692569576375,-0.04129254027038348,-0.035180972230856755,-0.014983125831690924,0.023387242364936167,-0.046199609372025885,-0.03595210617075584,-0.011158994075015416,-0.03628884545545902
hltv_2391766_105994_9z_vs_spirit_m1_overpass,0,1774217357.6093626,-0.46430560813109784,0.0576406901936417,5,5,0.05265289017861147,0.021636137845235853,-0.1467709635100347,-0.17431472041430218,-0.04036091304307293,-0.04283096789125024,0.07785475589656354,-0.06901414446097259,-0.009717695914250368,-0.054584439852228106,-0.03931116537730339,-0.04839911608939845
hltv_2391766_105994_9z_vs_spirit_m2_dust2,0,1774217360.8041246,-0.43343896015057054,0.08532304297386187,5,5,-0.009245521971413928,0.009975302971059419,-0.09572229174346464,0.018139290785515905,-0.039610337712374044,-0.01984914742222632,0.0002270708689016132,-0.0995523157341468,-0.013039709359435103,-0.05360739967798328,-0.02331617611913117,-0.03155044767496484
hltv_2391767_106016_natus_vincere_vs_aurora_m1_anubis,0,1774270307.1024935,0.024650144635975656,-0.019509532344640416,5,5,0.01835808829074137,0.013283104100767829,-0.14895533268336641,-0.1127259674403418,-0.07788646643056846,-0.06886432953428717,-0.005641286334305717,-0.04932612589704605,0.011511984033364397,0.0007670756261276002,0.016462291964228104,0.014764617713142525
hltv_2391767_106016_natus_vincere_vs_aurora_m2_nuke,0,1774270406.915978,0.018805863955880155,-0.012903404835907841,5,5,-0.003055931407424217,-0.11472442045617753,-0.16406957560559404,-0.1433935132298987,-0.08155164054004338,-0.052389665977918665,-0.005406622017831708,-0.04696863564059944,0.009679256273131431,0.00016803132331277837,0.014846956209360662,0.013740673624343502
hltv_2391768_106031_falcons_vs_furia_m1_mirage,0,1774286044.2074878,0.03408401677973652,0.015686596167699473,5,5,-0.00270301462374245,-0.033678673174674156,0.21636580355004983,0.16473491322808792,0.13600875788727917,0.09831890699431345,-0.07539263631349458,-0.03916772648185762,-0.014201117426424603,-0.02561650779768837,0.005468805912406893,-0.0012661473825385516
hltv_2391769_106050_parivision_vs_vitality_m1_mirage,1,1774293453.272756,0.31293463822433665,-0.02944596605002226,5,5,-0.0029224214988400887,-0.02313820685902057,0.22755212927318477,0.18315389059451587,0.1390156627241132,0.10056151398799501,-0.029798865002969355,-0.06683938031789993,0.04044534211727829,0.045397814116317214,0.03170638459641989,0.027187736125299233
hltv_2391769_106050_parivision_vs_vitality_m2_inferno,1,1774296877.1324031,0.2997799698212903,-0.031998533840825884,5,5,-0.025016796988186374,-0.04717173948409864,-0.15353833759440705,-0.05873585107719481,-0.07105455054129067,-0.022065533211985067,-0.029706846558811062,-0.06270221687486494,0.038711608381688356,0.04221523982916031,0.03076590194536344,0.026210338015114965
hltv_2391770_106061_the_mongolz_vs_spirit_m1_nuke,0,1774303565.5468197,0.10422350587075116,0.016435262485912427,5,5,-0.014643119355008283,-0.0984619667658716,-0.15182839327154274,-0.11983248570065236,-0.0799465507987962,-0.03608962183998937,0.009455748930087216,0.008862407101102643,0.007279918351138892,0.00978667383354681,0.002173380218747134,0.0073621887610499925
hltv_2391770_106061_the_mongolz_vs_spirit_m2_overpass,0,1774306169.7147303,0.08672463863641061,0.020494991029654887,5,5,0.07487890586976897,0.12118396262292308,0.1259082731947644,0.16428965079172142,0.10489940000234077,-0.014627786616577931,0.009876945305219986,0.011512529843336727,0.004519231400276491,0.012844405618429255,8.587295853790256e-05,0.007394298017785905
hltv_2391771_106232_aurora_vs_the_mongolz_m1_inferno,1,1774624292.929129,0.013807972966334816,0.02419472858705697,5,5,0.00881963102226102,0.018683780735652966,0.09860186876448745,0.05532554869670231,0.060694081017543755,0.0619604454002784,0.019456171573042913,-0.014302819308782966,0.004055735832472429,0.0037864823567792527,-0.0010058493861364037,0.004155886220976124
hltv_2391772_106241_parivision_vs_falcons_m2_ancient,0,1774637946.1485746,0.025841231183887328,-0.037928698017498964,5,5,0.007491266693927079,-0.015980888262159487,0.03078529528956414,0.028314051657875594,0.01866219125807078,0.012684228125087238,0.011142474556671722,-0.021688131780815856,0.012853915980617359,0.018212503295359117,0.010098492058650654,-0.001227411552918889
hltv_2391773_106290_vitality_vs_aurora_m1_inferno,0,1774712304.7769606,0.01747218137073208,0.28857612704866176,5,5,-0.0004595751787930258,0.003467589712988106,-0.1084133413381757,-0.2593492025091735,-0.0896399760837076,-0.1294286918448314,-0.003304663745063552,-0.007595657695787239,-0.034793702122500214,-0.04404583890591801,-0.011615235354630993,-0.02200378698447153
hltv_2391773_106290_vitality_vs_aurora_m2_nuke,0,1774713263.975837,0.002995508979798371,0.2973253487235852,5,5,0.0019386044439018146,-0.08533996621738438,-0.09983606681111451,-0.10294744944921247,-0.04123592850220309,-0.05185270135219061,-0.003239079911167897,-0.006496085494192727,-0.03424866722229103,-0.045978034816003543,-0.011863337788720063,-0.023128562959198073
hltv_2391774_106313_natus_vincere_vs_parivision_m1_dust2,1,1774724438.7735646,-0.007380107297622534,-0.03556357483775674,5,5,-0.004973250702960397,-0.008281473062219435,0.04642008395227537,0.1479990515382687,0.021824995258149293,0.07281897272623133,-0.03044712562287699,-0.020020562094542615,-0.009533981806765623,-0.004291958752449421,0.004794233109644164,-0.00690577434558598
hltv_2391774_106313_natus_vincere_vs_parivision_m2_inferno,0,1774724447.0566127,0.0046838493124264375,-0.04348511193973878,5,5,-0.0164473098610719,0.0014332334724969642,0.1049275694346069,0.1834469362594192,0.06578268698494799,0.09263550124078879,-0.02920088872375537,-0.018205348615285277,-0.007853977428484205,-0.0013956287430530456,0.005161762690252092,-0.005865508871036151
hltv_2391775_106366_vitality_vs_natus_vincere_m2_anubis,1,1774790073.9480212,0.29769748575630256,0.000562587919198652,5,5,-0.01073654955449288,0.12418578313889395,0.012182608868523848,0.09326086280836021,0.006441287274137675,0.0022120047475928106,-0.0009347474312951798,-0.040720492960423016,0.03870349741383622,0.03751678506188688,0.025543427797101392,0.03137968951354969
hltv_2391775_106366_vitality_vs_natus_vincere_m3_dust2,1,1774792482.857188,0.28574371169755813,-0.002156335067346061,5,5,0.01873788575024038,0.07820642105220521,0.25458015634337,0.2547368468538387,0.11535241761323445,0.11131146901531147,-0.0005743440984213866,-0.03834413162597694,0.036176893891187334,0.03507701766749943,0.024077029385431548,0.029574322591563673
hltv_2393081_107105_vitality_vs_red_canids_m1_nuke,1,1776087816.0,0.2841677804783128,,5,0,0.00031020950688781523,-0.015461589315123536,0.18102626956466064,0.2293045605348625,0.1129393051417581,0.12922481019475174,,,,,,
hltv_2393082_107108_gentle_mates_vs_g2_m1_inferno,1,1776088509.0,,-0.014815085785140587,0,3,0.0055840383223352275,0.02851604534583768,0.023354583787175753,-0.06892629616977547,-0.002749067932819649,-0.038735957226618434,,,,,,
hltv_2393081_107105_vitality_vs_red_canids_m2_overpass,1,1776091444.0,0.2896458327900817,-0.4340384805522204,5,5,0.1002673688335527,0.08355163728834264,0.18457975840399438,0.16092308577282977,0.1395717816321692,0.07836070399162326,0.10417773126998192,0.0825677552372524,0.11749837072639702,0.16293098963203712,0.026593343080253906,0.05404114845212388
hltv_2393083_107110_spirit_vs_liquid_m2_dust2,0,1776100769.0,-0.13528219552287546,-0.00671594196543683,4,5,0.003764795461289938,-0.005902546123701502,0.1302994113449336,0.22483380252520677,0.08147817883063269,0.11009860565956825,-0.032187073523728627,0.0020617117071357605,-0.06333894251304234,-0.0554107157531144,-0.02246342337375873,-0.04559220631579042
hltv_2393084_107112_3dmax_vs_falcons_m1_inferno,1,1776100950.0,0.019742478729201183,-0.31321537445694575,5,5,5.5343524414608325e-05,-0.015093238342904713,-0.0790079382603534,0.021584345383560077,-0.04692112631535744,-0.02174295246735064,-0.044605628773232264,-0.00897775756264918,0.00033392577120000544,0.007747381898238814,0.01616150432031027,0.011688555512939847
hltv_2393084_107112_3dmax_vs_falcons_m2_ancient,1,1776103681.0,0.019742478729201183,-0.31321537445694575,5,5,-0.004848108002377005,0.1715061236165088,0.15704685479949593,0.15970752777626757,0.07432017279664349,0.06634251978279426,-0.0462816422812492,-0.009829624356084254,-0.0009085184432215954,0.011167575386303863,0.016739951934341635,0.011399780951332927
hltv_2393086_107114_b8_vs_natus_vincere_m1_ancient,1,1776105178.0,-0.01141091219700728,-0.038354497776225877,5,5,0.015571333504809826,0.025708638790665483,0.21531878058938883,0.4495219668642094,0.11688471598422479,0.13722164601113462,0.02258279808208541,0.05070261600381587,0.001854731607935034,0.020629245186450096,-0.006208569058216373,0.0048044523606254885
hltv_2393088_107115_legacy_vs_mouz_m1_dust2,1,1776107494.0,,-0.07772025783963547,0,5,-0.010820874866700025,0.05030881796750619,0.10497235378885311,0.018273637182736058,0.06152437363698243,0.030492391400749164,,,,,,
hltv_2393086_107114_b8_vs_natus_vincere_m2_inferno,0,1776108645.0,0.011690095007803053,-0.08672097478053208,5,5,0.00874317492217852,-0.0012021385618665725,-0.15263725827943098,-0.24715653468153065,-0.10466010207525839,-0.12833686311933157,0.026032918212858025,0.05982693489230084,0.014059158161079999,0.044884557621947596,0.0005526627179787136,0.014535435416893727
hltv_2393088_107115_legacy_vs_mouz_m2_inferno,0,1776111441.0,,-0.07772025783963547,5,5,-0.003266771253228329,-0.059005170189964484,0.17753081262657067,0.24416570215485345,0.09889878927746537,0.13063721046764226,0.018429522245994145,-0.019218818133355298,0.0343440332982522,0.009698222826962588,0.005009248371168673,-0.02756314294989537
hltv_2393085_107116_furia_vs_passion_ua_m1_inferno,1,1776115136.0,0.028688140653388157,,5,0,-0.01403770221669598,-0.016991386801622155,0.09244634576141803,0.180914942321948,0.05781392855780065,0.07829480798525007,,,,,,
hltv_2393087_107117_aurora_vs_hotu_m1_mirage,1,1776117480.0,-0.006773127005845822,,5,0,-0.006106388730318435,-0.035616877742223885,0.31914467689238046,0.36831818749847633,0.18901690843407387,0.16076367547399,,,,,,
hltv_2393085_107116_furia_vs_passion_ua_m2_mirage,1,1776118984.0,0.04750823510001902,-0.7556675375412792,5,5,0.01202391058679253,-0.009789118631934879,0.07105333561120736,0.024169015508647806,0.025087987375705723,0.032814563028930266,-0.08805609494981098,0.08675245291458378,0.025575466843557437,0.11529955855938345,0.07041238056808652,0.06944978151632886
hltv_2393087_107117_aurora_vs_hotu_m2_dust2,1,1776122568.0,0.008964438423367327,-0.6375773294051346,5,5,0.002747005809015657,0.008286112867556872,0.21157867457617607,0.12442779852784513,0.10947299047877651,0.07892246821546145,0.21998178095312254,0.03412549680752286,0.10477569392326364,0.07682504308056282,0.03289751090887805,0.014025150149697185
hltv_2393225_107127_red_canids_vs_gentle_mates_m1_mirage,0,1776174479.0,,-0.41871033485818493,5,5,-0.01895802679152364,-0.04023795412229669,0.015308261121512345,-0.03406484149788469,0.0073046868320371106,-0.021587435192617743,0.09803082660851692,0.04005405198357975,0.0802346904600309,0.07983858612737416,0.00864178044695263,0.05078879720024071
hltv_2393225_107127_red_canids_vs_gentle_mates_m2_ancient,1,1776177725.0,,-0.41871033485818493,5,5,-0.006230552674634793,0.0662915115463596,-0.05047574899862828,-0.00769838589457128,-0.030187891532696465,-0.022087805081492218,0.046785288786572954,0.057861000651767525,0.05524083784640682,0.07397149683908993,0.012618919305593113,0.03870130032675129
hltv_2393227_107132_liquid_vs_3dmax_m2_ancient,0,1776190010.0,-0.13528219552287546,-0.31321537445694575,5,5,0.007353644203896392,0.029313278824805,0.017954460819094853,0.19550448640885967,0.013822346454778367,0.05711557093566971,-0.09689524921811687,-0.012020594360639292,-0.053187795297571505,-0.03500289222055736,0.0005519376255946895,-0.013807672154877215
hltv_2393226_107133_spirit_vs_falcons_m2_mirage,1,1776190292.0,0.019742478729201183,-0.00671594196543683,5,5,0.018172694054966854,0.03820169754353275,-0.07527830008670655,-0.015831004441265173,-0.04476637918746873,-0.01635708677882658,0.06147718318724582,0.02797569243057252,0.00809135835955821,0.013570858956066467,-0.014665141747642885,-0.01092957824607127
hltv_2393228_107138_natus_vincere_vs_furia_m1_mirage,0,1776193253.0,0.05552490497785013,-0.006443640634704135,5,5,-0.0139296334091783,-0.08653240368481763,-0.050684568830058285,-0.21864094809867768,-0.029823272253800492,-0.08433220243425749,-0.043585858090289586,-0.033725928682764306,0.005251983248150516,-0.006674858419262186,0.014940445518417111,0.007863505565254336
hltv_2393229_107137_b8_vs_passion_ua_m1_overpass,0,1776193602.0,-0.4714230758999618,-0.04421772947748641,5,5,0.06502197839538132,0.11243403524616824,0.11063267512393787,0.10276519926447919,0.09761516605354503,0.03180205262566704,0.011453438113801395,0.03631413764608793,-0.037171087894636134,-0.05750664145675266,-0.026349192994190085,-0.03548932910142483
hltv_2393229_107137_b8_vs_passion_ua_m2_mirage,0,1776196352.0,-0.34008234884531274,-0.030231458779663753,5,5,-0.002362261493012441,-0.011431168504643985,-0.15910348284446157,-0.14636505912410147,-0.0652514864589801,-0.06729995056313304,-0.013110887984130015,-7.873142056841198e-05,-0.014199621606755808,-0.034429443252067815,-0.012296420750044335,-0.02206972235826904
hltv_2393228_107138_natus_vincere_vs_furia_m2_dust2,1,1776196490.0,0.03831484139570736,0.008218562092485471,5,5,3.2057542740382416e-06,0.1460097061830481,0.20101175759953321,0.22621319243166688,0.10028980638982338,0.08168513681710426,-0.042578186810942165,-0.033948532423765054,0.00109045779084338,-0.014218383149810943,0.012323325287749931,0.0042161182172985034
hltv_2393231_107139_legacy_vs_hotu_m1_dust2,0,1776201260.0,,-0.3065862270909336,5,5,-0.001881984866104136,-0.08106356438601492,-0.0598872587289625,-0.052299697867326134,-0.008679107741251968,0.01607942153238645,0.030871926935916005,-0.12427381516273545,0.08816878834087932,0.03271197329764952,0.022656191926579083,0.001778289833665736
hltv_2393230_107140_mouz_vs_aurora_m1_dust2,0,1776204765.0,0.014848416785307073,-0.07772025783963547,5,5,0.0009587900881906641,-0.0050070344521780386,0.04606043907555235,-0.04184454778181679,0.031121682037175802,0.0026626617731848046,-0.017379957832789672,0.0058240879983048055,-0.009800317453255547,-0.012282885022752599,0.019120103142515055,0.005662092125561735
hltv_2393230_107140_mouz_vs_aurora_m2_mirage,0,1776208451.0,0.0026373641660854498,-0.043722811013831575,5,5,-0.01944696258465123,-0.03834266323864821,0.09684716277951771,0.025230168248597862,0.06232239783686078,0.016887699832632108,-0.01753390470140792,0.003317939512337831,-0.011622428818785668,-0.01660164690191923,0.017577239423151814,0.0037134473421751024
hltv_2393233_107147_g2_vs_3dmax_m1_inferno,0,1776260853.0,-0.31321537445694575,-0.014815085785140587,5,5,0.008470517038591918,0.04849016649981741,-0.029895606119361484,-0.07764458360652055,-0.025028463778219268,-0.03984463228227547,0.0947909365284002,0.05742274630168537,0.01900411328062135,0.004497909498813402,-0.006149887739753446,-0.031312796276930344
hltv_2393232_107149_red_canids_vs_spirit_m1_mirage,0,1776261256.0,0.07200270821825942,-0.41871033485818493,5,5,-0.0018412303546911923,-0.023966486051884783,0.049336853723163765,0.07435654972689681,0.04048181552810487,0.018919483908245882,0.04203974177094971,0.020823052597561897,0.05547098870006684,0.06611735462631863,0.01813427976239801,0.02368351166443322
hltv_2393233_107147_g2_vs_3dmax_m2_dust2,0,1776263595.0,-0.31321537445694575,-0.014815085785140587,5,5,0.0020689103348565663,-0.026482596638931932,-0.24394107505742696,-0.17554807236977477,-0.12376755326825345,-0.09660382315168531,0.06580390675060377,0.03461570359506949,-0.004334450333563722,-0.009871161183078181,-0.009646254584298741,-0.029847754577715824
hltv_2393232_107149_red_canids_vs_spirit_m2_ancient,1,1776264735.0,0.06313919623549077,-0.23995066963059103,5,5,-0.0046651820879147765,0.25182427030179755,0.1577770798600694,0.34550520315532884,0.06639922317751007,0.08551702404771669,0.0310219557257006,-0.0031339643135778195,0.04347133177473078,0.0480997423733901,0.012505281813052271,0.015276963782601904
hltv_2393235_107152_natus_vincere_vs_hotu_m1_dust2,1,1776269750.0,-0.002354604337210793,-0.3065862270909336,5,5,0.0035109581282544156,-0.005173176591405981,0.03504995452177234,0.17435344857125945,0.03490689015887133,0.08910237515314318,0.02052131350423636,-0.0008590604733472729,0.023378912780209204,0.007860721311075292,0.019237698074846266,0.010118527060909932
hltv_2393234_107153_b8_vs_aurora_m1_mirage,1,1776271386.0,-0.0004276245521652586,0.002768806568133019,5,5,-0.0008406704733186499,0.005218838788408009,0.20882151210719554,0.27639592733573004,0.13448042997556575,0.12281359612754239,0.015050991583085649,0.02101408481351874,0.0013428919453883914,0.00960138691903073,0.0021806551964856924,0.009644893591262027
hltv_2393235_107152_natus_vincere_vs_hotu_m2_ancient,1,1776273459.0,0.013257337026195604,-0.3768098523477883,5,5,-0.0020989074519977002,0.14949860625737227,0.19552670735019217,0.18025048058430287,0.09807745414503982,0.042666639936463024,0.0003297914308360017,0.006068328586937344,0.026502749886937627,0.028333076626748555,0.026297437342923613,0.01838957533280189
hltv_2393234_107153_b8_vs_aurora_m2_overpass,1,1776274825.0,0.009132483563272474,-0.017331456351639976,5,5,0.06765873653262766,0.05570036006874163,0.10101045899434785,0.12352928509954214,0.10369185391537994,0.055967782725546256,0.01565037460761809,0.014114880992176781,0.005250996361310156,0.012669749338639513,0.0038357132576450903,0.010800228106756182
hltv_2393237_107157_g2_vs_spirit_m1_mirage,0,1776278640.0,-0.014815085785140587,0.07384411990944702,5,5,0.0026344836435303054,0.02435224281394538,-0.3612294951953552,-0.24922043083565895,-0.21245042494309163,-0.1632546060231735,0.062182107311528845,0.00898053575750346,0.03462484219757994,0.024522400594512883,-0.015663937980267384,0.011670886563428184
hltv_2393236_107158_vitality_vs_falcons_m1_mirage,0,1776278871.0,0.2941989879875095,0.019742478729201183,5,5,-0.0018314598173947427,-0.02121941332723931,-0.017408773492615548,-0.00691838294973679,0.007284882116587288,-0.01741766518439264,-0.038825396013200675,-0.046462490117532895,0.017489752160764593,0.018041239668901587,0.018241678337170997,0.024903893258053977
hltv_2393236_107158_vitality_vs_falcons_m2_dust2,1,1776282305.0,0.27818470288142716,0.024424552007074794,5,5,0.002243542602664461,0.05479329761808338,0.1616755789504773,0.07410215975855994,0.08425325814428769,0.03017472240424568,-0.03673992904002288,-0.04479396318876916,0.0169144237518028,0.01749073271695467,0.017596847655621584,0.024127123611449364
hltv_2393237_107157_g2_vs_spirit_m2_dust2,0,1776282903.0,-0.05673531250086762,0.08474670129475549,5,5,-0.009345669431805148,-0.007980876159022599,0.09783448137673156,0.17738874593839682,0.058304991357462144,0.07978586515120067,0.03992693812679027,0.006344430869034301,0.019098869440512867,0.014118403083683895,-0.016406330995887064,0.008831329143310473
hltv_2393239_107160_natus_vincere_vs_aurora_m1_inferno,0,1776287569.0,0.02143661458783473,0.019837547155107,5,5,0.006622661545898412,0.0021503587903201615,-0.09750073181682561,-0.1704309425904343,-0.07468733055320176,-0.08342931320162844,-0.029603429481528498,-0.050289803284553514,0.002203247495708216,-0.0159782569506442,0.015952275529083737,0.012295707448499005
hltv_2393238_107159_furia_vs_mouz_m1_mirage,1,1776290898.0,0.04846651137136692,-0.033693845786472644,5,5,-0.006987399096449964,-0.010357543144850156,-0.0038074889729534656,0.058820316462266264,0.010236683216756581,-0.010111480193769506,-0.03894223381641515,0.015940304630454982,-0.01025640004864048,-0.013456328036443865,0.015537659077275834,-0.0018688121721001094
hltv_2393239_107160_natus_vincere_vs_aurora_m2_mirage,1,1776291612.0,0.01066150276474167,0.03049409566808427,5,5,-0.015975040174002086,-0.09668168655770387,0.061225145308372475,-0.08216836293314261,0.04111024925639428,-0.02324818981068949,-0.028818157419917223,-0.04889662372323339,-0.0006937409095026936,-0.019742698875198417,0.013790620268354925,0.009960523189015191
hltv_2393238_107159_furia_vs_mouz_m2_dust2,1,1776294969.0,0.05917709442254633,-0.0553270639565963,5,5,0.008354187788551015,0.03431371928260518,-0.08651425266658413,-0.13993460810903435,-0.0415271437743569,-0.07925662312970372,-0.036982240015036805,0.015746064611375232,-0.0054566491822528596,-0.006334734520709928,0.017429452458844197,0.0006686180716980461
hltv_2393240_107175_spirit_vs_mouz_m1_dust2,0,1776440508.0,-0.06371581438610774,0.09215489208398564,5,5,-0.006960516872405065,-0.010289129782194095,-0.21901500141790547,-0.1452874485252541,-0.10378936706768394,-0.08073390779243494,0.016686822281731906,-0.04627832212552868,0.005224862790494,-0.002536108752094368,-0.020893503431267058,-0.008796231553138023
hltv_2393240_107175_spirit_vs_mouz_m2_mirage,0,1776444425.0,-0.08143024778792382,0.10647543175643355,5,5,0.0005678244701556312,-0.0028162035272361052,-0.249375429641381,-0.26681315247026127,-0.1496050107677554,-0.13576558415445644,0.011825150613105517,-0.047656881943493046,0.00043177280381734295,-0.004527046358982267,-0.021151410134183146,-0.008950368411424547
hltv_2393241_107177_vitality_vs_natus_vincere_m2_dust2,1,1776455938.0,0.28356749155588434,0.029047685440230817,5,5,0.0035837114114367075,-0.03756232674641674,0.1718475743095768,0.18975044498542631,0.10683883811769146,0.10225387459153684,-0.015636960460781002,-0.036777396315035904,0.030294472028150055,0.027627634337617057,0.02483633318369116,0.02916576122301434
hltv_2393242_107195_falcons_vs_spirit_m2_mirage,0,1776530401.0,-0.011257154524634447,0.11778303565638346,5,5,0.0011056812054167642,0.0209001292404859,-0.286164560724958,-0.26995434787813877,-0.16791974443715035,-0.15923630910108588,0.03770161624425883,-0.00529542987356546,0.00597362812021951,0.007589358187652717,-0.010731899278459689,-0.00869498063392421
hltv_2393243_107197_furia_vs_vitality_m2_ancient,0,1776543780.0,0.06348284991213626,0.28691537763541575,5,5,-0.00678288097154689,0.06423898681254775,-0.006971711194986185,-0.029749654699760486,-0.012594414726899483,-0.04159229668423042,-0.028319002892682854,0.01118503471893939,-0.030161313882811625,-0.03986366331471164,-0.011768155297003535,-0.02392370033576502
hltv_2393244_107215_falcons_vs_furia_m2_mirage,0,1776612921.0,0.05514484808967942,-0.04330694275490054,5,5,-0.006294710948480775,-0.022081195183581648,-0.153746419829224,-0.11039227410096819,-0.06319271781356417,-0.083407247764544,-0.05366747573121167,-0.027297002831038364,-0.0031222755172031214,-0.010423424712593943,0.0070654585948500825,0.0020989187089163752
hltv_2393245_107224_spirit_vs_vitality_m2_nuke,1,1776625959.0,0.28208806404691905,0.13269956116105774,5,5,0.0021689373014773805,0.025611916921407907,0.05196366253292761,-0.008148299738640563,0.016576550139161872,-0.0076197314157279705,0.01142751971474032,-0.0432244312070475,0.025590971464557355,0.029425244821961127,0.003680592728818044,0.01287125423363833
hltv_2393245_107224_spirit_vs_vitality_m3_dust2,1,1776629463.0,0.2804648897768156,0.11330391781186248,5,5,-0.005914503272309635,-0.06377515172024201,0.14284650307917063,0.20067228717139596,0.09190883567422153,0.13146998473839128,0.010994342362128373,-0.04003743863965514,0.02769658100096767,0.03380549536466482,0.005283427125031714,0.014495086208719143
hltv_2393319_107557_vitality_vs_fut_m1_mirage,1,1777485285.4497106,0.2857571440421965,0.022258470600942697,5,4,-0.01267101472183535,-0.026241211838664125,0.21245540093776832,0.1543515869218017,0.13486570251918112,0.10318195167861649,0.08089030059337787,0.025745144922264596,0.038726207593641204,0.04193481814782901,0.003909652251752049,0.00990588908317469
hltv_2393319_107557_vitality_vs_fut_m2_dust2,0,1777485291.014796,0.28728199243044117,-0.0009905894816961793,5,5,0.006232036763077153,0.02114192918248453,0.09484965930473366,0.020337371902455825,0.035242896755734054,0.008666225482386491,0.09098315502372734,0.022123499690711534,0.06313860181153214,0.05727691258217554,0.01528525050975027,0.021025579812923856
hltv_2393320_107565_astralis_vs_g2_m1_dust2,0,1777492663.582881,-0.035840664170050975,-0.05645237719757785,5,4,-0.015933801934701508,-0.047749266641749055,-0.1931658842896033,-0.1824474474770552,-0.08673621301006851,-0.08424981120319958,-0.08946459717014077,-0.06133057926281171,-0.015173366589949833,-0.004233798385523568,0.01895092126235609,-0.0031975936939362404
hltv_2393320_107565_astralis_vs_g2_m2_overpass,0,1777493193.2065675,-0.05106871827401922,-0.014365769802033752,5,5,0.05484610336835649,0.022197507801431565,-0.1666959198684672,-0.17193214349074987,-0.05004968654739289,-0.05908345311411589,-0.10217095425260786,-0.059772619501009816,-0.03304053762572984,-0.02442504792247241,0.010894463907664687,-0.011817147447540755
hltv_2393321_107569_natus_vincere_vs_faze_m2_ancient,1,1777500888.550227,0.019040477998371327,-0.019950786419348682,5,4,-0.009893141440476927,0.0010905289672660246,0.06511363932598768,0.01582632468596884,0.0031793243888010303,0.004708609968437638,-0.013624300176286908,0.005159742598412065,0.00665726039761716,0.02871182842867137,-0.0007678601362435811,0.0012465389774851676
hltv_2393322_107576_furia_vs_gamerlegion_m2_nuke,0,1777511639.907334,0.05346484790105841,,5,0,0.007659028606602725,0.01920172920265739,-0.16115864760368598,-0.2719393819869752,-0.09634705872316623,-0.12095664317456939,,,,,,
hltv_2393333_107598_fut_vs_astralis_m1_mirage,1,1777567411.3194945,-0.05902441934417654,-0.005514719858510855,5,5,0.00487253488206435,0.023100258368471738,0.22278499848933855,0.28851806717383127,0.13733839623508692,0.13950519607166745,-0.00434241738697938,-0.03261750843162603,0.016331814530421318,0.003758297855037729,0.008983276616037372,-0.005398742862710193
hltv_2393333_107598_fut_vs_astralis_m2_nuke,1,1777567668.149306,-0.036634133179780384,-0.0313341561704355,5,5,0.01281565958043579,0.009057314320683296,-0.19962328418413644,-0.3009136155115927,-0.1275075488771294,-0.14668675140184573,0.003213131809374381,-0.02646670731205719,0.025165040539504357,0.01885792465885683,0.013433088393545956,-0.000651250418074345
hltv_2393334_107607_vitality_vs_g2_m1_mirage,1,1777578248.3873327,0.279447337292552,0.008596041469798038,5,5,-0.012845369275727492,-0.022082412005009378,0.2512332304619501,0.3784541366613636,0.15640399478400885,0.13460545466448293,0.008086221887492862,0.0135847256099777,0.012028425004008747,0.02817223187791673,0.014833933326051318,0.0142396375583968
hltv_2393334_107607_vitality_vs_g2_m2_overpass,0,1777578252.6353378,0.27041900502800026,0.0,5,5,0.052179133942567124,0.0003332346667289099,-0.07400059168092948,-0.2780284096618042,-0.016678596658600275,-0.08096598584956627,0.024671847158159066,0.016618549318993647,0.018044138143081367,0.03586260517087719,0.012656293052394407,0.014641685868406251
hltv_2393335_107611_faze_vs_furia_m2_mirage,1,1777590075.6150174,0.04085748634826555,-0.04807613343577499,5,5,0.00938728597780858,0.0349443117231949,0.07693169882635836,0.14081075666381881,0.03927320098169995,0.066453409007379,-0.058578755198159804,0.004881440212739285,0.012996319193611605,0.02571832948817293,0.014977908365390924,0.02062695191217495
hltv_2393335_107611_faze_vs_furia_m1_dust2,0,1777590083.2486668,0.049058462642772166,-0.08299691957096791,5,5,-0.022118637828002274,-0.15887533286379174,-0.2045609415732187,-0.2036029772487416,-0.08987367683388325,-0.03953715173883515,-0.04040283504295983,-0.014667333265575289,0.022091843518203147,0.024761809884408625,0.01690002205741148,0.014386108796862473
hltv_2393336_107614_natus_vincere_vs_gamerlegion_m2_ancient,0,1777596785.0891893,0.4643056081310978,0.02434356567880155,5,5,0.006216513647809174,-0.09154403055445504,-0.03723141870247143,-0.06735891683248707,0.006384373182319436,-0.007974721273928065,-0.07470284472246558,-0.12083406874769231,-0.009898940526856859,0.03459782391181804,0.037043828232430576,0.0318862259709074
hltv_2393336_107614_natus_vincere_vs_gamerlegion_m1_mirage,0,1777596795.3568108,0.026202372394024117,0.03262619069282782,5,5,0.0027858515500353564,0.036227942790839185,-0.2640734511158729,-0.23082444211822745,-0.15567461674754485,-0.10957883968727639,-0.023590095051882254,-0.05849707651915981,-0.039945505139462045,-0.02325230506434861,0.0006656487946316569,-0.01858238751827268
hltv_2393346_107656_g2_vs_faze_m1_dust2,0,1777673003.7119548,0.00917437627604123,-0.058496206681608494,5,5,-0.004834912621809129,-0.016348815064341216,0.010000094877230525,0.12928011764179045,0.021301396899561176,0.06639969219959074,-0.05981887638603717,-0.056531176254083715,0.02641370963331746,0.02682789207530184,0.017684271345286995,0.01817636371593978
hltv_2393346_107656_g2_vs_faze_m2_ancient,1,1777673006.8262465,0.00917437627604123,-0.058496206681608494,5,5,0.002991278354177118,0.09415540591306171,0.1751012360205395,0.25538274330473665,0.057164695494867745,0.07454075541213773,-0.053149074449040934,-0.04890192460968912,0.019629183604705003,0.02286177204958162,0.01568845492184401,0.015024499425489724
hltv_2393347_107661_gamerlegion_vs_astralis_m2_inferno,1,1777688072.2966545,-0.07219629120448914,-0.03482466499434853,5,5,0.014589568514181916,0.00610393332957937,-0.07893956598084245,-0.24704277942810657,-0.06197478836532222,-0.12063078063613619,0.03452385364899091,0.04099044020060966,-0.03579918371657176,-0.0041579440369718945,-0.013143898864365955,-0.02076584517739971
hltv_2393347_107661_gamerlegion_vs_astralis_m1_overpass,1,1777688075.3793824,-0.05043085362689197,-0.03208831455150051,5,5,-0.05332909776863137,-0.10974922348646449,-0.06322390402859851,-0.09962080611915441,-0.021144018640495255,-0.0671659131184244,0.05519845150189995,0.02771394727860177,-0.017799817911657356,-0.012683589841806342,-0.016254890241420128,-0.013108906355500383
hltv_2393348_107692_natus_vincere_vs_faze_m1_dust2,1,1777748321.7190793,0.037965110225996426,-0.058496206681608494,5,5,-0.0003409699596018667,-0.032225424866220376,-0.1341161834022085,0.028632496966205345,-0.06458503827742973,-0.02766366624952621,-0.020171903430035054,0.005004883158329421,0.010270324225026106,0.02966736900451189,0.007227151871397719,0.010549676246928819
hltv_2393348_107692_natus_vincere_vs_faze_m2_ancient,1,1777749841.5959053,0.04565335401198946,-0.08929004562521739,5,5,0.006327264084719619,0.14688668501266966,0.22804071843236184,0.3077428452901735,0.09424706173280989,0.08067836067901235,-0.024301284889537422,0.0028542495549240265,0.012859950788522145,0.036278136922928084,0.00967759271489299,0.013953060869617506
hltv_2393349_107699_vitality_vs_gamerlegion_m1_mirage,1,1777755675.6202633,0.2585561176947171,-0.013568729206068903,5,5,-0.007719693742869738,0.003616202955082859,0.3148548468597211,0.27077788498513544,0.1712111038150772,0.1359895262480405,0.015806261640775365,0.02469349091693257,0.04079035405029474,0.048211448404943846,0.014147111820579095,0.02904028267481673
hltv_2393349_107699_vitality_vs_gamerlegion_m2_overpass,1,1777759469.8298001,0.2730199131232152,-0.1257693872890334,5,5,0.0745633091032899,0.06309020140891203,0.054115811198323094,-0.012261023748242783,0.04472419209594847,-0.009110899231434766,0.041280442604690215,0.03023153045647098,0.06851433416921326,0.07317754627362671,0.025025056595869788,0.04103695157763265
hltv_2393350_107729_natus_vincere_vs_vitality_m2_anubis,1,1777840763.9624796,0.2620223256712033,0.04818502042933115,5,5,-0.006623116849664212,0.004098553723360543,0.1646555173137123,0.03728930194056229,0.09159837202249294,0.03250945630059493,-0.03770757126484414,-0.045935102492272895,0.025890227775071273,0.022480598847458788,0.025456224955118678,0.029923631076013035
hltv_2393350_107729_natus_vincere_vs_vitality_m1_nuke,1,1777840769.3821812,0.25369187222322914,0.046792161506758884,5,5,0.0041997761750878215,0.02627242972851704,-0.09686185709691658,-0.29550778888571533,-0.08236229958494895,-0.09558473705093057,-0.03680270396271679,-0.044744983033836006,0.024924394063963906,0.021076646120826048,0.02466247041137587,0.028731712112501473
hltv_2393350_107729_natus_vincere_vs_vitality_m3_dust2,1,1777841195.7781343,0.251451932578132,0.038907650616483276,5,5,-0.008123628540289918,0.05565734934741717,0.2285895380013767,0.14343494390949124,0.1139866326298617,0.09175656992453257,-0.036034383118981106,-0.04390501108469608,0.0246592119312663,0.02151610730747333,0.024251720853271652,0.0284634090146636
hltv_2394117_107827_g2_vs_fisher_college_m1_ancient,1,1778308729.5012302,0.00917437627604123,,5,0,0.013061867518081582,0.01049477040348551,0.17132678936816448,0.205389783051796,0.10234486509951218,0.10075646782500836,,,,,,
hltv_2394116_107828_aurora_vs_heroic_m1_nuke,0,1778309422.9057877,0.010707559281229734,-0.24362208265775043,5,5,-0.013260954588914964,-0.06283647007167198,0.06329303500719258,0.07650813056483746,0.04856563783468232,0.0502279181853712,-0.030986094721709323,-0.01226971831721646,0.0076647652661486765,0.01689911041622688,0.024312944986649043,0.009908268754570126
hltv_2394116_107828_aurora_vs_heroic_m2_dust2,0,1778316067.8465233,0.00708033514971037,-0.05205636195605315,5,5,-0.011641745735565756,-0.01232998053919604,-0.0076849344255485175,-0.14763591152104755,-0.018439903330830343,-0.08557118533789565,-0.022766937175004553,-0.013088484007770962,0.012362141587344055,0.018077648182950656,0.018740141637610452,0.0024878978434109134
hltv_2394119_107829_the_mongolz_vs_magic_m2_inferno,0,1778319204.47665,,0.018899951130484007,0,5,-0.0022925199246883743,-0.08685490715327265,-0.10274368266121253,-0.09637800191464191,-0.06026852997485044,-0.03198374041582136,,,,,,
hltv_2394118_107831_mouz_vs_gentle_mates_m2_mirage,1,1778321041.9480617,,-0.04486240405726006,4,3,-0.011419381637817583,0.0026596257888699126,0.2084422441534922,0.2744720706931586,0.13447288267774898,0.13347406553775332,-0.029623931805163095,0.05894301365942001,0.0017170443712818395,0.013932788494383841,0.016508598856200596,0.02205722299245305
hltv_2394118_107831_mouz_vs_gentle_mates_m3_ancient,0,1778321042.8814428,,-0.04486240405726006,5,5,-0.00842638610937163,0.07487602003300253,-0.12485341746829487,-0.05979238521054858,-0.07961671389629132,-0.08180621137168176,-0.017241486643472304,0.06018785190590642,0.060500187110929915,0.09156848445315147,0.04825895907081862,0.04949534784715931
hltv_2394118_107831_mouz_vs_gentle_mates_m1_nuke,0,1778321061.6980264,,-0.04486240405726006,5,5,0.0032731031538490996,0.026005227801533803,-0.16577058966400327,-0.23011019354629544,-0.10449812092862126,-0.12946486731894247,-0.02030028879544865,0.03733089003693346,0.018827386439709992,0.03946452888812346,0.01754394531666914,0.008100572788815819
hltv_2394121_107832_spirit_vs_the_huns_m2_ancient,1,1778325974.5639827,0.09128699606686123,,5,0,0.012564919050903789,-0.031076990593385312,0.1935565061402008,0.1974331298191575,0.10456327260433318,0.11292471008040372,,,,,,
hltv_2394122_107840_furia_vs_monte_m1_nuke,1,1778333372.764824,0.043790556948536986,,5,0,-0.007074938326089186,-0.01217919187633218,0.13289890558028544,0.3905338625082009,0.09071891189682774,0.16212024869339148,,,,,,
hltv_2394123_107837_parivision_vs_9z_m2_ancient,0,1778333385.9600618,-0.03897469772335863,-0.40316361111988513,5,5,-0.01758189916677788,-0.005485247767275436,-0.16565358259067986,-0.1733289922223289,-0.0947462670703979,-0.11180827083448136,0.03417012492787008,0.09604431647867717,0.02859935011699094,0.04809265118341205,0.010898906823479548,0.020537965721988016
hltv_2394123_107837_parivision_vs_9z_m1_inferno,0,1778333386.9488637,-0.04741048764386735,-0.20148205453303036,5,5,0.008590391263016028,-0.020717586829653134,-0.13447083844179236,-0.2704134618702457,-0.08998515187916684,-0.13177251267090467,0.022503677205167327,0.07915211300830882,0.019968655062522656,0.036299486527407054,0.005604728366152667,0.01661646542140094
hltv_2394122_107840_furia_vs_monte_m2_overpass,1,1778335045.5396876,0.06192550684703829,-0.9852836033611064,5,5,0.07823366281026894,0.10102262215969399,0.1829255513248042,0.14021946945194552,0.13569281121969679,0.06168229351855814,0.01719715232316371,0.13237594833656519,0.08282091441484007,0.11945608329332918,0.007826949474960987,0.04133091412712908
hltv_2394125_107854_k27_vs_gentle_mates_m1_nuke,1,1778401385.3002915,,,5,0,0.023459217349608208,0.0452215373840642,0.1727321739751564,0.12228315449179669,0.0752907319376403,0.06167019653572575,,,,,,
hltv_2394124_107855_mouz_vs_g2_m3_inferno,0,1778401623.8631837,0.00917437627604123,-0.04486240405726006,5,5,-0.00010195855240519025,-0.005409691319912868,-0.18195358234988673,-0.2664090294414839,-0.1232729252323666,-0.12969407147641515,-0.02604367309514405,-0.028432635009000284,0.0319554154619901,0.029841463647839628,0.01335294127955522,0.016898659761773738
hltv_2394124_107855_mouz_vs_g2_m2_mirage,0,1778401627.3150935,0.00917437627604123,-0.04486240405726006,5,5,-0.003761758049255548,-0.042522248240774385,0.29965529711828787,0.22467494694239445,0.18445002542734135,0.15362344231377467,-0.021411325920062618,-0.02139802172290184,0.028144665859670737,0.02209553402673714,0.011617734889611708,0.01270019755661661
hltv_2394124_107855_mouz_vs_g2_m1_dust2,1,1778401644.1424668,0.00917437627604123,-0.04486240405726006,5,5,-0.003034566541502859,0.02157231426815004,-0.155316737088337,-0.32938409504832666,-0.0981572438802355,-0.13194666708170338,-0.018838429996477002,-0.024600336657528532,0.024131294309432505,0.009718041453701587,0.009905002519290274,0.009642930246659909
hltv_2394125_107854_k27_vs_gentle_mates_m3_ancient,1,1778402337.3082273,,,5,5,-0.010796587132236302,-0.013835269270966677,-0.056722233199433536,-0.16446429435920712,-0.032848428043893985,-0.054086192386616716,-0.06855138624233903,0.006270084306527257,0.04452175250223339,0.0682187829761371,0.025545678521468884,-0.0036822132705040533
hltv_2394127_107860_aurora_vs_the_huns_m2_dust2,1,1778406733.0071585,0.003983347653376678,-0.6131044728864089,5,5,0.0090063370081232,0.003855870068691203,0.23150141856935652,0.4926933474329172,0.12621140651324247,0.1656245661551976,0.04581101656361081,0.08464541562403793,0.06161351732538023,0.09600940952199827,0.040687512024526695,0.07393805015828636
hltv_2394127_107860_aurora_vs_the_huns_m1_nuke,1,1778406853.425512,0.013484945293397893,-0.5543107357057294,5,5,-0.0062784639953971655,-0.025773042276239666,0.1652075909080915,0.2676434502723605,0.11934668393467252,0.11478146974650688,0.04163616162159939,0.07591035176348221,0.06436989938059617,0.08150365157866202,0.04474783407610622,0.06866012506947228
hltv_2394126_107862_the_mongolz_vs_spirit_m1_dust2,1,1778410779.5674038,0.10844455819478778,0.02583566732891489,5,5,0.0019366375547742454,0.06614079791360239,0.18864319622198356,0.1617176562566368,0.11152651512848272,0.0795604506707488,-0.0015104106166714537,0.017759566698372697,-0.0011754674643027485,0.009630730237103757,0.0035469282673175617,0.005596641458652407
hltv_2394126_107862_the_mongolz_vs_spirit_m2_ancient,1,1778410903.5304217,0.11200505837649484,0.017607912189580747,5,5,0.012266569911592251,-0.016045171657868618,0.13887352290920596,0.18484481704061106,0.0914577241615307,0.10263588967215509,-0.0013703490830574427,0.01860296890418267,0.0006135927437763145,0.016123724494761293,0.004250956149368212,0.007719888975616873
hltv_2394129_107863_parivision_vs_fisher_college_m2_ancient,1,1778413087.0147495,-0.05769199295571006,,5,5,-0.010299935651411296,0.09345391416530002,0.13927335686013115,0.14587767963247866,0.06612484573698774,0.052769883433625986,0.09856170235643102,0.11441438849400576,0.11626672565816396,0.1483647252038057,0.03656192461828556,0.07147884085352785
hltv_2394128_107867_furia_vs_heroic_m1_mirage,1,1778417371.1003397,0.07301933651843993,0.004705891037412714,5,5,-0.01112760445359956,-0.005699393662343455,0.12154213634780642,0.19678557556432869,0.07492614981562784,0.046824114374928394,-0.04653971142803204,0.0019929220576734297,0.009708618988225393,0.022109121539226395,0.021202441861771504,-0.0016264854650519522
hltv_2394128_107867_furia_vs_heroic_m2_inferno,1,1778417868.7750216,0.08255702664024958,-0.10227884912041818,5,5,0.010009668926155069,0.11874124156639787,0.1803982599661178,0.2362393439812535,0.09366793998783579,0.09661414271329194,-0.03098083649540917,0.0021383194069355405,0.025426458324351198,0.035701911546556164,0.02430372628072719,0.0044110430954791835
hltv_2394131_107870_monte_vs_magic_m1_ancient,1,1778421033.125549,-0.8145080375642128,-0.23841102344499823,5,5,0.009690873049074566,-0.07929184297917657,-0.1412028532746729,-0.23247760332518402,-0.07107833276205067,-0.08537584478695076,-0.2110909320981661,-0.0980831469135221,-0.10173945592101968,-0.05302063707274479,0.04938862235364966,0.008232736306965527
hltv_2394131_107870_monte_vs_magic_m2_dust2,1,1778421051.388437,-0.8145080375642128,-0.23841102344499823,5,5,-0.004164831129710667,0.02006601480107073,0.14397226969528532,0.29007946281364105,0.08755553887833145,0.13860309206413624,-0.13369156115967445,-0.10002873225880071,-0.05886808967099083,-0.050528260047803863,0.028067444577232092,0.004724841061828966
hltv_2394130_107875_falcons_vs_9z_m2_mirage,1,1778427901.5855541,-0.04236466364324911,-0.07483164846078424,5,5,0.00569166246455044,0.0359135860967843,-0.25049017288702313,-0.1799749774845551,-0.15926787067213333,-0.1349640511782143,0.026466882586964058,0.07788902236177458,0.014105586040612683,0.025277975839043454,0.011639109809233272,0.005190720572909258
hltv_2394130_107875_falcons_vs_9z_m1_nuke,0,1778427933.191382,-0.041166762667093806,-0.05505977718302743,5,5,-0.016586663593133877,-0.019033771517921377,0.20208038111567778,0.3854203369389044,0.12692076660823975,0.15706143993678945,0.036411843685212886,0.06648352920107076,0.013244018641073385,0.02674941839680589,0.006055860441415706,0.004484355968279674
hltv_2394133_107891_heroic_vs_gentle_mates_m1_inferno,1,1778481249.1629758,,-0.17151064068973904,5,5,0.004129293743390661,0.042069272027491,0.07837972735980564,0.03349567458286762,0.0407252989193132,0.01152455003617714,-0.03205551774069659,0.006336967245594516,0.01068177159230721,0.031447245327142104,0.03141634026820461,0.0008098709927100711
hltv_2394133_107891_heroic_vs_gentle_mates_m2_mirage,1,1778481554.3377113,,-0.17151064068973904,5,5,-0.006168964730918158,0.001533324038970052,0.16904386743318547,0.19782303422141878,0.09854587711509144,0.08459919634384461,-0.025635956619277644,0.010645293142340528,0.01643060619384684,0.03637237209397909,0.030860694863649674,0.0036378308402886805
hltv_2394132_107892_parivision_vs_aurora_m1_anubis,1,1778483536.9676538,0.022261788907876078,-0.047351037936721,5,5,-0.001808978541752937,-0.03912909664680847,0.18860534765177567,0.1329205349368569,0.10896101852156814,0.09691913824120768,-0.040463896750521755,-0.059614822189492545,-0.0013275567396994203,-0.004136213431537916,0.018315502818002205,0.007024702691687423
hltv_2394132_107892_parivision_vs_aurora_m2_dust2,1,1778483708.0024552,0.027807827731322187,-0.053195457637348405,5,5,-0.007772416353407419,0.00294061345698593,-0.1837028788328492,-0.066276231260808,-0.08431011302905,-0.04423381291875611,-0.039159337982038744,-0.05870061283537803,-0.00012138678190576346,-0.003979218664423634,0.01835617388139027,0.007226024960454325
hltv_2394134_107896_falcons_vs_monte_m1_dust2,1,1778491231.5695152,-0.04532795644096111,-0.8145080375642128,5,5,0.009593573996574234,0.010861040273735745,0.20011244953839463,0.29325099785191644,0.1296088798133876,0.15901989458567517,0.05231593143394697,0.10242991214163133,0.03249483793190666,0.04480787449330559,0.006005052309866199,0.008861367011007593
hltv_2394134_107896_falcons_vs_monte_m2_ancient,1,1778491735.9636452,-0.020147201614294227,-0.5895349170956484,5,5,-0.010030891489927307,0.0448478214727841,-0.058654184298588485,-0.012587406903305232,-0.022625737519883615,-0.015851565792428524,0.03827749679600956,0.0875905283306761,0.02929407381952387,0.045538975721976516,0.01047325532946003,0.00970260658488431
hltv_2394136_107903_mouz_vs_9z_m2_inferno,1,1778504735.0622559,-0.04486240405726006,-0.03118292743668794,5,5,0.007351564333314076,0.0403884287528955,0.12219043157424958,-0.017044689019809267,0.0671696007660676,0.030719993604951368,0.01066188495010012,0.040392758083029334,0.005438834857808328,0.028940898937660164,0.003122013440897131,0.005435198533216057
hltv_2394136_107903_mouz_vs_9z_m1_nuke,0,1778504742.403189,-0.04486240405726006,-0.03118292743668794,5,5,-0.012380353904149821,0.005255243817144761,0.042350415230891725,0.16941638010190316,0.023454677363054677,0.06388034679984478,0.006306871744104048,0.035241761654029535,0.009267700687684566,0.026223373359590796,0.007860712339628595,0.0070494358196041
hltv_2394136_107903_mouz_vs_9z_m3_ancient,0,1778504761.1954472,-0.04486240405726006,-0.03118292743668794,5,5,0.016270275435294523,0.014027574588947767,0.14350218416311494,0.30008864401167934,0.07616991115769584,0.11881789194040082,0.004953267018084961,0.03095192051841178,0.0011899014458890411,0.017684151108510404,0.002480271604150097,0.003061988446001862
hltv_2394139_107907_the_huns_vs_fisher_college_m2_inferno,0,1778510967.520104,-0.4473122180436648,-0.5235443961737654,5,5,-0.0116343267599609,-0.07933091602396847,-0.2417600579777086,-0.16661803703995592,-0.1259023676475166,-0.0787938825559305,0.0431821487640619,0.026886276992764635,-0.02772805763957048,-0.03687890047489567,-0.010094051046326213,-0.019273069424856015
hltv_2394139_107907_the_huns_vs_fisher_college_m1_nuke,0,1778510974.7334797,-0.4473122180436648,-0.5235443961737654,5,5,0.010583138158508087,0.0451125707340434,0.16369324392040902,0.015270970322605826,0.08728703829448309,0.027145938277991388,0.034528398081257516,0.00819833513511603,-0.03323464399079579,-0.049564401443264905,-0.018257156078351766,-0.022691749417229512
hltv_2394138_107909_furia_vs_spirit_m2_overpass,1,1778515004.1366744,0.09188397502810006,0.1166899636941495,5,5,0.06876820233442549,0.10498319428416547,0.14306458430234031,0.18499571169064,0.12361120805581421,0.072115044743092,-0.026220714830071046,-0.026420206764834753,0.004900571112106844,-0.0009039051257670461,0.0037259640416868467,-0.0008998164878289971
hltv_2394110_107912_pain_vs_faze_m1_dust2,1,1778516018.0,-0.41079845408352694,-0.09439675898006736,3,5,-0.0010629595353072174,0.021537113404322072,0.11481410360952299,0.2858728128136182,0.06018556776236311,0.1461455154980389,-0.03080018627300518,-0.01054674666043437,-0.04249819409148553,-0.044347834142637155,-0.006737536600190275,-0.005363169207135865
hltv_2394138_107909_furia_vs_spirit_m3_mirage,0,1778516931.7137692,0.09450658805554496,0.10371171066764247,5,5,-0.012478312093802957,-0.013767557956735232,0.24082827772389842,0.2102634449007178,0.15223243120444802,0.1309528290346994,-0.022815837395535388,-0.023230956554384785,0.0038966066851924275,-0.00019865148486303275,0.0025840867636199305,-0.0013538125739419038
hltv_2394109_107914_b8_vs_betboom_m1_mirage,0,1778517099.0,,-0.04196419909903219,0,5,-0.014699522072087579,-0.10104978503022444,-0.1497478137047356,-0.1851567379486711,-0.07747478174372213,-0.09164500877580428,,,,,,
hltv_2394110_107912_pain_vs_faze_m2_anubis,1,1778520034.0,-0.41079845408352694,-0.09439675898006736,5,5,0.00048439584659298873,-0.003322537316250651,-0.02093349523831456,-0.03223597912145387,-0.017170495378573902,-0.007849629525090607,-0.020075779377065395,-0.04362406779231209,0.017689045406610426,0.004888056793336981,0.009297784580896917,0.023706404034995687
hltv_2394109_107914_b8_vs_betboom_m2_nuke,1,1778520706.0,-0.07738666361542024,-0.03371966971657113,5,5,0.010796423431770008,0.006693084602563293,0.052921985533524285,-0.16735204630024142,0.012310494868750299,-0.06664972749871023,-0.09353946682965569,0.058726511286133154,-0.05444384801473112,0.016542724255307617,0.010896745717453082,0.033296200070164705
hltv_2394111_107920_nrg_vs_fut_m1_ancient,0,1778528419.0,-0.027292142288007512,0.005598335125421055,5,5,0.0011984327823635343,0.10553945144994187,0.0844265586069049,0.10140537184067067,0.035556782915476315,0.032728324654460184,0.0901528488837548,0.021260672717608287,-0.0027503629497633297,-0.005862044908118702,-0.022430634717145792,-0.022532832887242282
hltv_2394108_107918_vitality_vs_bc_game_m2_dust2,1,1778529095.0,0.2545480608479709,,5,3,-0.0071329230276919176,0.018328639771014843,-0.1704192859459034,-0.1641939366320167,-0.08488771007155854,-0.0963801654138085,-0.111373326301768,-0.09118575615569113,0.01016483030321319,0.005768489116938169,0.016434640613567086,0.0032087077866910785
hltv_2394111_107920_nrg_vs_fut_m2_overpass,0,1778532359.0,-0.027292142288007512,0.005598335125421055,5,5,-0.0618942296434547,-0.034955163223905295,-0.17574508449252213,-0.13578257546994166,-0.15572655206949665,-0.1683813967109538,0.09499126605109826,0.027918515255177745,-0.0019441839362452362,-0.004475847178153303,-0.021520307558571483,-0.024410380441497737
hltv_2394112_107922_natus_vincere_vs_passion_ua_m1_anubis,1,1778535201.0,0.030671245970488075,-0.4441796202888547,5,4,-0.0017481652693362992,0.02393121840262391,-0.031094866585627212,0.055391302503398465,-0.025595103499370775,-0.0018977532042127598,0.05733780126269311,0.042061890679306047,0.04037992741607671,0.08208882024807912,0.010400314599896043,0.02432258799953879
hltv_2394112_107922_natus_vincere_vs_passion_ua_m2_mirage,1,1778538506.0,0.031588223308218144,-0.31365755885504165,5,5,0.02835722005874547,0.12000097389290132,0.028357541385299057,0.1565737121797799,0.006762269704138124,0.03558456016625261,0.05303090121500742,0.02571144844501011,0.039972153082404094,0.05955977159914272,0.0053596790310478926,0.008447442506635261
hltv_2394113_107923_sinners_vs_gamerlegion_m2_inferno,1,1778540949.0,-0.10066519213941484,,5,0,0.005900111161490917,0.02303934729836532,0.12881115185523484,-0.013903436487710863,0.0836333886799413,0.02050257324227378,,,,,,
hltv_2394115_107924_liquid_vs_astralis_m1_dust2,1,1778542874.0,-0.036492076448768236,-0.13528219552287546,5,5,0.0011277614966276328,-0.07143021324961202,0.19825609030433727,0.18644172166047007,0.09831349102571318,0.13590508476809837,-0.048320577384652785,-0.04766670323407052,0.04286864519168909,0.04110581819311887,0.03055872946294197,0.04092199083960918
hltv_2394115_107924_liquid_vs_astralis_m2_ancient,1,1778546382.0,-0.01820739952872077,-0.18054693343558614,5,5,-0.0017091771363668684,0.14651885035273715,0.23493846589673306,0.23799649176707463,0.08584208354160278,0.07585985082503116,-0.055591958366622396,-0.04706435554101068,0.04329720764021938,0.044059531805005214,0.0315789542696297,0.03792183059333176
hltv_2394114_107926_legacy_vs_m80_m1_inferno,1,1778548158.0,,,5,0,-0.003313855655869835,0.020503576252644373,0.1458510431904511,0.29254254298392446,0.09825118199424415,0.1582973552829221,,,,,,
hltv_2394114_107926_legacy_vs_m80_m2_mirage,1,1778551641.0,,,5,5,-0.0017244125565326618,0.021895443843141738,-0.039087273293508695,0.046756145968649465,-0.039287217174761524,0.029093911048730103,-0.0381677006631157,0.029320364657472564,0.06684824229901065,0.10515575522935416,0.04926807547054218,0.023017153821905723
hltv_2394140_107930_mouz_vs_aurora_m1_dust2,0,1778569970.600832,0.029244732395657776,-0.04486240405726006,5,5,0.009419110365853856,-0.009329339073786413,-0.12854288433715727,-0.28316630095146067,-0.08331200970980868,-0.12955220633208442,-0.010466173964366554,-0.012441922280497897,0.01062844885428843,8.193895432512255e-05,0.012172015043550699,0.011901329471385336
hltv_2394141_107929_heroic_vs_magic_m1_mirage,0,1778570029.9513009,-0.17151064068973904,-0.23841102344499823,5,5,1.6904080991031467e-05,-0.007359028698616266,0.3174630911749317,0.29989681654844746,0.1791220204900959,0.15690411442369268,-0.03755146739949,0.03443334085405436,-0.02282837138629018,-0.020707937689899425,0.009717702612022538,0.023306136093321717
hltv_2394141_107929_heroic_vs_magic_m2_dust2,1,1778570059.1938472,-0.17151064068973904,-0.23841102344499823,5,5,0.0033053866765679896,0.05639678113953184,0.19024174731762816,0.07871988900255,0.09788891386506593,0.04255849715190563,-0.0013880111046701282,0.033228250660887415,-0.020953515967015057,-0.024604297730084268,-2.010664102697346e-05,0.012544298202196047
hltv_2394141_107929_heroic_vs_magic_m3_inferno,0,1778571931.2748108,-0.17151064068973904,-0.23841102344499823,5,5,-0.012268547289920217,-0.0815654602845649,-0.07683687551086943,-0.09027832354766802,-0.04049827742713147,-0.028341623577374964,-0.015497182998732262,0.023705900575667738,-0.014746194796143308,-0.028055369958661758,0.005349028762379138,0.010154484930168906
hltv_2394140_107930_mouz_vs_aurora_m2_nuke,0,1778572697.0140064,0.02626672470898082,-0.0323187912551674,5,5,-0.010815968003570542,-0.02126123565816629,-0.11399901793020079,-0.03880955221248805,-0.04903351617135199,-0.02406151046182975,-0.01346108530140211,-0.014446794906396554,0.008477152821038891,-0.003385377589596228,0.012264096127532764,0.010709936933421982
hltv_2394143_107936_monte_vs_the_huns_m1_nuke,1,1778582284.1118712,-0.44830526678465676,-0.5235443961737654,5,5,0.0011110776697605407,0.0164042303227811,0.17545539772852484,0.3049580823572477,0.11681968496058742,0.15222240359012673,-0.014308324055008703,0.01015937302341352,0.00845487309992754,0.0064644503654102126,0.003367576107551229,0.012854568474158723
hltv_2394143_107936_monte_vs_the_huns_m2_dust2,0,1778582286.1698887,-0.44830526678465676,-0.5235443961737654,5,5,-0.014169880346087738,-0.015245064656609242,-0.19862601449348877,-0.2530479514037708,-0.12193737719887471,-0.15337279126199882,-0.011138889518867434,0.01743907447417098,0.031240064661029132,0.05359958451641156,0.017487344519661996,0.03132540190093236
hltv_2394142_107935_the_mongolz_vs_falcons_m1_dust2,1,1778582293.947841,-0.010265274059594903,0.0058565321127129685,5,5,-0.00031965564548452896,-0.01912649145781703,-0.03596103424972269,-0.2828462117850551,-0.022501686214077277,-0.09460829141701316,0.019288707532349014,0.01608194549135389,0.00242179851021046,0.01090773927436961,-0.0024178144907160415,-0.0035832712150072887
hltv_2394142_107935_the_mongolz_vs_falcons_m2_inferno,0,1778582299.252955,-0.00564745349307504,0.0033026687250660718,5,5,-0.006858479460673861,-0.004121847518402055,-0.18018162319956055,-0.06359031608356547,-0.08163828339116952,-0.0671640064598793,0.017445695112882076,0.015658132889632803,0.003180614099817347,0.010945069322555068,-0.0013797100701093967,-0.002095119402567902
hltv_2394143_107936_monte_vs_the_huns_m3_mirage,1,1778583887.2559502,-0.44830526678465676,-0.5235443961737654,5,5,-0.016647105916321514,-0.021839263070508264,0.17925229349271304,0.21591544491259837,0.11526703445908404,0.09902916610266765,-0.010426449818670802,0.015001328256832147,0.01067587827534383,0.04073915468685185,0.005840682445613032,0.019566297654000142
hltv_2394142_107935_the_mongolz_vs_falcons_m3_mirage,1,1778583891.3123326,-0.015915455305899568,0.009543358046899696,5,5,0.0030446924577106627,0.06903899711575506,-0.3003198682637326,-0.14900121621596846,-0.17617380749333256,-0.12020343002723599,0.01615109700034678,0.016312501849256145,0.0006311315912427284,0.009141333969986731,-0.0022809684285185483,-0.003449699352098712
hltv_2394145_107943_parivision_vs_g2_m2_dust2,0,1778592254.4147122,0.00917437627604123,-0.05394130047428991,5,5,0.006079548329465889,-0.04039084009823879,-0.0553255347524656,0.01732157939532314,-0.0317863402148858,0.002495522619083146,-0.05970039045607145,-0.0698184773530433,0.0073744655591485575,0.007552807485025681,0.016547138153541863,0.005667941869846649
hltv_2394145_107943_parivision_vs_g2_m1_mirage,1,1778592261.4684348,-0.005265941605287051,-0.047466537238923724,5,5,-0.007505970824477237,0.009290573043412076,0.19421049868737916,0.33142796223048865,0.1227095716736511,0.11996436866498089,-0.05012190032962538,-0.06419818229813362,0.0059012341636627275,0.004100729579574636,0.013250104534496654,0.002637190422438318
hltv_2394144_107942_furia_vs_gentle_mates_m1_nuke,1,1778592265.5279589,0.08868595175996202,,5,5,0.0027727309735549044,-0.009025815348776611,0.1736445078764812,0.2839924676422827,0.12439791434427128,0.15602742695930877,-0.025781624778837386,-0.02827623768153542,-0.004219545061531438,-0.007093495191271115,-0.0031625537400265524,-0.0037299435149828475
hltv_2394144_107942_furia_vs_gentle_mates_m2_overpass,0,1778592439.497722,0.08520207669508065,0.0372713947972316,5,5,0.04800171595250036,0.0036769211013581993,0.027875142495474015,-0.014112938473314407,0.050454839357973014,0.05731900446101973,-0.02052158876875959,-0.019727514049903194,-0.00636314069518279,-0.008753187199503965,-0.005311502910449684,-0.006663528765995852
hltv_2394144_107942_furia_vs_gentle_mates_m3_inferno,1,1778596011.3118124,0.07666199612762623,0.14310084364067324,5,5,-0.007311228181474394,-0.02259296535574634,0.17685971676824053,0.3327088159163628,0.11909187753989275,0.15561411501906353,-0.00901336093760624,-0.007752345374978875,-0.008655014376209802,-0.00902721093353015,-0.007848422337621341,-0.009256340227453086
hltv_2394159_107950_b8_vs_bc_game_m1_overpass,0,1778601708.0,-0.051959738930711104,-0.049249633666974,5,5,0.05049008139244299,0.01788120536098403,-0.1495057816085425,-0.22390293455306712,-0.03208281728908491,-0.03438233380662181,0.12282626498071869,0.10584494965556113,0.020098504039935794,0.02166568193202245,-0.025847452634422174,-0.014785408763985985
hltv_2394160_107951_faze_vs_nrg_m1_ancient,0,1778601914.0,-0.027292142288007512,-0.09439675898006736,5,5,-0.018424886157569875,-0.0023166707778909945,-0.12685634117208805,-0.21153261283177874,-0.06899966595534951,-0.08016542170918384,-0.030715725587141085,-0.043044032513660735,-0.007671962875602234,-0.0017333914027510833,0.004658538307367843,-0.0024965943089797493
hltv_2394159_107950_b8_vs_bc_game_m2_mirage,0,1778605746.0,-0.2677478575509637,-0.0257584725135201,5,5,-0.012983470795686625,-0.16766872846187597,-0.061932169255039526,-0.24100165402318624,-0.028608951046406372,-0.05621126896275119,0.02622751001639051,0.013533413615535173,0.002060889919061226,-0.007410915918484695,-0.009026385160514294,0.0004147470037040857
hltv_2394160_107951_faze_vs_nrg_m2_nuke,0,1778605870.0,-0.027292142288007512,-0.09439675898006736,5,5,-0.02024702925125499,-0.05716122521070505,0.07432036573412154,0.138311060483213,0.06578898813191197,0.09652326593366983,-0.029893629214094775,-0.04154137154754822,-0.016568510947789383,-0.015738220262724867,-0.00043012576834999816,-0.007561604386907728
hltv_2394157_107957_betboom_vs_vitality_m1_anubis,0,1778611901.0,0.24921579162398483,0.10219094089654716,5,5,-0.0009048624449210507,0.010264229038707995,-0.13706131763652368,-0.15553181756796675,-0.0705048519349688,-0.07858181865894553,0.044346412740782826,-0.0036698552809994456,0.05101670910160849,0.0528039418006363,-0.0047666279800480105,-0.007299518091095469
hltv_2394157_107957_betboom_vs_vitality_m2_overpass,1,1778615648.0,0.2378691336198429,0.12695962746128805,5,5,0.06431428192934296,0.06347985390539918,0.09634950881111526,0.14787712262042552,0.10353283888434767,0.060662090789599665,0.022137823159117054,-0.023831579841334716,0.03774060273603802,0.0370096312118014,-0.004612269368329036,-0.0004026980669691871
hltv_2394161_107961_natus_vincere_vs_gamerlegion_m1_inferno,0,1778622336.0,-0.10066519213941484,0.036288677060635315,5,5,0.0029823364482235437,-0.004039427262774897,-0.10978198718952292,-0.22409930927956634,-0.07507354370113029,-0.10702257083297978,-0.05209252681579302,-0.06033836315710156,-0.017965463520090208,-0.034645685718814934,0.0038966559036147097,-0.0013642116062645981
hltv_2394163_107964_passion_ua_vs_sinners_m2_mirage,0,1778630714.0,-0.31196120560686313,,5,5,0.0018838944813343583,0.0021556860137562084,0.2434104799547365,0.2723672874044999,0.15418702827057623,0.14956226782787702,-0.25615961213574195,-0.11611523313417921,-0.10141070326085766,-0.057015024891456545,0.028712225962069404,-0.004827456306000899
hltv_2394162_107963_astralis_vs_legacy_m1_dust2,0,1778633033.0,-0.014815085785140587,,5,5,0.0004105541740526686,-0.04687701993269061,-0.04480024435270308,0.03802505804024725,-0.02529558275080851,0.02001393441384608,-0.041203033160917335,0.018598131649734673,-0.037878522311549645,-0.01247453817863542,0.00393113058332073,0.001436521085555753
hltv_2394162_107963_astralis_vs_legacy_m2_nuke,0,1778636299.0,-0.021967677766043407,0.21985947611301987,5,5,0.008006628038859653,0.005021937756459455,-0.15837274151725117,-0.40451114475669225,-0.0958419247289441,-0.1870772290750654,-0.05403731745115281,0.004668645211577116,-0.041188086017317216,-0.023556157344031436,0.004613951636999125,0.0011150086161771933
hltv_2394164_107966_liquid_vs_m80_m1_dust2,0,1778637246.0,-0.16507975035944858,,5,5,0.0033949008929821667,-0.007270060190862515,-0.167167727995431,-0.3404549611105535,-0.10804597051760323,-0.17597420205252123,0.038926382315928265,0.058939083852061536,0.016330024874518068,0.04218089964028282,0.009820425516618991,-0.0011940300228382439
hltv_2394164_107966_liquid_vs_m80_m2_inferno,1,1778641211.0,-0.16507975035944858,,5,5,0.004923293364221704,-0.1388625597000866,-0.10936915065853858,-0.18261676120732123,-0.05965832212418426,-0.048379771854157316,-0.0015868233328001358,0.031232806932613544,-0.011672873117788585,-0.012361636469459092,-0.0018024707843216636,-0.0234429984343561
hltv_2394146_107970_gentle_mates_vs_magic_m2_inferno,0,1778658964.1682682,-0.013303965626362815,-0.23841102344499823,5,5,0.0068991013973953574,0.018898216410254964,-0.10473098909527195,-0.13125381213045967,-0.06319748582046547,-0.06545562206362432,-0.051126120531923336,-0.008268706224788536,0.0019316562909503787,5.074056814152739e-05,0.036495162489231014,0.02033435317982296
hltv_2394147_107971_monte_vs_g2_m1_ancient,1,1778662727.5100648,0.014859114403749905,-0.44830526678465676,5,5,-0.008056651573719376,0.04980771168473197,0.1544875320155516,0.17692506733533475,0.06886303527246962,0.09299053116161177,-0.012214998604306526,0.012241466891651731,0.02814146212998231,0.022089345437651176,0.01152886095632194,0.011892168190626995
hltv_2394147_107971_monte_vs_g2_m2_dust2,1,1778662735.2993798,0.014859114403749905,-0.44830526678465676,5,5,0.008038492936759956,-0.043310552640784095,-0.00920295392920284,0.08604503945757547,-0.007773131615946671,0.022926789295191208,-0.015459328150347562,0.012449210884302897,0.03581844351297514,0.037210219495419805,0.01622411199011453,0.01956150916831617
hltv_2394148_107977_the_mongolz_vs_aurora_m2_mirage,1,1778673809.0197887,0.019772037369440245,0.0013074745815525484,5,5,-0.00014863498970879574,-0.01798851204480245,0.1405640631913842,0.20321778595235093,0.07682751177637709,0.04790172551957261,-0.007633170134583089,-0.023219188174661287,-0.001760778313390443,-0.0008305155798121744,0.006194982401418969,0.0066791441362746284
hltv_2394148_107977_the_mongolz_vs_aurora_m1_overpass,1,1778673818.1057541,0.023516308283321817,-0.00463451429906132,5,5,0.05171473304006963,0.007005386876324737,-0.13307020262425429,-0.18650084283157203,-0.05241113366563316,-0.07921218920156903,-0.004381079507211005,-0.021316479131744004,0.000296262181055551,0.002742230075222285,0.0065666983066018925,0.007844184661864484
hltv_2394165_107988_b8_vs_fut_m1_ancient,1,1778688773.0,-0.025183570786961016,0.005598335125421055,5,5,-0.008392400304016112,-0.011534131632402467,0.01578586499157192,-0.08222945861405528,0.004481463872003599,0.005928360993330051,0.016046581292189277,-0.005780992158729514,0.0036949325554589407,-0.0068099255977867035,-0.0006913214885073127,-0.004512441538282952
hltv_2394165_107988_b8_vs_fut_m2_overpass,1,1778693046.0,-0.012666413803683359,-0.006671138817022535,5,5,-0.06967057249985437,-0.023439009580875025,0.05687819622317186,0.21396637708157668,-0.002488392304514586,0.08908826562735156,0.015849216615976658,-0.00518948282574605,0.0027830995413475335,-0.008254105583362925,-0.0011225463611891362,-0.004689553830165005
hltv_2394166_107989_faze_vs_vitality_m2_dust2,1,1778693798.0,0.23576317932630422,-0.09439675898006736,5,5,-0.004976853179669782,0.02091952787339757,-0.02921972799029482,-0.09877246959899871,-0.02985821452742088,-0.06401627095083351,-0.05906333958669485,-0.04338947313937397,0.034166160498271925,0.04769990523584927,0.029081629301753287,0.03316247758029772
hltv_2394167_107993_sinners_vs_astralis_m1_mirage,1,1778698433.0,-0.03457134406508867,,5,5,-0.008920509852157199,0.008773212557271592,-0.13628830194347197,-0.10820397096904388,-0.038124280921288334,-0.052895206448232035,-0.07907389199364095,-0.11414676001170942,-0.017930158131607088,-0.0014848097876360433,0.014237799823663244,0.00356048320095137
hltv_2394168_107992_gamerlegion_vs_liquid_m2_nuke,1,1778701546.0,-0.15006069457573323,-0.16507975035944858,5,5,0.0050733208114274175,0.07428185950050975,-0.13616700067276388,-0.12970957214232037,-0.07956259539629928,-0.09087186302130035,-0.05743421514529212,-0.051576184832328786,0.011042565747336364,0.003131601215843327,0.012216292569018627,0.018352098137470074
hltv_2394170_107998_b8_vs_vitality_m1_mirage,1,1778706839.0,0.23659958882402568,-0.00961545869944198,5,5,0.0027938384612349876,-0.027697664246707665,0.23110537311916798,0.1708943131178121,0.14408566501905712,0.11071392578143535,0.042962693403026775,0.032724977064781946,0.03823820472574968,0.05384528208028383,0.007572391596145589,0.020886522289200238
hltv_2394170_107998_b8_vs_vitality_m2_dust2,1,1778710518.0,0.24123877629216442,-0.026080875552792433,5,5,0.005361096780864494,0.11344717413447636,0.2274284042294547,0.22648491046461533,0.11501394786344982,0.08720388694644066,0.04523223982474578,0.03174253774690705,0.04174135750937702,0.056093757768512775,0.009187825869555633,0.02157151806703128
hltv_2394169_107999_betboom_vs_pain_m2_nuke,1,1778710955.0,-0.41079845408352694,0.0670107102829603,5,5,0.0041288858302032105,-0.007008986734652056,-0.017375621085360116,-0.22648682012534682,-0.021113141720475015,-0.06368761441439863,0.10721409217053501,0.054365228991550385,-0.004526698437188448,-0.0047356259290913805,-0.03321986051593928,-0.014756475917071077
hltv_2394172_108000_gamerlegion_vs_astralis_m1_mirage,1,1778715231.0,-0.15006069457573323,-0.030435064267140825,5,5,0.018381998467894678,0.05231347453205504,0.1003903092896749,0.10975105297880694,0.0328463216617052,0.052751109627412696,0.021177306238961968,0.001958845776003415,-0.01063395674983686,-0.023007259907692756,-0.010842732144983713,-0.005638552915939676
hltv_2394171_108002_natus_vincere_vs_legacy_m1_inferno,0,1778718777.0,0.0458095360312942,0.3113136769850579,5,5,-0.014344159463306694,-0.01722766591940489,0.09719936626830783,0.23094317922115562,0.08218082088802897,0.12995515248798506,0.012784683748261916,0.08202302445732979,-0.0329658979327499,-0.011224418673128678,-0.011941555669028325,-0.007334210237330163
hltv_2394172_108000_gamerlegion_vs_astralis_m2_ancient,1,1778718899.0,-0.09407255588397496,-0.04228272115937763,5,5,-0.008176132943401693,0.02860454576381055,-0.008280600438211161,0.06200433503265301,-0.016773889547242404,0.031167851025251436,0.015496800339240002,0.009562048574266568,-0.007786065028915878,-0.01368283284433025,-0.006883308448940695,-0.0028293623308290328
hltv_2394171_108002_natus_vincere_vs_legacy_m2_ancient,1,1778722331.0,0.04620103415391699,0.17131848344962372,5,5,0.016862220740046174,-0.0036859210626312144,0.21010652277024144,0.20188056060891083,0.11477197940234851,0.11120435777750948,0.004172890843549659,0.07326280613290925,-0.03284835930606084,-0.009931544809842263,-0.006926180662887582,-0.008069087737989644
hltv_2394149_108024_mouz_vs_aurora_m1_dust2,0,1778826200.8691208,0.022347298691996618,-0.00947874395454377,5,5,0.014389174085470136,0.08281051923789884,0.16221063941702873,0.14701926029121032,0.08298092546392283,0.07271837926920471,-0.023862739499651786,-0.02111988788453245,0.00678561648228837,-0.0007365204389841451,0.011224544844267659,0.010763079586943003
hltv_2394149_108024_mouz_vs_aurora_m2_nuke,0,1778829476.3772542,0.019574603124629702,-0.000977995187976737,5,5,-0.009937151307012337,-0.0684617893616537,0.018648713305568998,0.048186419888420096,0.033440251584356984,0.04710671083570234,-0.028188805105080372,-0.023068879378204787,0.006262808964895672,-0.001493064179665271,0.012000487092383771,0.01166666029802138
hltv_2394151_108031_9z_vs_magic_m2_mirage,1,1778855899.1071777,-0.03118292743668794,-0.23841102344499823,5,5,-0.001162884621688176,-0.04836020271563424,0.27718735150438756,0.16281314933720975,0.1664025137257965,0.11810183359805526,-0.02890600691505496,-0.025146095134213287,-0.014360726303941196,-0.021581916742098806,0.019127683615385915,-0.0006930345064304899
hltv_2394151_108031_9z_vs_magic_m1_dust2,0,1778855917.0391116,-0.03118292743668794,-0.23841102344499823,5,5,0.0016588334919471759,0.010545411528726123,-0.14852603255664182,-0.2091820358704049,-0.08509048129122015,-0.1309961112378697,-0.018979827572874308,-0.024837340731813484,0.009779549711259938,-0.00261740580677039,0.028341944396381547,0.008375052060024979
hltv_2394152_108042_furia_vs_falcons_m2_nuke,0,1778871908.7960496,0.08310646792754772,-0.0021208915691376244,5,5,0.02525787059900153,0.06522751983687813,0.20143141490480643,0.22514417379628152,0.09246693131214462,0.1122141995683178,-0.055615576345968254,-0.036663905430998345,0.0016478065568767408,0.0005115485240336781,0.012561591758736557,0.011870984069409563
hltv_2394152_108042_furia_vs_falcons_m3_dust2,0,1778875513.4945235,0.08137632638081257,-0.006385717740189116,5,5,-0.03578411873972065,-0.06263834021869003,0.0341762541344533,0.051026542560515364,0.04325290085581229,0.0763374238083675,-0.054664119032451164,-0.036081176112979174,0.002726137063445988,0.0015643338353352187,0.012654945413501484,0.01184669479699385
hltv_2394153_108057_mouz_vs_spirit_m2_nuke,0,1778931068.2829156,0.008230499136515444,0.10419827769087293,5,5,0.01242973555414878,0.018504778864651517,-0.14950689461712174,-0.22353480108981721,-0.11243029327745313,-0.1268354987037018,0.033359103615825725,-0.015177542424924972,-0.0056101873466141705,-0.01007601990378243,-0.012969139725790169,-0.01373903667362536
hltv_2394154_108061_magic_vs_falcons_m1_ancient,1,1778941668.255329,-0.010650988263316405,-0.23841102344499823,5,5,0.02150962840720938,-0.03654419694438016,0.009940826647060086,-0.06540746761078692,0.02899817795667864,-0.004107301261218721,0.019472934694429234,0.03363926516187865,0.008151574833503705,0.004643040667185017,0.0196692491704481,1.685538403684017e-05
hltv_2394154_108061_magic_vs_falcons_m2_dust2,1,1778942670.7816467,-0.005126755746345627,-0.18526706702371137,5,5,-0.0012426861234331454,0.021106405939907147,0.25008903666192867,0.4069314334823607,0.12455911414989007,0.1788254119479526,0.01306186299989398,0.024868648582497155,0.010967143240809385,0.006406177066689334,0.021202378256231225,0.0039043077337519994
hltv_2394175_108078_betboom_vs_natus_vincere_m2_nuke,1,1778971775.0,0.05024421223813105,0.0670107102829603,5,5,-0.012174027130582021,0.011954344264639677,0.13128640590477747,0.28469936130224527,0.07539626288048024,0.1260029427972731,0.06609901627599896,0.060762574494964694,0.015345897410519838,0.035002469617534115,-0.02034565332917293,-0.008969697432887391
hltv_2394155_108081_mouz_vs_magic_m2_inferno,1,1779010741.801478,-0.022649051782388425,-0.34945943214802416,5,5,0.007642957198693345,-0.0015079174535663764,0.09388003447713422,0.0317114511645607,0.035122302797460925,0.030792180786521017,0.004169991034719045,-0.00528682923097884,0.002570917187944999,-0.002541353380388467,0.022350277787526518,0.006019826638590742
hltv_2394156_108087_spirit_vs_falcons_m3_ancient,0,1779027592.3799417,0.01762160134981941,0.11853078525264024,5,5,0.0023837586817646583,-0.09750064173783735,-0.16881984030511382,-0.2821793338045424,-0.09287660309570872,-0.12258082928116643,0.03922446813775682,0.01378659005471733,0.0036836613429478415,-0.0018070749820793819,-0.013108832925815161,-0.013905464731810535
hltv_2394177_108090_legacy_vs_betboom_m2_nuke,0,1779035127.0,-0.029141134907499467,0.0704516609506113,5,5,-0.0030582376072991746,-0.020643643916932353,-0.1517300024268186,-0.306152110208164,-0.10028720776630612,-0.14993196210946635,-0.04570644619269437,0.01138141090760414,-0.051557505067341636,-0.04993525878070182,0.009872293910047514,-0.0015029641911022407
hltv_2394178_108099_gamerlegion_vs_natus_vincere_m2_anubis,0,1779048754.0,-0.053988310242418736,0.0584693736501452,5,5,-0.006832858477598847,-0.017976290013072882,0.046887312857182284,-0.024870306955041832,0.02365260603395053,0.009613783892123973,-0.03940982403112303,-0.03636170619911405,-0.017777227667819195,-0.029883423356223404,0.0033313107056622826,-0.0019041773006818197
hltv_2394178_108099_gamerlegion_vs_natus_vincere_m3_nuke,0,1779053733.0,-0.07283164779411709,0.06237977055999344,5,5,0.008008863649499376,0.15818746596164152,0.14614391662767712,0.15439159238402433,0.08070792140697602,0.08122652705590694,-0.03219378016336971,-0.027929040485309198,-0.018507382461225907,-0.03103852237143634,0.0022317786193057354,-0.0027942692855580376
hltv_2394225_108264_falcons_vs_mouz_m3_nuke,1,1779540552.0,0.009503767414038305,-0.022649051782388425,5,5,-0.0026667088249229254,-0.008386952020930982,0.17404664685856647,0.2858470698875063,0.11281904362039952,0.15010868625422208,0.008879707909694723,0.03292843270173862,0.008712194096972437,0.01266532008728033,0.0014753364263877522,0.0013496580592227136
hltv_2394853_108687_tyloo_vs_sinners_m1_ancient,0,1780501542.0,-0.0779615414697118,-0.18356456503355162,5,4,0.0004955355247681092,0.0807775130265459,0.25534996194905707,0.3328006381483134,0.09384516235542362,0.13839549845508203,0.002176212066469674,0.026667172764998304,0.030744031030000563,-0.00022336236257480824,0.0033196293069252536,0.0031009843294979023
hltv_2394852_108686_gamerlegion_vs_betboom_m2_ancient,0,1780504170.0,-0.0732322386710097,0.025975486403260736,5,4,-0.0031067691491194482,0.03059202304313302,0.18158130090528202,0.19966531187413933,0.07971332958714938,0.09113381754512861,0.023354398970887535,0.04226272340784332,0.01618129179215011,0.032620780882520795,-0.00307395903994645,0.009171826286287266
hltv_2394853_108687_tyloo_vs_sinners_m2_inferno,0,1780505125.0,-0.0779615414697118,-0.18356456503355162,5,5,-0.014876571766364366,-0.07342113633327751,-0.14667341754899227,-0.0767095632941065,-0.053682939592789414,-0.04285159443474762,-0.007773212370129623,0.01112138527718498,0.03495936642880104,0.017951470345855314,0.01172871193123376,0.0040375190523616045
hltv_2394855_108690_gaimin_gladiators_vs_heroic_m1_dust2,0,1780508979.0,,-0.17151064068973904,3,5,5.0485722356552465e-05,-0.015335845173706064,-0.01085783137519225,0.06025049919483094,0.00031208354434808516,0.04330499086295203,0.061859484296031164,0.003808187874532687,0.003554033331492179,0.002378489563175934,-0.007607757764204193,-0.027322983672114276
hltv_2394854_108693_m80_vs_b8_m1_ancient,0,1780509568.0,,-0.036937607138712664,5,5,0.006618674667491331,-0.05722940676078059,-0.1890704245593976,-0.20556134191871428,-0.08959656020571072,-0.09676394601264715,0.1042159365283879,0.045185772337543006,0.002454445156783447,0.0028871018756995714,-0.03220618049011448,-0.010688305681674004
hltv_2394855_108690_gaimin_gladiators_vs_heroic_m2_inferno,0,1780512667.0,,-0.17151064068973904,5,5,0.012996012774966537,0.0037650901853099605,-0.08506531470435469,-0.2021887561023382,-0.059342000361494784,-0.11004040946142529,0.0921400427890543,0.00247818161571145,-0.0008649484212294722,-0.013574493377771613,-0.01749855556246399,-0.022186915699844156
hltv_2394854_108693_m80_vs_b8_m2_inferno,0,1780516133.0,-0.06213178110700616,-0.032684398754578424,5,5,-0.00948137334008925,-0.03444636964938108,-0.015824956863296158,0.028202649252694834,0.0012814166489379941,0.04209603383128846,0.09938197410442784,0.0491962559827826,-0.0006476094188076487,0.004571738003884274,-0.031252823686949815,-0.012197758017120197
hltv_2394857_108705_tyloo_vs_sharks_m1_nuke,1,1780577139.0,,-0.18356456503355162,0,5,0.019000804964578788,0.05870738819723176,0.21404581042488796,0.09662870110811589,0.10513312897734184,0.07189356181949114,,,,,,
hltv_2394856_108703_thunder_downunder_vs_flyquest_m1_anubis,1,1780577726.0,,,0,0,0.015111041884778076,-0.03153233690521379,0.2422041299782745,0.23342521513809614,0.13260550510106245,0.14316036095984586,,,,,,
hltv_2394857_108705_tyloo_vs_sharks_m2_inferno,0,1780580522.0,,-0.18356456503355162,5,5,-0.007642515737367073,-0.011218475929934857,0.09374315231110159,0.144671087166793,0.05944191773698798,0.07658001998731429,0.029763877568331765,0.00108018260666648,0.0546746200718608,0.040598654242874455,0.05652680931991533,0.02962280185454097
hltv_2394856_108703_thunder_downunder_vs_flyquest_m2_inferno,1,1780580831.0,,,5,5,-0.013435200640009859,0.0067046869832941,0.17655536974181985,0.4212425291428701,0.13543032889309892,0.19514785594179335,0.002920789981914085,0.0075579605318985554,0.029028593600485597,0.007284035844647152,0.018090998902029476,0.004830925474356984
hltv_2394857_108705_tyloo_vs_sharks_m3_anubis,0,1780584450.0,,-0.18356456503355162,5,5,-0.0023621115629991474,0.015156791890415133,0.18815019931676505,0.18347918154641354,0.08966601487986642,0.09541935040275662,0.03547332308165263,-0.029554037777757503,0.033112055301490584,0.02085681042054699,0.011805196323713962,0.00989315165918253
hltv_2394858_108709_gamerlegion_vs_big_m1_overpass,0,1780587629.0,,-0.0732322386710097,0,5,0.051500770404384666,0.007563611628133501,-0.15198566422716914,-0.28048190597023465,-0.058434697282381654,-0.026735189958152994,,,,,,
hltv_2394858_108709_gamerlegion_vs_big_m2_ancient,0,1780591506.0,,-0.0732322386710097,5,5,0.004229985614097265,-0.006290738055045653,-0.14090417430355434,-0.12886334278506967,-0.06018766576472839,-0.05869041069307529,-0.18677859668298247,-0.22642373954656386,0.015440142853750116,0.03220805821349354,0.04411310320631834,0.07488707719974613
hltv_2394859_108710_mibr_vs_lynn_vision_m2_inferno,1,1780591507.0,,,0,0,-0.008132967290057969,-0.04564922958292905,0.13546033381344508,0.1277908502965847,0.10303725136499375,0.09706873861201792,,,,,,
hltv_2394860_108715_liquid_vs_heroic_m1_nuke,1,1780595174.0,-0.16507975035944858,-0.17151064068973904,5,5,-0.0005844961526850212,-0.03251616513391481,0.14565809830274506,0.25470359789709274,0.08705168973658056,0.13687770045198833,0.00555389528529171,0.0036564648495052143,-0.027935948707427827,-0.012533390367937158,-0.0014682992399243089,-0.03066219426394662
hltv_2394861_108714_m80_vs_nrg_m1_ancient,0,1780595323.0,-0.027292142288007512,-0.004555816535860691,5,5,-0.019593574098690225,-0.00021826481816589194,-0.11619999835449601,-0.25190895944092717,-0.07730752173929234,-0.10035975067008429,-0.044557657419664554,-0.0179291982604603,-0.01889292730165687,-0.01798340271465365,0.011122902674640889,-0.008594754841513064
hltv_2394861_108714_m80_vs_nrg_m2_inferno,0,1780599123.0,-0.027292142288007512,-0.004555816535860691,5,5,-0.007012028010311866,-0.035799734433064,0.0019433863208627167,0.041345544999197736,0.008320290210514447,-0.0001291145060582921,-0.04427620480980354,-0.02034773883260016,-0.027591235968678796,-0.035327981801276276,0.004165698431357556,-0.015032565845987111
hltv_2394860_108715_liquid_vs_heroic_m2_inferno,1,1780599572.0,-0.16507975035944858,-0.17151064068973904,5,5,-0.003978571523938879,0.011728638641301636,0.0956958891492718,-0.07142103565932412,0.05162055354203632,-0.016403495356314857,0.00375346990996539,0.0013149022251467968,-0.018548835376554162,-0.003723877038745882,0.004061348339661097,-0.023135726601484108
hltv_2394862_108723_tyloo_vs_lynn_vision_m1_ancient,0,1780663535.0,,-0.18356456503355162,5,5,-0.020738970540802648,0.0040023415513500415,0.013382109258191277,-0.03582391277610064,-0.01984367475703197,0.019370149207760978,0.03598745322487462,-0.06441959923637136,-0.0019366391412615203,-0.09278906524515051,-0.04570436748027895,-0.0273099220783522
hltv_2394862_108723_tyloo_vs_lynn_vision_m2_inferno,0,1780667531.0,,-0.18356456503355162,5,5,-0.004918472252154027,-0.010655079112125154,-0.17786068562029195,-0.05463491087048106,-0.09725054661665389,-0.046653295167247144,0.026106760538164075,-0.012712019321320989,-0.02342086662897508,-0.07837754584799306,-0.040587793893190394,-0.029757959157395375
hltv_2394863_108727_liquid_vs_flyquest_m1_anubis,1,1780671855.0,,-0.16507975035944858,5,5,0.008984068416169333,0.012628373459929287,0.2744120286057754,0.304484728751907,0.14795633721170487,0.16876949121868728,-0.0967627812044336,-0.10673141130177621,0.023507030443170984,0.04625832642364913,0.030210029353855472,0.040107373294237136
hltv_2394863_108727_liquid_vs_flyquest_m2_inferno,1,1780675611.0,,-0.16507975035944858,5,5,-0.005957378278283465,-0.016531831871319236,0.16897179474019436,0.22234091999325237,0.10299879575089271,0.10986544397328507,-0.08273854839094474,-0.080999954685544,0.0472185918375001,0.07839628232208168,0.04706879333813602,0.05337619917484682
hltv_2394864_108736_nrg_vs_big_m2_nuke,0,1780686320.0,,-0.027292142288007512,5,5,-0.019560109815967563,-0.05142581714051214,0.02696720840394018,0.06282777234827192,0.02622232142026809,0.07036222296114364,-0.125053071077734,-0.08737386196648034,0.013665679424084198,0.03972071588636106,0.02618515327301374,0.045583791397538764
hltv_2394864_108736_nrg_vs_big_m3_mirage,1,1780690390.0,,-0.027292142288007512,5,5,0.011582809427116536,0.0026590422541357683,-0.23807972462836807,-0.24221416391525344,-0.15266226255714843,-0.1527802442003825,-0.0825162730094155,-0.07960000461985584,0.011320528998234214,0.012849591335932609,0.025135742490863477,0.032828855025376524
hltv_2394886_108783_flyquest_vs_pain_m1_nuke,0,1780846124.0,,-0.41079845408352694,5,5,-0.019902054020456195,-0.04646685674852524,-0.11436044676585388,-0.06050835036685215,-0.05155431952963513,-0.045911323070071064,-0.08213311476408786,-0.08952693531485606,0.035388326086779054,0.06919565276637318,0.02793674638824567,0.036043254055242724
hltv_2394886_108783_flyquest_vs_pain_m2_anubis,0,1780850217.0,,-0.41079845408352694,5,5,0.0024954728106428847,-0.021449188008274778,-0.1820438695460332,-0.1613635296789216,-0.09753664479204477,-0.10027293022705985,-0.0641368698972955,-0.07973662726844227,0.013413312304429326,0.036636230532942404,0.015262991029175332,0.02070818007832309
hltv_2394885_108789_b8_vs_gamerlegion_m2_mirage,1,1780852777.0,-0.0732322386710097,-0.03242988106422509,5,5,-0.0059822089875054,-0.008834544665348276,0.09695504295077156,0.09490034184296237,0.07568263360566546,0.05610152506142557,0.02835720069947273,0.02615770497650549,-0.00034718536195627037,0.00582682133617396,-0.005653383191922157,-0.005211279624949938
hltv_2394888_108788_spirit_vs_9z_m1_mirage,0,1780853928.0,-0.03118292743668794,0.12077555659283731,5,5,0.0019397485773195444,-0.09525730141636302,0.02325975445192746,-0.07846707871443753,0.029778678226310862,-0.0014180344671276268,-0.00740981147466746,-0.049225119996849864,-0.0027915870452360214,-0.020456369480454595,-0.007522302665574687,-0.00894498706978325
hltv_2394888_108788_spirit_vs_9z_m2_nuke,0,1780856706.0,-0.08735709868710961,0.1315092711597302,5,5,0.01649017513278722,-0.004365445490452313,-0.13245868683395484,-0.2905543786689283,-0.08123653938989761,-0.117324258238799,-0.009259284251051603,-0.04646902194435121,-0.009364001385588627,-0.026362228091010187,-0.009830519949637906,-0.012172584624887739
hltv_2394885_108789_b8_vs_gamerlegion_m3_nuke,0,1780857014.0,-0.05523873030772827,-0.036542527436740906,5,5,0.005967026663156627,0.0568686503736735,0.13230235471636953,0.04984017464797713,0.07098208559393587,0.04375783332160316,0.024672524200518298,0.025951571566966758,0.0018931019718034237,0.008189044101300613,-0.0033118007000387806,-0.003426517267582363
hltv_2394887_108793_g2_vs_fut_m1_anubis,0,1780861805.0,0.014859114403749905,-0.008838441374748521,5,5,-0.005925507239251004,0.016821575042043346,-0.12933967596074514,-0.18170102408358674,-0.06678523445325585,-0.05776003440542821,0.053160423183845784,0.025789391669892525,0.029554196083625972,0.03109886376149007,-0.003152658231506844,0.0007535961838917582
hltv_2394887_108793_g2_vs_fut_m2_overpass,1,1780865545.0,0.014859114403749905,-0.008838441374748521,5,5,0.040033413762327635,-0.009902637658027902,-0.14329742559906022,-0.1771732070316071,-0.058782061779416694,-0.037292423289490395,0.05119821310114536,0.02658934716285144,0.02688649561016404,0.028528240372051705,-0.003882581174149191,0.00022303814772223207
hltv_2394887_108793_g2_vs_fut_m3_ancient,0,1780868520.0,0.014859114403749905,-0.008838441374748521,5,5,-0.017243451579868285,-0.01657666104898059,-0.05693666967334721,-0.17520479873243522,-0.04640179649657594,-0.06103077451195943,0.04659431284781207,0.022696799848408333,0.026593095589817983,0.03026362869346405,-0.0030252069034347184,0.0011569305446825218
hltv_2394890_108804_mibr_vs_b8_m1_mirage,1,1780922659.0,,-0.03561069916463223,5,5,-0.0031832807416457554,-0.014575106651942449,0.2810670840006765,0.20621623804882924,0.15853852881006864,0.11865490773048559,0.10398489385753124,-0.00871073790145277,0.11673776828247134,0.11864055948984747,0.018896317782182537,0.060935598172855376
hltv_2394889_108803_astralis_vs_pain_m1_nuke,1,1780923351.0,-0.41079845408352694,-0.05046115527984937,5,5,0.0018136298068095469,-0.0012580566995792353,-0.1000029381728984,-0.23735109766368434,-0.07191566309223224,-0.11766649177557564,0.10086542280900601,0.07933587002890774,0.011880176667954101,-0.0012408168171649248,-0.0019816552977536817,0.004658246860786974
hltv_2394889_108803_astralis_vs_pain_m2_overpass,1,1780926388.0,-0.31775952768905885,-0.0474724449079643,5,5,-0.04475284566449997,-0.0047939461330229055,0.19001493763640076,0.2931868738373562,0.0809474533836046,0.1220578226010689,0.09138387111983531,0.06767349165064362,0.003827004311417803,-0.009521722568524904,-0.0037751027467187726,0.00035357222073506556
hltv_2394890_108804_mibr_vs_b8_m2_nuke,0,1780926529.0,0.06995858860691047,-0.03672602624257515,5,5,0.007586853537006721,0.022923851573807108,-0.14216324050811957,-0.20504327113092527,-0.10458417699905953,-0.12384883464283014,-0.03237695666634588,-0.0007274679608578194,0.058820305764090364,0.06768092759666783,0.023978256703886924,0.05134374305384881
hltv_2394890_108804_mibr_vs_b8_m3_ancient,0,1780929912.0,-0.026847250036188052,-0.03159752154054221,5,5,-0.0008499509784530845,-0.05315001761026411,0.027488381023665742,0.1698078620216914,0.029120675543008734,0.05880302511344909,-0.029054727985052375,-0.01680922164924048,0.029496592541418565,0.03575011700958319,0.017902479528751403,0.03652327699097674
hltv_2394891_108807_monte_vs_betboom_m1_nuke,1,1780931748.0,0.025975486403260736,-0.44830526678465676,5,5,0.007616930337397687,0.0682792626947159,-0.20911833225538962,-0.17364143324061926,-0.12887353596090168,-0.11684661090896836,0.005423875504493747,0.03370896019665648,0.015262009530379206,0.013444739533439054,0.014232616326526504,0.00913679675103235
hltv_2394892_108806_tyloo_vs_9z_m1_overpass,1,1780934369.0,-0.13690407710316183,-0.18356456503355162,5,5,0.08065635794757242,0.13440311002126754,0.1265684042563311,0.20179356863178066,0.11954691229681891,0.06558018208278349,-0.06727933566341437,-0.0709085439040597,-0.01453566927732558,-0.022053141765316697,0.011145933959001042,0.0015040595163848258
hltv_2394891_108807_monte_vs_betboom_m2_mirage,0,1780934957.0,0.025975486403260736,-0.44830526678465676,5,5,-0.001316367040673283,-0.05357579674612334,-0.07297437542373275,-0.22479820783411153,-0.03304141637870239,-0.10153991074725427,-0.008232892501101041,0.008358231167623908,0.011092056466680211,0.010907557670217283,0.01744414721958626,0.007669442910039348
hltv_2394892_108806_tyloo_vs_9z_m2_inferno,1,1780938041.0,-0.13690407710316183,-0.18356456503355162,5,5,-0.0012055295879782602,-0.008539334597712667,0.13055378312273258,0.25594386314531636,0.09369400475826117,0.12357150744302986,-0.05848569175894802,-0.06114261504627061,-0.011283151221316234,-0.01690008694925821,0.011691015085384782,0.00044415376939754836
hltv_2394891_108807_monte_vs_betboom_m3_dust2,1,1780938646.0,0.025975486403260736,-0.44830526678465676,5,5,-0.0018919388582060437,0.09001977141343342,0.13769628428797953,0.20491954510373916,0.07691910979897737,0.07012454227546006,-0.010464240571531391,0.01955599337953562,0.005761738231513658,0.0038260020979557496,0.01717823802815549,0.006079473647181921
hltv_2394893_108809_g2_vs_big_m1_inferno,0,1780941917.0,,0.014859114403749905,5,5,0.008624518776799428,-0.01071630214884095,-0.18660124592167893,-0.32614765752641856,-0.14072042619945807,-0.16300282111357595,-0.08131255031315099,-0.07013566217465977,-0.031076135863113585,-0.033134625022705144,0.012312285872644546,0.01886700650140316
hltv_2394894_108812_m80_vs_legacy_m1_dust2,1,1780942484.0,0.0704516609506113,-0.004555816535860691,5,5,0.0023589022142567195,0.06043363382270589,0.055884535942820224,-0.04564191806751128,0.038651017893088946,0.002250018664861131,-0.04837433531848501,-0.05177426381565081,0.025045453323157996,0.016969957623673648,0.02003545817998531,0.0020807221449371527
hltv_2394895_108825_monte_vs_pain_m1_nuke,0,1781009060.0,-0.1971366425790953,-0.44830526678465676,5,5,0.013599187234640597,0.00329146375471312,0.007613271733710736,-0.09133106896458193,-0.006493802023117168,-0.01996938483272903,0.007362733663585086,0.011475762118542399,0.02768939573881768,0.017411879427469967,0.018180949508052602,0.026286260067744704
hltv_2394895_108825_monte_vs_pain_m2_dust2,0,1781013382.0,-0.1971366425790953,-0.44830526678465676,5,5,-0.014925041031071618,-0.005674278446749281,0.1426703820478356,0.2810046368707419,0.09511837650154892,0.12357824636389958,0.008182808455126978,0.009779803409835086,0.017462077643165763,0.002580859099946542,0.012248330688884645,0.019844096034904224
hltv_2394896_108829_legacy_vs_tyloo_m1_mirage,1,1781018469.0,0.0704516609506113,-0.18356456503355162,5,5,-0.004387674935490138,0.08334902565962837,-0.18119345610151597,-0.08458533500756227,-0.10366875411850862,-0.06928720563895913,-0.00871543666175112,-0.04868237019620447,0.025251560332792022,0.027308906225431417,0.012828252559448916,0.0051411137572228705
hltv_2394896_108829_legacy_vs_tyloo_m2_inferno,1,1781021694.0,0.0704516609506113,-0.18356456503355162,5,5,0.0038528331176290176,0.02952576524428477,0.11780858217419277,0.32785105996750413,0.08242562601696957,0.1260728881610294,-0.010127398682629685,-0.04270251320094759,0.02262331217530339,0.027755514833140593,0.012633728913028275,0.005511560827849538
hltv_2394897_108830_big_vs_b8_m1_ancient,1,1781027008.0,,-0.027238222789805235,5,5,0.017509294183373214,0.011848493491696088,0.17757605582260072,0.3426203734061386,0.10099789197686698,0.1459284311351597,-0.034496027406310414,-0.05242012759638692,-0.004264198819827425,-0.011620285974907052,-0.0028929739502340235,0.01238282239134636
hltv_2394897_108830_big_vs_b8_m3_dust2,0,1781033897.0,0.26236426446749106,-0.0338186638642866,5,5,0.009188273615842901,0.005036656813822454,0.22277178178146964,0.36961235879185994,0.11130245553900181,0.17173064705486396,-0.015276347283985414,-0.03248832296554566,0.00153558886299765,0.007391346578080438,-0.003683407038737707,0.012370351135175595
hltv_2394903_108851_parivision_vs_9z_m1_overpass,0,1781170709.0,-0.053788286798143875,-0.13690407710316183,5,5,-0.07681728833582069,-0.03974268775582146,-0.10037646001559442,-0.06619324255835107,-0.08892867553949535,-0.06623626193137866,0.047746601457928306,0.07335744322194881,0.0059168130332799,0.01348933206776537,-0.010636684956753295,0.003335865192944709
hltv_2394903_108851_parivision_vs_9z_m2_dust2,1,1781174454.0,-0.06444502387229809,-0.07275935428242832,5,5,-0.0006865302889114133,0.09432285545063407,-0.03633666721008555,-0.005226515764296835,-0.028759192849996396,-0.051317516155286014,0.04524888380998726,0.06995022679907548,0.00010787377057841496,0.007148246286946491,-0.014823051503031703,-0.0010060671121876474
hltv_2394904_108852_the_mongolz_vs_betboom_m2_mirage,1,1781175061.0,0.025975486403260736,-0.0036622624859095326,5,5,-0.008039212631414938,0.005311142869130925,-0.06209325413278444,0.007688401762926622,-0.032591036911466253,-0.049696622166437,0.02316712153436551,0.02741934306327637,-0.01609254092954776,-0.003380909889337369,0.0026889058773814645,-0.0110851869080823
hltv_2394904_108852_the_mongolz_vs_betboom_m3_ancient,1,1781178876.0,0.07310425832861545,-0.011115636482710013,5,5,-0.0063371214996942316,-0.015789507216448728,0.06661771189068538,-0.020857445885462844,0.010911453283771855,0.0037391431023396926,0.015532865053528133,0.02670357612560076,-0.012571477976379808,0.005334454161959268,0.006241418859864123,-0.0075064068131512895
hltv_2394905_108855_mouz_vs_legacy_m1_dust2,0,1781182457.0,0.0704516609506113,-0.0495006437730307,5,5,-0.006412910148837714,-0.014391774698204407,-0.1934863037911495,-0.3322501043244872,-0.08899762860491228,-0.12311552364907807,-0.0010731514764388272,-0.02118545584123932,0.024522606643827605,0.029316545889021772,0.01065181275145588,0.008207921473739221
hltv_2394898_108857_vitality_vs_fut_m1_anubis,0,1781182721.0,0.2431943483597708,-0.008838441374748521,5,5,-0.0071314453805028655,-0.0027607769056330334,-0.1823105476528501,-0.19488656333267898,-0.0860623864232698,-0.09166074649809763,0.05712044663103,0.028556503035812142,0.04064985251573899,0.045229902951497036,0.006337080459862865,0.01881221857055848
hltv_2394898_108857_vitality_vs_fut_m2_overpass,1,1781185750.0,0.23093739674168406,0.007312646846286557,5,5,0.1047571389461055,0.018181671748310924,0.1562406174163231,0.020958638980425714,0.11718530045237419,0.048238156917637276,0.05472736701027392,0.02682300811106214,0.03644132397018923,0.039245063498040356,0.004771853017938532,0.016235747518402954
hltv_2394898_108857_vitality_vs_fut_m3_nuke,1,1781189235.0,0.2359426482330521,-0.009461927481126044,5,5,0.00177370153427997,0.00439400872701412,0.1675174217306492,0.45173264246918426,0.11019016201136195,0.19384218406004855,0.05621438466315121,0.028445594515360384,0.03804832385611345,0.04054842923769031,0.006167938734887302,0.017208064188537264
hltv_2394901_108860_furia_vs_b8_m1_mirage,1,1781190573.0,0.08072064097149752,-0.02612975263623098,5,5,-0.0005362875018628532,-0.043985892907962454,0.2452907956596677,0.25801503531373704,0.14618953390813472,0.13664816137085678,0.005417265343270861,0.014396037072804735,0.018194017546748542,0.025416777980439675,0.006636910874452173,0.011729743606579301
hltv_2394899_108862_falcons_vs_g2_m1_inferno,0,1781193716.0,0.019280150745500373,0.014859114403749905,5,5,-0.011998389191912096,-0.04768882454187384,-0.13398638035742583,-0.1423309227908276,-0.05094574825310211,-0.06730725247690361,0.04725075048748373,0.044043526469880245,-0.008562201620710086,-0.009842486872257805,-0.008904858992556497,-0.005779155434538441
hltv_2394901_108860_furia_vs_b8_m2_inferno,1,1781194037.0,0.082936791059923,-0.03045137966542153,5,5,-0.0035993131408380563,0.014928681526264143,0.07497629016975282,0.2715581205069745,0.07680077798255952,0.1122468359789981,0.006595748764286258,0.014491499343586067,0.01807123108773695,0.026480053871492493,0.006441877768059712,0.011928079083362852
hltv_2394899_108862_falcons_vs_g2_m2_dust2,1,1781197632.0,0.01515550885462603,0.02029589961990273,5,5,-0.01790055291711601,0.1035899248099092,0.13001629786291108,0.0527726750186171,0.06010037571676219,0.06401332869347864,0.044522364117467905,0.04311890026354892,-0.012379925324193686,-0.013256946040929363,-0.00959924399037182,-0.007758832691196094
hltv_2394902_108861_aurora_vs_monte_m1_nuke,1,1781198541.0,0.016361436914305794,-0.44830526678465676,5,5,0.0016293844822209969,-0.0257047322144508,0.21002365487762736,0.24977949773030286,0.1321145265416142,0.1411895189151427,-0.01948179929716809,-0.017280214780698855,0.02147062130647348,0.012560197128897832,0.016278295058483272,0.02126652765513115
hltv_2394902_108861_aurora_vs_monte_m2_anubis,1,1781202396.0,0.019337619150158088,-0.38145890158511625,5,5,-0.0023587440158004958,-0.04628265842863194,0.195077813235312,0.19214692261821292,0.11866531281958453,0.12745424971192426,-0.015884447615413633,-0.01484433699794191,0.023313979556466635,0.012680614206900975,0.016202268748772952,0.021186114190726302
hltv_2394899_108862_falcons_vs_g2_m3_ancient,1,1781202452.0,0.02171945623344479,0.006052763831351252,5,5,0.005697310925341648,-0.04418096134599281,-0.1264661312383618,-0.10580125022174586,-0.05442860485705847,-0.042318969774644,0.039943758750038194,0.0410707321539337,-0.010182833138555336,-0.011858754414573736,-0.007732962660765452,-0.006123756106443112
hltv_2394900_108864_natus_vincere_vs_spirit_m1_dust2,0,1781205746.0,0.06273452001161718,0.1428120627752116,5,5,-0.01682696886551216,-0.040997996929306946,-0.20910133187568508,-0.13548504402104034,-0.11580607984462726,-0.07255653799558337,0.03260932245554071,0.012292201405685599,0.0029341315604660134,0.0034820908783113613,-0.016240367930306143,-0.014822733178198044
hltv_2394900_108864_natus_vincere_vs_spirit_m2_anubis,0,1781209761.0,0.05329185165078787,0.15401513255493962,5,5,0.003225994500859919,0.016277688242534616,-0.009706321841585153,0.12734205804849863,-0.001776365253977008,0.036416816013380204,0.028540880572978655,0.00927602136456196,-0.0017326863626319633,-0.0006520197403165895,-0.01775834760586248,-0.016172552102292403
hltv_2394972_108871_the_mongolz_vs_b8_m1_mirage,0,1781258589.0,-0.04039046845246704,-0.01575440846028584,5,5,0.0038241879579661853,-0.0022938755794038035,-0.2843790888228218,-0.3050414970051191,-0.16865325127177994,-0.13857228643114838,-0.018860304904797842,-0.02211407558034184,-0.012595262843162758,-0.01155341627589429,0.0006369097197754803,-0.002050046946372619
hltv_2394971_108874_furia_vs_mouz_m2_inferno,0,1781261316.0,0.08977770068763428,-0.0495006437730307,5,5,0.009656012243867917,-0.010226193612489942,-0.12212887357733282,-0.37598869380589595,-0.06602419066304871,-0.12834000099357912,-0.04863343729859848,-0.0029253276974584574,0.002268186710174036,0.009822460208039896,0.018381500122856276,0.014781161255580266
hltv_2394972_108871_the_mongolz_vs_b8_m2_overpass,0,1781261599.0,-0.03932068244850962,-0.014804119369787594,5,5,-0.08445408263522991,-0.07197850355277322,-0.1351488154828177,-0.1427057424100649,-0.10506572294208005,-0.0064444640726513125,-0.01637053301580982,-0.020079842640383927,-0.011194731866996044,-0.009463148198942839,0.0006319283071730686,-0.0016029043824257738
hltv_2394971_108874_furia_vs_mouz_m3_overpass,1,1781265094.0,0.08274857279304772,-0.03413776284956812,5,5,-0.05842176864952653,-0.009453861650606236,0.10812761052105824,0.43932262461845506,0.021502981764467743,0.05272711534667124,-0.04740391385821319,-0.002102061993602966,0.000186615850804428,0.004974946437304728,0.016999720072748525,0.012693339210799959
hltv_2394974_108877_parivision_vs_monte_m1_mirage,0,1781266680.0,-0.3794896217049037,-0.06107420916705362,5,5,0.002686857805499765,0.03951652797369615,-0.1689929063023194,-0.09130954863436097,-0.09623927073876531,-0.04101103643441251,-0.017778158310507997,-0.03316369755713361,-0.027054405277930016,-0.01724679760147524,0.001284301794407472,-0.013150521198360132
hltv_2394974_108877_parivision_vs_monte_m3_inferno,1,1781274113.0,-0.36562658380372914,-0.0535071540475709,5,5,0.007877062860712547,0.08112537867431457,0.1061286751410398,0.21221652952456155,0.05976865823439642,0.08273559531656827,-0.022829229759355973,-0.03295027300733422,-0.029520492526109388,-0.019277988419759196,0.0001328804359450042,-0.013597054401259301
hltv_2394973_108878_fut_vs_g2_m3_mirage,1,1781275880.0,0.0007984032360245593,-0.02153057674040718,5,5,0.01105686224536817,0.15146734109692506,0.0652495166953096,0.29004840035385854,0.023404387525811476,0.10142593755668472,0.062492268373467996,0.03269704480796498,0.027330793370970552,0.02744144740670329,-0.007556529541514312,-0.00017124156524478407
hltv_2394976_108879_natus_vincere_vs_legacy_m1_inferno,1,1781277823.0,0.05276240257680038,0.0704516609506113,5,5,-0.0022524662101147674,-0.013085234878943253,0.1562676952940918,0.25715923574838145,0.08705150329108191,0.13980696435928108,0.011727516464978494,0.05956872147197112,-0.014785962896970983,-0.0022591497976380825,-0.004272173158161252,-0.003765955377897645
hltv_2394975_108882_falcons_vs_betboom_m1_nuke,0,1781280214.0,0.02347737627806414,0.08835766048944314,5,5,-0.013916102227046645,-0.004675323694194822,0.16824888748659028,0.34055602028192244,0.11254917214073629,0.14602897697585282,0.03303085749782275,0.004846384329602604,0.01693552096978851,0.011424492412057785,-0.011171178676410431,0.0041869552795722464
hltv_2394976_108879_natus_vincere_vs_legacy_m2_ancient,1,1781281787.0,0.06119556102691971,-0.04471683878179622,5,5,-0.0021313918288436984,-0.04753278486570611,0.11438893520877624,-0.053026886239107895,0.05898978675797778,0.020069363713129562,0.010290861757919934,0.05883733035896599,-0.009403941642396718,0.00674623179336703,0.0005218734566772021,0.00021724099781827988
hltv_2394975_108882_falcons_vs_betboom_m2_ancient,0,1781284061.0,0.020952316012805398,0.08322380556173133,5,5,-0.013881362524295171,-0.019232303070565282,-0.2005782522845776,-0.3933515346995607,-0.11097583728392518,-0.12277528853714453,0.03307949956914946,0.014256637037635744,0.02060220548260261,0.019068617292730405,-0.009939013869267932,0.005477720526853969
hltv_2394978_108889_vitality_vs_9z_m1_inferno,1,1781285355.0,0.23717401563893245,-0.07267837934412748,5,5,-0.007910750527488686,0.004163251456730022,0.16094865048798612,0.2633187272734523,0.11348542988216864,0.1334291937047074,0.001548255705279722,0.023711203942361647,0.026836191703542456,0.04523856766247675,0.015566475658985612,0.022536350731009902
hltv_2394977_108891_aurora_vs_spirit_m1_dust2,1,1781288436.0,0.024477697481012205,0.14812024728879972,5,5,-0.00396890491291696,0.0013306510251971382,0.15953438033570977,0.31702250339323734,0.11360939066878617,0.15761418142343137,-0.011358368132577179,-0.04497360427543329,-0.004743692010116929,-0.021515736670229324,-0.003328791191822611,-0.003808918149810492
hltv_2394978_108889_vitality_vs_9z_m2_mirage,0,1781289084.0,0.24169984837716962,-0.10594089872693273,5,5,0.007421899296337187,0.04528562514249079,-0.23895418179342243,-0.21094201420331252,-0.14896949911909235,-0.11144858784903994,-0.000997459789222166,0.025343813495339318,0.029390884184264665,0.05197842155637927,0.018781371388923107,0.025628918929284594
hltv_2394977_108891_aurora_vs_spirit_m2_anubis,0,1781291889.0,0.027208933767406972,0.13876282612557794,5,5,0.006933267559200318,-0.14564043218740597,-0.13307830646093133,-0.0833153377723862,-0.0635952489036613,0.003063180944758548,-0.01101148605519131,-0.04345531103715833,-0.003970512483298438,-0.02129905726232728,-0.002757333345770885,-0.003956917106809066
hltv_2394978_108889_vitality_vs_9z_m3_dust2,0,1781293198.0,0.2343339020653606,-0.08537176357099116,5,5,-0.02537501840966233,-0.061000129451380336,0.15132026889871614,0.1614832007557203,0.09065267820260897,0.12212523279599163,0.004109644747512076,0.026192169398841003,0.030647487583018995,0.05393208622570672,0.017927228437687903,0.025343072761944252
hltv_2394977_108891_aurora_vs_spirit_m3_nuke,0,1781295276.0,0.02288670196633375,0.1418874616231939,5,5,-0.023289399783761322,-0.08560135366856042,-0.12465733503806942,-0.15188734878682883,-0.06371865266939425,-0.08761328381146133,-0.012242730918251898,-0.04687190896342708,-0.005098374885500023,-0.0232212819567561,-0.0033258764018063713,-0.0038030029707279422
hltv_2394979_108913_natus_vincere_vs_the_mongolz_m1_nuke,0,1781344144.0,0.06149478160780629,-0.00616055581298563,5,5,-0.004755095798039566,-0.011969719639573495,0.09687169489169528,0.176765640539369,0.07193631849842175,0.08703936955770813,0.058186467367679295,0.0433845964364864,0.007465190386078624,0.026678823615093827,-0.010413859728939934,-0.0031236272648400565
hltv_2394980_108910_b8_vs_fut_m1_dust2,1,1781344209.0,-0.04675249267883189,-0.02153057674040718,5,5,0.002105192630649899,-0.003825040068475838,-0.1662151168466645,-0.029265142562820978,-0.05249138867689013,0.0016038278647991788,0.02221307100852471,0.004170799898678079,-0.0029607359618936124,-0.012753730281189202,-0.007999146249691613,-0.0051928086850879795
hltv_2394980_108910_b8_vs_fut_m2_mirage,0,1781347848.0,-0.041318149330730976,-0.027131344051363766,5,5,0.0043434020028862985,0.013992107169937151,0.07396966352698159,-0.003580923039832873,0.032362428668142706,0.013477414870126492,0.02139518216979336,0.005367934350279935,-0.001603559042569036,-0.009044783125930489,-0.006807535694659805,-0.003881438486736055
hltv_2394979_108913_natus_vincere_vs_the_mongolz_m2_ancient,1,1781348777.0,0.060151480223804975,-0.005653725307228645,5,5,-0.010566231621012223,-0.02685038501400555,-0.19727156174004395,-0.29261173713321076,-0.11228025586932178,-0.11198917616411447,0.05666116679556099,0.04300329204574549,0.008535087295135524,0.02806179223792782,-0.009929768367455072,-0.0024537783216443954
hltv_2394980_108910_b8_vs_fut_m3_ancient,0,1781351736.0,-0.04096020196985664,-0.02504043195968744,5,5,0.001532439337925351,-0.13335738181969425,-0.08693063739959023,-0.1678703494183531,-0.0423407557545587,-0.04535506952247176,0.020899913204101284,0.004967382164372758,-0.0015985750275132604,-0.010305976844529774,-0.006858520952889635,-0.004402157068680301
hltv_2394979_108913_natus_vincere_vs_the_mongolz_m3_mirage,1,1781352156.0,0.062366795506534886,-0.01058572288933221,5,5,-0.006649824903891877,-0.017491322917109864,0.23290816215220345,0.15251995675090782,0.130781912785156,0.09219429568274001,0.05452663733352914,0.04118663645073917,0.008917858306082826,0.026532254039583425,-0.009302990243048703,-0.0016574706775594472
hltv_2394982_108924_falcons_vs_monte_m1_inferno,1,1781356164.0,0.014364421047035732,-0.29056474957050543,5,5,-0.008076560721848147,-0.021780209895553293,-0.02451951988083112,0.16445706708089347,-0.01673377628907141,0.05166911019919096,0.02277802959444697,0.022085435619333793,0.025702583379012323,0.019836121991350264,0.006723593885971213,0.00913298012824304
hltv_2394981_108922_aurora_vs_g2_m1_overpass,1,1781356366.0,0.015018407603998581,0.0007984032360245593,5,5,-0.07150491104816009,-0.03832161320443611,0.02849034805052575,0.10488238181853743,-0.0036097851169888395,0.014277489348858197,0.0035560339421009113,-0.01282751157384554,-0.016577663486002925,-0.025637565131261086,0.0020441802889108462,0.00232252920305559
hltv_2394981_108922_aurora_vs_g2_m2_anubis,1,1781360175.0,0.018311803642337688,-0.009829946827982784,5,5,0.02058266528686903,-0.036034248544035696,0.012915477106505868,-0.05384359505070324,0.006515202534633446,-0.017835687291231084,0.006796368997459945,-0.008801322761239017,-0.015324146437214914,-0.024479823604193318,0.0022204101855004543,0.0021864245895318324
hltv_2394982_108924_falcons_vs_monte_m2_dust2,0,1781360418.0,0.02255580554311854,-0.2912183226637638,5,5,-0.0014456019891239125,0.02092562502364448,-0.1348842832402719,-0.25734908559722064,-0.07418834912425787,-0.1262592402532557,0.020626311201371483,0.02198084028341346,0.025636900344427505,0.020905725346325288,0.008301247667634348,0.01032190045395126
hltv_2394983_108931_vitality_vs_mouz_m1_mirage,1,1781364387.0,0.22949436028179293,-0.05129329438755058,5,5,-0.012810842805316247,0.0072946596679115405,0.2320712843549112,0.27525085141618855,0.14405979439486127,0.13489397081840476,-0.02128721071129913,0.006046253767609311,0.022518680480016096,0.036052666124688215,0.023156374408380476,0.02470475358808072
hltv_2394982_108924_falcons_vs_monte_m3_mirage,1,1781364463.0,0.014308670195561302,-0.22657408641099905,5,5,-0.00826874062577998,-0.0083363602654552,0.12049677782391977,0.10739118215631921,0.08196937529366627,0.05174988963700172,0.018949093509024406,0.020191916094134732,0.02121802480683821,0.015964302027737243,0.007101972219323294,0.00846725106497781
hltv_2394983_108931_vitality_vs_mouz_m3_inferno,1,1781371462.0,0.22985703395986987,-0.06035492945672578,5,5,0.0018384127337373046,-0.012588197641980603,0.06366517269308658,0.16360159246554454,0.051057685241477135,0.08511934291193207,-0.019845892877689786,0.0052982674339513425,0.024689276469111954,0.03801660915989158,0.02351687201851671,0.025460444953085415
hltv_2394985_108937_betboom_vs_furia_m1_overpass,1,1781375360.0,0.0890162186185833,0.09531017980432493,5,5,0.07462049487391809,0.10539138184756014,0.13669402370547812,0.11894282061529776,0.1273671291077325,0.05258322060630055,-0.033985849668309864,-0.03122937930257902,0.017945656387235,0.01681557835910713,0.004203295406582375,0.018464918836614164
hltv_2394985_108937_betboom_vs_furia_m2_dust2,1,1781378741.0,0.09304541176495279,0.05673162880508937,5,5,-0.003112648544863872,0.013582493798617257,0.19687041255887372,0.3354575321629214,0.10883272774281894,0.16296844805720062,-0.020888147937277335,-0.014636205766873078,0.018761473858136424,0.018233403325422615,0.0044532060303565935,0.01832492663439761
hltv_2394986_108946_spirit_vs_9z_m1_overpass,1,1781380847.0,-0.0779317436479304,0.14977908816576185,5,5,0.05061935425724079,0.019195362033333052,-0.09036740796768217,-0.24808703260332582,0.022676662888697185,-0.056972576028801625,-0.023661665441661373,-0.0676739337177224,-0.00899630938461049,-0.03497029603273277,-0.013255881115137702,-0.014531693379992772
hltv_2394986_108946_spirit_vs_9z_m2_mirage,0,1781385460.0,-0.05686286189454321,0.13946131547739785,5,5,-0.0002927188138435177,-0.013011306175364945,0.2820289556156741,0.2514544277752275,0.15269049571144905,0.12585142735125276,-0.02658063285290624,-0.0696349684257278,-0.007883624124970567,-0.03336015649983248,-0.011518955984355983,-0.01331241376658171
hltv_2394986_108946_spirit_vs_9z_m3_dust2,0,1781390380.0,-0.06284298966682338,0.13880741854186157,5,5,0.002022005401442817,0.07939211365650095,-0.0024045281829687126,-0.008609943197253334,0.006625847187086198,-0.024162776313009116,-0.028014216545769854,-0.0670835886897202,-0.008910241731317825,-0.03339929714508538,-0.011359330301549342,-0.013074287168512999
hltv_2394988_108960_the_mongolz_vs_monte_m1_nuke,1,1781441737.0,-0.2083101520201087,-0.01874845676107615,5,5,0.030362060828188597,0.09260446036411552,0.07621670248391121,0.0657786608954975,0.02970380627051661,0.02056498206537205,0.03889374263409584,0.024287352403952855,-0.011927733318400469,0.0012520953888198738,-0.014852355473576828,-0.008205921912755987
hltv_2394987_108961_mouz_vs_fut_m1_ancient,0,1781442013.0,-0.07999342838314821,-0.021989891565179706,5,5,0.016693519835791037,0.01497282444088277,-0.01707795150607405,0.014047686806545279,0.008906571959578558,0.0022288677063673212,0.06705126976983738,0.014051642302182199,0.013566566262066426,0.00591261698278106,-0.016415234724635464,-0.006330172038997106
hltv_2394988_108960_the_mongolz_vs_monte_m2_inferno,0,1781445153.0,-0.1733652447718837,-0.022561035385645942,5,5,0.005144984896988336,0.014249184203912996,0.20308003764962684,0.4290652529091756,0.11419375911095409,0.1854168845902205,0.03863475355379964,0.02441514183977539,-0.010610613513696743,0.002649382685964319,-0.013696996557287677,-0.007575392629533606
hltv_2394987_108961_mouz_vs_fut_m2_nuke,1,1781445947.0,-0.07999342838314821,-0.021989891565179706,5,5,0.001916166145421172,0.026968234709275618,-0.14891684286196277,-0.20144971394690087,-0.10048836212373596,-0.130048410643883,0.06547489328480283,0.014278994462999017,0.014036392277527121,0.006246295746738795,-0.015510372731689537,-0.005577563553148479
hltv_2394988_108960_the_mongolz_vs_monte_m3_dust2,0,1781449308.0,-0.17744504972750053,-0.017269377049746064,5,5,-0.010044341155239445,-0.013758209278427969,-0.19004379171804509,-0.30719035827918906,-0.10221927605431425,-0.14444573347950918,0.03724650634258164,0.022103143821695814,-0.011029894690656739,0.003227640312386093,-0.014244764293126544,-0.007360558262270223
hltv_2394987_108961_mouz_vs_fut_m3_mirage,0,1781449439.0,-0.07999342838314821,-0.021989891565179706,5,5,-0.004657121110710372,-0.0025712372174720444,0.19502911280070687,0.1607681418829981,0.11783031885424866,0.0985287009025469,0.06375401707996614,0.013416348060557415,0.012421268200740465,0.005017523704429039,-0.01572339883503726,-0.005892604718428784
hltv_2394990_108964_aurora_vs_9z_m1_nuke,1,1781452240.0,0.022799434270380114,-0.06603341386675116,5,5,-0.007889074275771235,-0.009700356958769418,0.0810704102334901,0.1653186042940287,0.07539892603702236,0.0903979238883359,0.018982458234650612,0.022880254074794104,0.002654491399281811,0.009035158039292668,0.007268451932959941,0.008220107718003855
hltv_2394989_108968_betboom_vs_vitality_m1_overpass,1,1781453541.0,0.2360221068764917,0.021948754904387517,5,5,0.0647846310186464,0.020550404577952874,0.1291569366943644,0.04884906218300189,0.12076290713006138,0.03922120597124229,-0.005240596621751803,-0.008378682055372622,0.04185788030848747,0.051126774687626,0.013794014744933525,0.03308842081098745
hltv_2394990_108964_aurora_vs_9z_m2_dust2,1,1781455323.0,0.030954557615594597,-0.09153480958144712,5,5,0.004708522531178039,0.02474490766613402,0.010449258539677986,-0.030737355291573565,0.0016486571462643318,-0.018653533971399683,0.018428591796158855,0.02321335549703396,0.006280835542314511,0.015280440182516952,0.00907565830802931,0.010212100891085596
hltv_2394989_108968_betboom_vs_vitality_m2_nuke,1,1781457696.0,0.23784318729102621,-0.009975145056819509,5,5,0.0024057594456463605,0.018441615488588498,0.15100149103971322,0.3445488178953223,0.09341706356461504,0.1625636067624644,0.0040659738026723735,0.001403037194516843,0.04190602272613697,0.050614421770432294,0.013163320357199748,0.031762716535381375
hltv_2394992_108969_g2_vs_legacy_m1_dust2,1,1781459243.0,-0.02317265163790173,-0.05092009042725687,5,5,-0.022279186664260542,-0.13630411106669582,-0.023256959651150877,-0.09685844240199426,0.0010889962619815008,0.01944632296726767,-0.030784711523201946,0.02171000950642349,-0.0028644369045788265,0.006056135047106059,0.011269865840395354,0.008314605004932418
hltv_2394991_108975_natus_vincere_vs_falcons_m1_dust2,1,1781461279.0,0.015061107247462896,0.06749024160241651,5,5,0.006730783779032468,-0.006922678296089058,0.21811328144779712,0.08689807875745131,0.10231647872416544,0.07361117681401663,0.004453478473201211,0.0005068312884737858,-0.0022047717054534677,-0.013661272216288323,-0.0006356753557579253,-0.0010559556382105928
hltv_2394992_108969_g2_vs_legacy_m2_overpass,1,1781462403.0,-0.02317265163790173,-0.05092009042725687,5,5,0.0720886657806481,0.07652033876696693,0.028854278743193684,-0.010124457331757153,0.0351796420404068,0.039839480814277295,-0.031208677480156766,0.017128014850218476,-0.00041905871003700135,0.006325778032843343,0.012854666843006624,0.009747969379505506
hltv_2394991_108975_natus_vincere_vs_falcons_m2_mirage,0,1781464875.0,0.02157948587368264,0.06236345028445849,5,5,-0.007478676223815928,-0.03479718590860564,0.21014485010886624,0.12910823699632484,0.12448474900958018,0.10329707173974367,0.005122229612016693,0.001307063664792496,0.0002386637542086678,-0.011318745823721832,0.0005237514102598984,-2.8551619062011646e-05
hltv_2394993_108984_9z_vs_the_mongolz_m1_inferno,1,1781528204.0,-0.10718912559302086,-0.017462246024198245,5,5,-0.012203018151916933,-0.08323932556745145,-0.022995191318066266,0.03643379575629119,0.001685169718743329,0.02133761755714242,0.00246929512100702,-0.019102024347087743,-0.005475029953407928,-0.010295854804348803,-0.005823638189549563,0.0006092327392827612
hltv_2394993_108984_9z_vs_the_mongolz_m2_overpass,1,1781532019.0,-0.08766373528792995,-0.022919261436107622,5,5,0.06931088062483137,0.06150450735391044,0.08727194340901911,0.1005670330225209,0.08524895905137586,0.0308537428187467,0.0032808700864485063,-0.017659888754777642,-0.002659724402178598,-0.005251868760245304,-0.004353068546287642,0.0028075278274661275
hltv_2394994_108988_betboom_vs_fut_m1_mirage,1,1781536373.0,-0.030597287709538467,-0.021989891565179706,5,5,0.0033377218783933738,-0.023863527151650854,0.25089109332056425,0.21319069305270327,0.15333948491099175,0.12194920390247427,0.034954561043736954,0.004013910164750445,-0.0031327839325729356,-0.008698430628273301,-0.004647630041129225,-0.010889213386162777
hltv_2394994_108988_betboom_vs_fut_m2_dust2,1,1781540160.0,-0.030597287709538467,-0.021989891565179706,5,5,0.0036429835641841324,0.0009927972778426275,0.21728325148890948,0.09579688632251854,0.1155714639701636,0.06415112491977681,0.027360690590457426,0.0015006289693656472,-0.0028562497841758683,-0.00932033359824791,-0.0032451460827795375,-0.009969743343923532
hltv_2394995_108991_natus_vincere_vs_g2_m1_dust2,0,1781546478.0,-0.02317265163790173,0.062152266043993876,5,5,-0.015068515989051234,0.011412240223905079,-0.11456558936951428,-0.22104081833749326,-0.04831981157530901,-0.09897835843191116,-0.0357702993187059,-0.034010908940470375,0.010036540868644805,0.0019621166442615467,0.010280294887770824,0.008920306826310231
hltv_2394995_108991_natus_vincere_vs_g2_m2_inferno,1,1781551751.0,-0.02193371000004932,0.06104530248394892,5,5,-0.016801632749577022,-0.022470266765021785,0.07706776518650632,0.12459539370573897,0.06507972594123901,0.07607330331340978,-0.034389359090658655,-0.03319827081127774,0.009255455183659667,0.0008452175576006415,0.009525158124707278,0.008201357265564813
hltv_2394996_109018_aurora_vs_betboom_m2_anubis,1,1781797082.0,0.036616245788065674,-0.030597287709538467,5,5,0.006979947031403866,0.00707935862413267,0.18191409437058711,0.24064778397165926,0.08785766518438176,0.11128697817104544,0.023075725595072427,0.0074661196809233665,0.014417399458961366,0.01414969851933745,0.0029297116994859707,0.014785471987107612
hltv_2394997_109024_9z_vs_furia_m3_overpass,1,1781813675.0,0.09748589554034247,-0.07036649807656337,5,5,-0.0576426428943142,-0.04489442151795897,0.023782871830629715,0.08185131446278782,-0.02171680352564176,-0.03524008254180255,-0.01389472421210819,0.017803636364316533,0.010571163078844648,0.024205763522100743,0.012565003765363902,0.010640271560628967
hltv_2394998_109032_g2_vs_spirit_m1_overpass,1,1781894848.1963546,-0.014758047769287616,0.13734630364472333,5,5,0.022631164052294206,0.0012947158201009334,0.060515718420994846,0.054379472395730044,0.0791814721374492,0.03529486330987258,-0.00949283444647031,-0.03246651834796854,0.010426428177345792,0.0005532167435259305,-0.00717509593462895,-0.006383607719666562
hltv_2394998_109032_g2_vs_spirit_m2_dust2,0,1781894860.304443,-0.009216655104923952,0.13132469809169797,5,5,-0.0015488195176860953,0.00736933925610056,0.16966003851107503,0.41730244800966665,0.10657106176696485,0.17272863729557864,-0.009930299308573587,-0.03143522931913362,0.011132248162364022,0.002794475263280416,-0.006168270574574586,-0.005077585424951903
hltv_2394999_109038_falcons_vs_vitality_m2_inferno,1,1781910799.8054693,0.2377052324004191,0.019971077953352526,5,5,0.007741892374617532,0.03640100966572102,0.11844797857023293,-0.06914514581526471,0.05014087756020458,-0.030007780314684596,-0.04458536270846036,-0.04482540322832057,0.021362430214528993,0.030618682398344477,0.021801491269453244,0.025565325392731875
hltv_2394999_109038_falcons_vs_vitality_m3_dust2,0,1781910804.2193758,0.2346473757956944,0.01726661602093155,5,5,-0.006454940814742294,-0.09913121296394334,0.04087363799185467,0.04311074223975775,0.03494524545785199,0.057542841614774465,-0.043987799915545245,-0.04370613497131909,0.022128053517852242,0.0303486751297245,0.022121339424028996,0.025220537749827132
hltv_2395000_109049_aurora_vs_furia_m2_nuke,1,1781970037.0,0.10076617579801442,0.03994313112693434,5,5,0.005871382901752931,0.00014462687125144091,-0.12000470780999051,-0.2668454277029575,-0.08326219135340457,-0.12460544078829888,-0.03665139947096885,-0.011439389905130437,0.005120680169122982,0.01055822536360762,0.0028108527996377197,0.0018718839259658226
hltv_2395001_109056_spirit_vs_falcons_m2_mirage,0,1781983253.0,0.018509346297626416,0.1268954317819084,5,5,-0.003286025517338975,-0.012016364744081076,0.2664028775192346,0.2509780269479165,0.15509908780028253,0.1315117602040154,0.03456349830673289,0.01085948800604608,0.0014709049104528749,-0.010816331373469878,-0.016530599329726725,-0.015636475655313842
hltv_2395001_109056_spirit_vs_falcons_m3_dust2,1,1781988035.0,0.014300550142196332,0.1274449465681203,5,5,-0.0031144199805918094,-0.003352382646576668,0.024051949361151903,-0.10817618877681062,0.02064212109319724,-0.02254771924036547,0.03445274289362521,0.011210496109852919,0.0014706754121582288,-0.010862543509745859,-0.01624895163454365,-0.01567292713577495
hltv_2395002_109068_furia_vs_falcons_m3_inferno,0,1782065350.0,0.10588830077820426,0.014165942704393803,5,5,0.009492912486301353,0.013165445978167267,-0.08062775105895686,-0.11918203488173312,-0.06444148561353236,-0.05316549539943255,-0.06791222591817919,-0.05223852579975574,0.0017444376863738342,0.004320309328892269,0.017186941612080175,0.013996850224537782
hltv_2396018_109851_liquid_vs_spirit_m2_anubis,0,1785422629.8815446,-0.17114825619582946,0.1232083397369666,4,5,0.004007395093894028,-0.14591761245027834,-0.1220912436679309,-0.2557644176233051,-0.08743698811425527,-0.0717859269836632,-0.021126279876622744,-0.0014815377300121946,-0.050784847100427966,-0.059752232148911344,-0.025023747013244058,-0.03312490761200004
hltv_2396018_109851_liquid_vs_spirit_m1_dust2,0,1785422634.9006433,-0.2038133175143005,0.12951241101802244,5,5,-0.009863019327866929,-0.030193553720707533,-0.13995839148619849,-0.056212971621301955,-0.052667830109964064,-0.027388455610814433,0.012447598231921875,0.009269793158382389,-0.06019965851703507,-0.06459496138809395,-0.03124856252154523,-0.04232058178089321
hltv_2396017_109861_3dmax_vs_mouz_m1_dust2,1,1785429198.043504,-0.3398678256223512,-0.028315920117287854,4,5,0.006771822505309832,-0.0026944657451264398,0.1257056553003968,-0.008831574611621096,0.0586669989132379,0.013114923227093345,0.09244448058262977,0.05421045824990117,0.015683654961214932,0.008389119631894815,-0.02214380134538857,-0.012360236017335657
hltv_2396017_109861_3dmax_vs_mouz_m2_nuke,0,1785435280.2599058,-0.3398678256223512,-0.028315920117287854,5,5,-0.0034170576706001876,0.009710829669102194,0.021047678785518498,0.14635992930725528,0.01644494831310067,0.03495984900885113,0.0953418852809731,0.05411741612712845,0.010563444314716008,0.0002686750349577549,-0.027163258376401656,-0.019165275666485904
hltv_2396016_109884_faze_vs_the_mongolz_m1_nuke,1,1785510629.013151,-0.11930394849709013,-0.035980572364222835,4,3,0.007567932572750791,0.0050090752960313956,-0.241198075354012,-0.3691279255431985,-0.1524997999395593,-0.18852521859558408,0.07703830640743592,0.05195508873105753,-0.026549640728189716,-0.030871378583853804,-0.02756066788684086,-0.021930342260835234
hltv_2396015_109896_pain_vs_astralis_m2_inferno,0,1785525506.8214593,-0.1971366425790953,-0.05691557161334906,5,5,-0.01043143019899928,-0.06417853026324205,-0.1711487439686208,-0.033716172286647805,-0.09418436248896694,-0.03903950946796497,0.06505546281004432,0.04227710052238126,-0.009790409402048172,-0.025304434050946567,-0.010634113159084468,-0.004238829514582876
hltv_2396020_109915_faze_vs_spirit_m1_dust2,0,1785590698.034012,-0.11930394849709013,0.13255784070599247,5,5,-0.014514338039554375,-0.07052079936359129,-0.05770081134507571,0.011478731538820786,-0.0018701735952242893,0.04306838423180587,0.022031174810620002,-0.021955080207846422,-0.02196232266930037,-0.03574617835194316,-0.0189689156533146,-0.0208132417733225
hltv_2396020_109915_faze_vs_spirit_m2_cache,1,1785590701.477583,-0.1433104652743934,0.13715206222532556,5,5,-0.004023441419622686,0.03426808041893081,-0.29169818941215697,-0.21568908418908894,-0.1835550703646726,-0.15816576020637912,0.03506183170569932,-0.011418474599527162,-0.03101792664270081,-0.04903912692233381,-0.03220789138882907,-0.03286424860351689
hltv_2396019_109924_astralis_vs_mouz_m2_mirage,0,1785601012.0294986,-0.05395833743832838,-0.028315920117287854,5,5,-0.003984910782701134,-0.05780061105262424,-0.13228296473167395,-0.24178315612458978,-0.072558858955029,-0.10732127593861956,-0.04837756637256835,-0.027293494746781,-0.0005444469190712953,0.0009219601305400227,0.005673869169706247,0.0005027153794563421
hltv_2396019_109924_astralis_vs_mouz_m1_ancient,1,1785601013.8698611,-0.05874829269469065,-0.017241806434506103,5,5,0.002513025387934076,0.05934775384758734,0.06271722330344959,0.042139655682261856,0.012878795133028365,0.004455222229960087,-0.04707290396863506,-0.026106099835714158,-0.0021746644502856904,-9.945729561672279e-05,0.004517130832371152,-0.0005185498617971684
hltv_2396021_109950_spirit_vs_mouz_m1_dust2,1,1785681878.0166228,-0.02076609774399619,0.1320500841245992,5,5,-0.005941714106963647,0.015391445261256742,0.15187686214100893,0.29550142755500375,0.09200611209614273,0.13874688154449472,0.006134820898811344,-0.023810693616787115,-0.012871738281267864,-0.025907096605993274,-0.01142318124021413,-0.013952690505191101
hltv_2396021_109950_spirit_vs_mouz_m2_mirage,1,1785681880.9464283,-0.0028465718054298096,0.12077972134478172,5,5,0.0032018310907580005,0.044033391476787864,0.07751787283737349,-0.02697482527802575,0.032476848987277374,-0.010318981062436283,0.006347441886778049,-0.023386023330254968,-0.009719867421606743,-0.02238846231215269,-0.009757706239722885,-0.012356012143505346
hltv_2396021_109950_spirit_vs_mouz_m3_ancient,0,1785681888.0112762,0.017103865230536284,0.10873859692160061,5,5,-0.0018817359415750357,-0.011504198345230532,-0.12827078350980908,-0.08625193788258295,-0.05466199553420048,-0.05850459106806283,0.006149662190864547,-0.0221102307278343,-0.0063405158920603055,-0.019436354512416598,-0.007654205947979498,-0.010888063631407263
hltv_2396021_109950_spirit_vs_mouz_m4_nuke,1,1785681890.46879,0.013266312897476802,0.10823595875785433,5,5,0.01360305344429169,0.0390292580734356,0.19181815533908314,0.11422888185234681,0.09604458475345556,0.07812366343925498,0.006125817886048601,-0.022137946940164743,-0.0063970764650521095,-0.020186664833220513,-0.007507172889879066,-0.011011153110133731
hltv_2396577_110241_luminosity_vs_spirit_m2_dust2,0,1786626593.0,-0.13988510266843587,0.10328449858847226,4,5,0.0002701314062710791,-0.05547443476864472,-0.008797493004675694,0.04380484916053273,-0.009491961201488985,0.03099687447589683,0.013350828223716804,-0.013724162906760096,-0.015676872358988347,-0.02147281841366616,-0.014673801935925102,-0.017884189311833942
hltv_2396575_110240_gamerlegion_vs_jijiehao_m1_dust2,1,1786627438.514942,-0.09704578914947083,,5,0,7.99406930169777e-05,0.011586758626603633,0.1564153968255732,0.27538777992311136,0.09882709957661107,0.13531884432656982,,,,,,
hltv_2396575_110240_gamerlegion_vs_jijiehao_m2_ancient,1,1786627457.3281486,-0.09704578914947083,,5,5,-0.010525467934616395,0.09679292543319801,0.10843800228085615,0.17156235293767946,0.044162454794281825,0.0477006598475031,-0.07591520296567789,0.011487575990756727,0.031549922584887535,0.05661343756980308,0.0419459174310699,0.013771788589338863
hltv_2396576_110245_big_vs_g2_m1_cache,0,1786629524.0,0.007168489478612497,-0.026013027463799986,5,5,0.006726560691106054,0.011998798308919256,-0.1799018327321188,-0.2073626561324123,-0.11668408705834304,-0.11545778189061268,-0.032927848894375555,-0.06796096568133964,-0.024231726211097704,-0.030904394479881914,-0.01364498896271904,0.0030142160899018777
hltv_2396578_110242_aurora_vs_m80_m1_dust2,1,1786632471.0,0.06758214518413608,-0.004555816535860691,5,5,0.010553743744739275,0.0443754737720467,0.08028827497661867,-0.015680751940904847,0.0285664791930606,-0.014988746513693751,-0.06777480398436275,-0.02055713229570688,-0.011109447495460667,-0.011782150693896598,0.01866212921678101,0.010427717989716978
hltv_2396576_110245_big_vs_g2_m2_ancient,1,1786633932.0,0.007168489478612497,-0.026013027463799986,5,5,0.0033406880553212837,-0.05837213185287915,-0.19342803454199747,-0.17638002903098388,-0.0803642495129901,-0.08568797480538876,-0.03380159344040984,-0.0564244719493307,-0.04157422042412662,-0.04797160063601896,-0.02102205130408319,-0.005082515819282818
hltv_2396580_110247_legacy_vs_faze_m2_mirage,1,1786646049.0,-0.1195054192341471,-0.06297479916138843,5,5,-0.018999945253093342,-0.06899659211911058,-0.09544006204257899,-0.15712858439497013,-0.033169121726892736,-0.06416418187576228,0.022561176900426805,0.030484045310164576,-0.021139734717120495,-0.01829262665013559,-0.011049139302202082,-0.004770963340384904
hltv_2396582_110259_ninjas_in_pyjamas_m1_nuke,1,1786707093.0,0.09952959534703307,-0.05037035938894967,3,5,0.013545155594345548,0.0386226512509632,0.18758735759687745,0.15869833487691173,0.08787260585444556,0.06695835412289936,0.021159020250524185,0.15766850348441508,0.011947365479003769,0.046826622023911524,0.013665950875930255,0.013980940838105749
hltv_2396582_110259_ninjas_in_pyjamas_m2_anubis,1,1786711329.0,0.09952959534703307,-0.05037035938894967,5,5,-0.0039021173679644194,0.046246577742291683,0.02011490119425874,0.045874750810638076,0.009113964335010327,0.0445154204588768,0.05824409173903822,0.13295346990312668,0.06542953598093154,0.07697034639744404,0.04031350304025766,0.030338665948623444
hltv_2396584_110273_fut_vs_mouz_m1_ancient,0,1786716582.0,0.017843960582181385,-0.03169279335300036,5,5,-0.002480736678010853,-0.08121181923448473,-0.14629771931527663,-0.20727111243279048,-0.05799163767447485,-0.07353462553761825,0.048667697650183694,0.017194657878366937,0.011345363707036704,0.0083146800790459,-6.29633866964241e-05,0.000774705297454048
hltv_2396583_110274_b8_vs_vitality_m1_mirage,1,1786717640.0,0.22858226831109976,-0.04117163076764784,5,5,-0.006951891535489696,-0.03166074568681143,0.006816018423807246,-0.01885664640887197,0.01002952600957685,0.005281372235911352,0.028361839733893224,0.010838768880411742,0.0415740101400639,0.055549551554817556,0.014093277251138847,0.02389939562465948
hltv_2396584_110273_fut_vs_mouz_m2_nuke,1,1786721176.0,0.017843960582181385,-0.03169279335300036,5,5,0.007966737433225235,0.06981475328120856,-0.1995116294099193,-0.2478349729089701,-0.12808290897008828,-0.16992420958259036,0.04676386455315479,0.014914817918235346,0.010094697761476201,0.005537864324625219,-0.00042184922897919863,0.00022809308909049753
hltv_2396581_110279_k27_vs_mibr_m1_cache,1,1786730466.0,-0.032260862218221435,,5,4,-0.0016283553322699873,-0.008429872584274328,0.3174784026899424,0.3478510168017442,0.2000475478214105,0.19607754403603955,-0.06592371672533015,-0.004847411616795971,0.030741276305366383,0.05246651599718993,0.018183079037277228,0.03501976887267505
hltv_2396585_110277_parivision_vs_100_thieves_m2_dust2,0,1786733821.0,-0.24512245803298496,-0.02030526616074557,1,3,-0.00789677462710936,-0.019230846825680492,0.03358704575482191,0.13160582438933416,0.04214545890903787,0.06468332161940044,-0.012125895655394903,-0.03098348421283853,-0.03194675523121121,-0.02264363464276009,-0.02822420740835274,-0.03321617402872129
hltv_2396587_110300_the_mongolz_vs_natus_vincere_m1_inferno,1,1786794244.0,0.0576626318279414,-0.035980572364222835,5,5,-0.007045631869827984,-0.0005634264285252488,-0.005270371348386205,0.09420552733158821,-0.0016035473398905986,0.01073839694267198,0.06467521009521315,0.07638621097235071,0.020860404607007,0.037105410016436746,-0.0182911022933544,-0.010266252793020236
hltv_2396590_110301_wildcard_vs_pain_m1_inferno,1,1786795215.0,,-0.14670185581426767,0,5,0.012499872678193469,0.05038092146560744,-0.14589137833323895,-0.25466158902563,-0.10013076017723449,-0.1333969863867489,,,,,,
hltv_2396587_110300_the_mongolz_vs_natus_vincere_m2_ancient,0,1786797733.0,0.06311312729322832,-0.04867020975196679,5,5,-0.008942042567577135,0.08211543054878001,-0.14583180673130114,-0.18976290410268432,-0.08686557238608045,-0.09346293657382881,0.02587036331436765,0.05205852387976262,0.007987658176114243,0.0428448664990031,0.0007712851434602541,-0.004764517743842345
hltv_2396588_110311_furia_vs_9z_m2_mirage,0,1786811369.0,0.10405032876880023,-0.07982415232352429,5,5,0.025460585486721143,-0.014286662462143829,0.04221096506961253,0.08419752222613677,0.0027413679984915063,0.04626898469138041,-0.009553330294692963,0.01957537358261291,0.011025614394605976,0.022219338839180647,0.011222957689852986,0.009071187165527184
hltv_2396591_110320_spirit_vs_big_m1_cache,1,1786820463.0,0.007168489478612497,0.10798645870502348,5,5,0.006491237130442973,0.039978826489131425,0.12570429879875253,0.17034184574720407,0.04611417756058883,0.07614739496039968,-0.046576372473634775,-0.05688512672758239,-0.031162980861014156,-0.03924542478260323,-0.017465383829774195,-0.007757130050042305
hltv_2396596_110327_lynn_vision_vs_vitality_m1_dust2,1,1786880136.0,0.226395586700587,,5,5,0.005358066096684044,0.028023909226343624,0.13692188991911242,0.3794661319109913,0.07997113547827062,0.140386028676525,-0.10505088822367159,-0.0460472692220093,0.031930336930590164,0.07555370891445579,0.06602984118755456,0.047022459240781744
hltv_2396596_110327_lynn_vision_vs_vitality_m2_inferno,1,1786883449.0,0.23413120037972746,-0.9304753668661115,5,5,0.0014426876984439119,0.16343950891561992,0.054278401851642455,0.22630520321777736,0.0250646662259299,0.05521029505362485,-0.06517550657268012,0.009323884523633252,0.048507760756860474,0.10105115788883029,0.060947094081791664,0.06188647898425115
hltv_2396598_110329_the_mongolz_vs_pain_m2_inferno,0,1786884186.0,-0.14670185581426767,-0.0450633511384287,5,5,-0.004202866395702665,-0.031220647889565578,0.09431125570610482,0.181690457729487,0.06321084897076001,0.07630070841344255,0.030922382350256794,0.020646745323428806,0.003753659729901937,0.0004811501986578537,0.0025446706427223464,0.006284975636937029
hltv_2396595_110336_mouz_vs_parivision_m1_dust2,0,1786888713.0,-0.02030526616074557,0.017843960582181385,5,5,-0.0036963746204100034,0.011693051542463417,-0.15070187000258484,-0.28695426947229846,-0.09654948457629037,-0.14075537897099094,0.033933330577651466,0.05805462043453241,0.027426803299322344,0.04067772245404827,-0.0046122818363044105,0.02292956415147157
hltv_2396597_110342_magic_vs_9z_m1_ancient,0,1786891561.0,-0.07363325104345364,-0.34945943214802416,5,5,0.004279763379792634,-0.027706293484345723,0.03923203020010618,0.014376175784103606,0.031249103789344146,0.026241195136697815,-0.048428739248424946,-0.041090558060163984,0.004231915654367313,-0.005869695950232123,0.0310292846775172,0.014154120754274802
hltv_2396595_110336_mouz_vs_parivision_m2_inferno,0,1786893317.0,-0.02030526616074557,0.017843960582181385,5,5,-0.012209458569847675,-0.006786100618316859,-0.049594740960878625,0.07878612003396918,-0.029765140027825265,0.006948620001769545,0.029520392702684806,0.04945087578709978,0.00812363111037584,0.013527876807590877,-0.015560325271623765,0.009448838115373837
hltv_2396593_110347_legacy_vs_mibr_m2_inferno,1,1786909389.0,-0.06297479916138843,-0.032260862218221435,5,5,-0.006871667917071944,-0.02594157663884744,0.002080607487888242,-0.21952393423436292,-0.014272815858084265,-0.0716712604897643,0.06501235753400358,0.025026485043744162,0.00871147703805425,-0.011205353301987131,-0.008447183047725182,-0.02248593677671079
hltv_2396601_110410_fut_vs_magic_m1_ancient,0,1787151953.0,-0.03169279335300036,-0.34945943214802416,5,5,0.008721171606481781,0.002054146559083647,0.01464044881478438,0.034865729868477524,0.01029810451732227,-0.004388904366565194,-0.05715548900587525,-0.01969083401129429,-0.004502597736560143,-0.0035922105963355766,0.03114117379620701,0.012471912497099003
hltv_2396603_110424_natus_vincere_vs_legacy_m1_inferno,0,1787226852.0,0.061223460088118145,-0.06297479916138843,5,5,-0.011581600009676118,0.003986697743896983,-0.07947923970386384,0.029975384943456085,-0.058662058800608874,-0.011233567561016122,0.024130318625855574,0.04173962099330397,0.00343749105943586,0.018424026704263186,-0.00113992259040413,0.0060334042362374385
hltv_2396604_110422_falcons_vs_the_mongolz_m2_dust2,1,1787229476.0,0.013860012362908713,-0.0450633511384287,5,5,0.003369602621222878,0.08155835710327197,0.058628342185998106,0.06258852751293481,0.02157929758998145,0.0012929597585881747,0.022018109737769964,0.04578778999619626,-0.003653627998699449,0.009115229179373963,-0.0014729713620182938,-0.0018292449660298749
hltv_2396603_110424_natus_vincere_vs_legacy_m2_ancient,0,1787229890.0,0.05746721403015293,-0.026833395303064576,5,5,-0.015199588378808582,0.011186550463266776,-0.14974918008294313,-0.198607804679266,-0.10376109998924932,-0.10679898652991165,0.015204499387952986,0.038498328450301045,-0.000701437227740076,0.016082593513387422,-5.3030329837111534e-05,0.005657481352576155
hltv_2396606_110429_b8_vs_spirit_m1_dust2,1,1787235910.0,0.10351399365377176,-0.04405436269617804,5,5,-0.0011531402198805552,0.07756177102012662,0.19230721571523496,0.1880259926072475,0.0858259654449563,0.07942363385422269,0.04717268358900728,0.047226932255177656,0.01639346401618552,0.033215755428996796,0.005055367736964134,0.011298602325269802
hltv_2396605_110428_faze_vs_vitality_m1_dust2,1,1787236185.0,0.23598286857647166,-0.1195054192341471,5,5,-0.004672624478273657,0.07660955915431622,0.18749377472533463,0.16671873928525044,0.08913544372158355,0.08346813025033484,-0.025230724965464524,-0.027233950612732205,0.0507322795195157,0.05518587061291169,0.028250057843979826,0.03600315205989896
hltv_2396605_110428_faze_vs_vitality_m2_cache,1,1787239568.0,0.23164013128628788,-0.10876380878953411,5,5,0.009524161163628975,0.00010762177520223792,0.1247600985332139,0.1358162659505191,0.0988524097657093,0.07703488197139635,-0.030482422551171506,-0.029867769143181455,0.04690336887791846,0.053687754743417526,0.02892483243384325,0.03480843349980245
hltv_2396606_110429_b8_vs_spirit_m2_mirage,1,1787239678.0,0.10306393548320603,-0.044715906433457804,5,5,-0.00793928205043093,-0.01112518492098069,-0.0364159846773639,-0.07481432761412543,-0.01278370530290257,-0.030424288681254907,0.045685814590213925,0.04635836398797666,0.017090257656317054,0.033980571610580546,0.005467742207731607,0.011571671103342396
hltv_2396607_110436_g2_vs_furia_m2_anubis,0,1787248478.0,0.10101945660153809,-0.026013027463799986,5,5,-0.006225666809328567,-0.046248136899786685,-0.1434293308883378,-0.12441771472043334,-0.08140357620978561,-0.06860178331151306,-0.024149070275548468,-0.033319580766724366,-0.009985821450473942,-0.018854987643855237,-0.0004751160848846525,0.00010806773841359751
hltv_2396608_110449_fut_vs_mouz_m1_dust2,0,1787314119.0,0.017843960582181385,-0.03169279335300036,5,5,0.004921519427663501,0.0014560269106508317,0.19310359195248455,0.10410850945041134,0.10139657211399644,0.06975523375986636,0.04715172738704809,0.014654748307557752,0.012740589960768212,0.008636162498409483,-0.00021643540489169055,0.0018778433634246694
hltv_2396608_110449_fut_vs_mouz_m2_ancient,0,1787317213.0,0.017843960582181385,-0.03169279335300036,5,5,-0.0037185777854314983,-0.009483960052598883,-0.11387213581076883,-0.06299716963723484,-0.04136505560694176,-0.03052257831670052,0.04571675994860469,0.013981176038072085,0.012084865750221385,0.0075248563467466,-0.0004433869235161425,0.0015769371425986
hltv_2396609_110456_legacy_vs_falcons_m1_mirage,0,1787322810.0,0.016669673624437383,0.027908788117076658,5,5,-0.01406459710943131,-0.051363105071208226,0.0298808516191576,-0.07074758041917967,0.027362051308960467,-0.02564846431961726,0.016380360765286706,0.03850093839314955,-0.004663171605405747,-0.0007538838648820656,-0.002584091891603635,0.0024389490420684834
hltv_2396609_110456_legacy_vs_falcons_m2_dust2,0,1787326969.0,0.011100946559446193,0.053257176673531345,5,5,0.010965652542161752,0.010882727032486383,0.10278178267602678,0.003509047851859848,0.04102789186482625,0.006969638100395692,0.021914765971798422,0.03870132534023557,-0.003161531297678488,-0.0017306914736915924,-0.0037265963007866443,0.0011651393849479996
hltv_2396610_110462_vitality_vs_spirit_m1_anubis,0,1787333650.0,0.23422442145335193,0.10363081949578087,5,5,-0.00018740802339622942,0.011842113706500679,0.02428524288746875,0.06579251551891563,0.011853888023787562,0.026465049017772857,-0.017976792252889173,-0.03945880063703938,0.024964453038355372,0.023525646740863215,0.008097141894612081,0.010850472492598129
hltv_2396613_110491_furia_vs_legacy_m2_nuke,0,1787483399.4438183,0.09552428454994182,0.0640576363002205,5,5,0.03031824664889049,0.061080844284696845,0.14940924970647051,0.012828282192897722,0.07260553521346164,0.02879317484039695,-0.04328540634659156,-0.010578112740346923,-0.00388085523361259,-0.001286135479680317,0.01288912335240644,0.01294235222706469
hltv_2396614_110499_fut_vs_spirit_m2_anubis,1,1787497232.708665,0.10292289818292316,-0.03169279335300036,5,5,0.002711016521645626,-0.08852402989536312,-0.10525671297513167,-0.17855685841393049,-0.06233369616375539,-0.06155323720332506,0.03170226669253662,0.03452839872731339,0.014270015292295934,0.02344500880356526,0.006938888898106288,0.011414392712795485
hltv_2396614_110499_fut_vs_spirit_m3_ancient,1,1787504275.047972,0.10473438076791937,-0.03989448707329255,5,5,0.0010696764428850258,-0.009817777905922753,0.011274178455530914,0.047079614993493446,0.0070728756373305,0.009748251046344358,0.03106273998344078,0.0334187880538962,0.014373967700896106,0.02291224167801509,0.0067383344870032835,0.011241466197621341
hltv_2396923_110581_aurora_vs_g2_m2_anubis,1,1787743105.8793056,-0.01324522675002068,0.06758214518413608,5,5,-0.009562377726289983,-0.015069572800767372,-0.19364223863758057,-0.22859213886477953,-0.10942576945168625,-0.11331533629201107,-0.011774613500934117,0.011603758754338833,0.013821579503375592,0.02001409901539425,0.006463940248830957,-0.003685742399721359
hltv_2396924_110585_spirit_vs_dendele_m1_ancient,1,1787751154.1845975,0.10213659727344446,,5,5,-0.013195803202554313,-0.019137233119416952,-0.13961227366286932,-0.24052746095787922,-0.09239917852967272,-0.09910137529070745,-0.048513298647090974,0.02199295210045621,-0.013038489672217102,0.017893854312546253,0.009293032232983334,0.01192382226484795
hltv_2396924_110585_spirit_vs_dendele_m2_cache,1,1787752122.4054277,0.10213659727344446,,5,5,0.009544006307732888,0.11745476418397549,0.17540969349656169,0.1878226590163165,0.07912447308033543,0.06489537075539603,-0.04778309440726025,0.018760979379399134,-0.006201061549343301,0.021769459541696623,0.00815649242424027,0.02363387641993553
hltv_2396925_110600_natus_vincere_vs_m80_m1_anubis,1,1787764503.9989128,0.0508330657992322,-0.004555816535860691,5,5,-0.0022776564222373175,0.029740639928180046,0.03293020075699543,-0.08798932133261855,0.02098243375336234,-0.02126906942342499,-0.045816506596412454,0.006390568768476046,-0.006772411298896275,0.0010344596923757554,0.011789434710461066,-0.00018288478352407322
hltv_2396925_110600_natus_vincere_vs_m80_m2_mirage,0,1787764508.1896257,0.0508330657992322,-0.004555816535860691,5,5,0.007761063417687952,0.014392700528208846,-0.05140617198728703,-0.15958257098948936,-0.03312118624789645,-0.06381532801722722,-0.04559701373233849,0.0014520538219742196,0.0016811240397965332,0.006511091430402294,0.012962844911888982,0.0018406380943942757
hltv_2396926_110604_furia_vs_pain_m1_mirage,1,1787772423.1643293,0.08897475633902405,-0.14670185581426767,5,5,-0.006838221930451971,0.0023104330288270525,0.3291100371309764,0.3619907216034757,0.19720333279383068,0.20204724391012358,-0.06871197114182398,-0.0217790434554323,0.011129159707710723,0.032155736829751425,0.01997565496195125,0.013484094697110538
hltv_2396926_110604_furia_vs_pain_m2_cache,1,1787772982.074159,0.08897475633902405,-0.14670185581426767,5,5,0.009737648065779037,0.013713925467955523,0.04666452597718046,-0.0557165178471285,0.005824044210114732,-0.011194218594572591,-0.054184499473538206,-0.013180215760694836,0.022848586480136768,0.045561310066511096,0.023363498302201746,0.019096883305989687
hltv_2396927_110627_vitality_vs_inner_circle_m1_anubis,0,1787828330.0305276,0.23646827879965407,,5,0,-0.00385499299820502,-0.0575682146880081,-0.13213717634898392,-0.17630607595322195,-0.07038386315511869,-0.07433204952912098,,,,,,
hltv_2396927_110627_vitality_vs_inner_circle_m2_cache,0,1787828996.0067494,0.23646827879965407,,5,5,0.00697580131675668,0.04229686235535157,0.10160083832109568,0.12621894507777476,0.03537798556793692,0.05389726927583377,-0.10094034247444572,-0.07775776409280583,-0.0005604071341782091,-0.010714766730910763,-0.020034112713910424,-0.001522530584159687
hltv_2396928_110630_mouz_vs_9z_m1_cache,1,1787838982.8138494,0.017843960582181385,-0.07363325104345364,5,5,0.00048196021401758493,-0.0532601233913606,0.264710931819945,0.16091256308711063,0.16892812846565614,0.1186719440760044,0.046146667383019424,0.043268115942818985,0.005046094363576781,0.010870063964362908,0.000677857717048258,-0.0006878050993869289
hltv_2396929_110642_legacy_vs_fut_m1_ancient,1,1787847495.1935763,0.08501407855206095,-0.037661354636310415,4,5,0.015264328964634033,-0.08688323444544221,0.05257064524849353,-0.0838192082509881,0.045459690067756076,-0.002524070111679988,0.030409042860876645,0.00048370502319128317,0.021839524653081033,0.025722075620264573,0.0011823926903778426,0.002375634503464341
hltv_2396929_110642_legacy_vs_fut_m2_dust2,1,1787848576.648805,0.08501407855206095,-0.037661354636310415,5,5,0.017060024495589188,0.12098135031419854,0.18449935231752618,0.15321841960794214,0.08697614834556189,0.06553429311712716,0.03990915831736219,0.011193197013415979,0.02201778598762888,0.016473019459271543,-0.004329771923041792,-0.008629814530946078
hltv_2396930_110648_falcons_vs_lynn_vision_m1_inferno,1,1787855282.566313,0.007544927899680055,-0.6120216357475767,5,5,-0.005734762421528483,-0.021577563961838686,0.15268241168377888,0.30652664332887736,0.10899531205355911,0.1457959740181275,-0.033917917446395274,0.059074184247218386,0.0187292599828765,0.07053137487263444,0.042993234489251186,0.04503307227448833
hltv_2396930_110648_falcons_vs_lynn_vision_m2_ancient,0,1787859279.3678331,0.007544927899680055,-0.6120216357475767,5,5,-0.017121541476360913,-0.032412758372046074,-0.16069169663458377,-0.3106213196044658,-0.09812716842429575,-0.10693850248674946,-0.031532003966258326,0.06931699374102185,0.02075661509728166,0.07947225914945377,0.044707858957369506,0.04945172504282158
hltv_2396931_110666_aurora_vs_dendele_m2_mirage,1,1787915409.5318165,0.06758214518413608,,5,5,0.006981567607159789,0.017855795549945375,-0.09210204623157608,-0.17607704634332288,-0.07220023722586061,-0.07420528928197612,-0.024477802862147846,-0.008976933830507683,0.017837680763419628,0.025096938301751748,0.004793589892640615,0.022459511621658435
hltv_2396932_110675_g2_vs_spirit_m1_dust2,0,1787925378.780091,-0.01324522675002068,0.10213659727344446,5,5,0.01556196408749877,-0.010338268508553294,0.11917830982080213,0.22252070104632055,0.07821563412202726,0.120432445618875,-0.010796646125334486,-0.013539605769539387,0.013410052385304516,0.013153363077777425,-0.00017810110336763385,-0.0033144660574107587
hltv_2396932_110675_g2_vs_spirit_m2_cache,0,1787925385.6183238,-0.01324522675002068,0.10213659727344446,5,5,-0.01800680166080776,-0.11513196080405513,0.056439827507648255,0.04426416703337033,0.04966160363023142,0.06583772428031748,-0.006761246132827692,-0.0127620362391348,0.014663355505472597,0.013655751587683396,-0.0004958652945044051,-0.0030225538958461584
hltv_2396933_110682_natus_vincere_vs_pain_m1_nuke,0,1787931553.471241,-0.14670185581426767,0.0508330657992322,5,5,0.013048095839915674,0.03055601805989766,-0.15857117814930677,-0.360911139624225,-0.0998279433234936,-0.13175066547054548,-0.017188714964781804,-0.038359134718470744,-0.02619889939410802,-0.05135872134783548,-0.004048827362376939,-0.0049863609950484555
hltv_2396933_110682_natus_vincere_vs_pain_m2_mirage,0,1787934855.2367826,-0.14670185581426767,0.0508330657992322,5,5,-0.0073479681297349275,-0.02248752227578793,0.286457567034638,0.21053695216145768,0.16405991244697854,0.10295177893342711,-0.01594329097709335,-0.03307036331606017,-0.02865016728564712,-0.050252728756078835,-0.0049496091327867475,-0.006442670985717047
hltv_2396934_110690_m80_vs_furia_m2_dust2,1,1787944624.4668846,0.08897475633902405,-0.004555816535860691,5,5,0.006812237031649793,0.08527363224244622,0.14773059557409873,0.12158904131412546,0.07089133661060626,0.026919465064996095,-0.09813077196916475,-0.045099549334476685,-0.0028220657843435193,-0.009005931184048188,0.025121252589856424,0.011436003247273618
hltv_2396934_110690_m80_vs_furia_m1_cache,1,1787944626.7094939,0.08897475633902405,-0.004555816535860691,5,5,-0.004324825668316545,-0.030770815690973174,0.12306762763891393,0.1297516280351776,0.07096005592408156,0.037961677454726506,-0.0994518722576363,-0.043624506825107934,0.004392719407395662,0.0007766047273352061,0.02849251942851677,0.01601751138510199
hltv_2396935_110710_vitality_vs_9z_m1_dust2,1,1787999730.464401,0.23646827879965407,-0.07363325104345364,5,5,-0.013239453090795661,0.005586473748155407,0.17633834153627487,0.25966934529632657,0.11034372159832945,0.1282050479979887,0.027145082272421628,0.02875636544728294,0.025466854429734787,0.03968741103829254,0.014521346494878351,0.01291419175729358
hltv_2396935_110710_vitality_vs_9z_m2_nuke,1,1787999734.655552,0.23646827879965407,-0.07363325104345364,5,5,0.01508175054640637,0.046172722623893825,0.1699735548285145,0.02694818098523516,0.09221735720318713,0.048058882482507115,0.025476190432137336,0.0268066340281658,0.02815474951363578,0.042596701496081524,0.01660072901112808,0.015284189842932172
hltv_2396936_110717_inner_circle_vs_mouz_m1_ancient,1,1788009352.865894,0.017843960582181385,,5,5,0.011922474883354017,0.0003054653578501987,0.19009796473099425,0.21981444629824623,0.12029714559408944,0.11985912742467808,0.03699969397205005,-0.020908131345209024,0.03507085182115899,8.737696831345731e-05,-0.017671059764528763,-0.0060073865943421345
hltv_2396937_110727_fut_vs_lynn_vision_m2_anubis,0,1788017115.0428796,-0.6120216357475767,-0.037661354636310415,5,5,-0.002695294089958944,-0.00840173067953598,-0.2080135591058595,-0.2011963501414905,-0.10799626957103375,-0.11598678650091471,0.05983126316938825,-0.04942750924649997,-0.0027898378220095887,-0.051801402506519045,-0.04207268594681057,-0.04612080667770979
hltv_2396938_110733_legacy_vs_falcons_m1_mirage,1,1788024988.5095618,0.007544927899680055,0.08501407855206095,5,5,-0.002882666254923727,-0.0029060546268862564,0.35313593501473545,0.32332706360238855,0.20130805902809773,0.17318586278449616,-0.007564305056004583,0.0128477647474311,-0.007018470638186447,-0.007422535473871783,-0.00012931993965192845,0.008892891009677384
hltv_2396938_110733_legacy_vs_falcons_m2_ancient,0,1788029118.1212158,0.007544927899680055,0.08501407855206095,5,5,-0.012354548269019716,0.04404605668277245,-0.2469453866445622,-0.22333236214604246,-0.12712163183684339,-0.12125204352470875,0.008135070055341309,0.01261627050740155,0.003402265673966176,-0.0016575096028974001,0.00162046579264008,0.009680472027453702
hltv_2396940_110759_g2_vs_natus_vincere_m2_inferno,1,1788090776.6349225,-0.01324522675002068,0.0508330657992322,5,5,0.0057789765262389325,0.05645838918620372,0.14852509043410161,0.10862180092873519,0.07441874297597201,0.0356347869073082,-0.02331752304250534,-0.01023166602095632,0.005203771298503523,0.007905360326729394,0.01130786952341939,0.007723767941803961
hltv_2396939_110768_aurora_vs_m80_m1_dust2,1,1788099494.5382078,0.06758214518413608,-0.004555816535860691,5,5,-0.0027035499389361783,0.07915105687721458,0.20346250881991934,0.21931007354637186,0.11879889345201244,0.09573131133203017,-0.047146180754583544,-0.019206016304342988,0.003607484598428967,-0.0034281303018872666,0.015872201900927863,0.013150196793421387
hltv_2396939_110768_aurora_vs_m80_m2_inferno,1,1788099496.7999547,0.06758214518413608,-0.004555816535860691,5,5,-0.005034219786823002,0.011962714766443616,0.11067050462853179,0.19360813495996676,0.08549859260537185,0.09414025619796268,-0.05036098927707833,-0.02055183001469152,0.009758963554409195,0.0014076408463840062,0.019380108712095,0.015897487495140805
hltv_2396942_110787_inner_circle_vs_fut_m1_mirage,0,1788103791.328842,,-0.037661354636310415,5,5,-0.0068262089968818,-0.050501393001934736,0.22977813942651293,0.17176228800586546,0.13444608195392133,0.09809667017285617,-0.0025123031151687014,-0.0019449214071755594,-0.03715669726238757,-0.02594556699433931,0.0016290455654222602,-0.004384620606162848
hltv_2396942_110787_inner_circle_vs_fut_m2_nuke,0,1788108160.416576,,-0.037661354636310415,5,5,0.008720023036918267,0.0041474748603960165,-0.212157905446893,-0.3494200563593364,-0.13657574516901272,-0.1658663357013564,-0.031881610345104616,-0.0037963682324650416,-0.043704188973925584,-0.03695810742061262,0.0009204399295161814,-0.006670394927244361
hltv_2396941_110806_vitality_vs_legacy_m1_nuke,1,1788113983.7296095,0.23646827879965407,0.08501407855206095,5,5,0.007233712731165742,0.009886881781914436,-0.18679555058915254,-0.26732849093319266,-0.11018802968806413,-0.14159255211998928,-0.02514957666855122,-0.031369254745976294,0.012101575357205407,0.012510923471853452,0.02094785351568873,0.02357874697324225
hltv_2396943_110821_spirit_vs_furia_m2_cache,0,1788173236.1868203,0.08897475633902405,0.10213659727344446,5,5,0.004956270134390484,-0.05394675697750628,-0.08795504004967936,-0.13601021480275027,-0.022537467320255522,-0.04224709295626988,-0.04582325092742773,-0.048975687735167917,0.004303883531168562,-0.005584140263103887,0.004934020552569696,0.0017577462151815437
hltv_2396943_110821_spirit_vs_furia_m1_ancient,0,1788173246.8706045,0.08897475633902405,0.10213659727344446,5,5,0.0058857316918733416,-0.039889054713371785,-0.22992555017001448,-0.2460510740433169,-0.10390384638397177,-0.13234885057670814,-0.045078443405681345,-0.04870040597198533,0.0024044716576595015,-0.007590503738607424,0.003853075119519822,0.0006630476511056416
hltv_2396944_110828_g2_vs_aurora_m1_anubis,0,1788188255.1754515,-0.01324522675002068,0.06758214518413608,5,5,-0.003108077243396179,0.050563018014746164,-0.21575579960757804,-0.17899510160292592,-0.12119415517741372,-0.1281464769386001,-0.0011021612940697034,0.011832857400899177,0.012477785183337142,0.017845504198900075,0.0033742591626970686,-0.002752398704910952
hltv_2396944_110828_g2_vs_aurora_m2_inferno,1,1788188455.149085,-0.01324522675002068,0.06758214518413608,5,5,0.008271370438228898,0.013388350232151125,0.13805459198159042,0.011168359122251115,0.06700908303324082,0.036644731782936424,-0.0025166344663151152,0.010886245974741193,0.010488717226030786,0.016341014649446928,0.0025786862838980684,-0.00271781368902424
hltv_2396945_110839_mouz_vs_falcons_m2_ancient,0,1788198754.7946482,0.007544927899680055,0.017843960582181385,5,5,-0.00687036100747751,0.004272272078516881,-0.04249797872852895,-0.05466712602879059,-0.0362295373108284,-0.02507107725576413,0.010147419099377775,0.021781538659504218,0.007589058752540345,0.009760216687114798,-0.006510096341973637,-0.0032957852109881114
hltv_2396945_110839_mouz_vs_falcons_m1_nuke,1,1788198846.0819056,0.007544927899680055,0.017843960582181385,5,5,0.0033882202242637716,0.00237301666682993,0.2122817289797186,0.33356750339573915,0.13358752257570705,0.16980950584044668,0.009932638450572129,0.02126475214335405,0.006826863995348598,0.008302657946672176,-0.006794869362691858,-0.003579180603709431
hltv_2396946_110851_fut_vs_vitality_m2_dust2,1,1788207898.579855,0.23646827879965407,-0.037661354636310415,5,5,0.019775879350282577,0.034403231446376914,0.06233439901982146,-0.021871792569408743,0.021072989452379953,-0.015507118743534887,0.010562054756621975,-0.01389486233613102,0.02753672807341362,0.031119526448009527,0.012737303027010094,0.016500057760119702
hltv_2396946_110851_fut_vs_vitality_m1_anubis,1,1788208244.1998298,0.23646827879965407,-0.037661354636310415,5,5,-0.006176122867454392,-0.005368053897458203,-0.0934141758839972,-0.06387964643271726,-0.03927893685527911,-0.03502535558429498,0.010500456057427443,-0.012619726094511452,0.028030450860499823,0.03299585531465388,0.012811311059930552,0.01686617545773139
