is_ct,form_gap,pistol_rate_gap,side_prior,fk_gap,tk_gap,call_early_winrate,call_mid_winrate,call_early_alive_end,call_mid_alive_end,call_early_future_kill,call_mid_future_kill,y,mtime,key,map,p_cal
1,0.6678293725756554,0.0,0.55,0.0,-0.1,0.0033100662881599963,-0.0016888895367280221,0.07040215388859494,0.052022879075209416,0.03708182687322564,0.02375952652283614,1,1769957970.0,hltv_2389644_103938_falcons_vs_aurora_m2_mirage,de_mirage,
0,0.6678293725756554,0.0,0.44999999999999996,0.0,-0.1,0.0033100662881599963,-0.0016888895367280221,0.07040215388859494,0.052022879075209416,0.03708182687322564,0.02375952652283614,0,1769957970.0,hltv_2389644_103938_falcons_vs_aurora_m2_mirage,de_mirage,
0,-0.10598971419071462,0.0,0.44999999999999996,0.0,0.0,0.0025356185059350334,0.004912291803800151,-0.04167643102447732,-0.06276148983813906,-0.017574843867717627,-0.029847657452817034,1,1769970577.0,hltv_2389646_103946_the_mongolz_vs_furia_m2_inferno,de_inferno,
1,-0.10598971419071462,0.0,0.55,0.0,0.0,0.0025356185059350334,0.004912291803800151,-0.04167643102447732,-0.06276148983813906,-0.017574843867717627,-0.029847657452817034,0,1769970577.0,hltv_2389646_103946_the_mongolz_vs_furia_m2_inferno,de_inferno,
1,-0.07767966663252784,0.625,0.5416666666666666,-0.2,0.4,0.0014958555669987161,0.0054389269208675595,-0.016639247329080953,-0.01639692644613111,-0.00989684428233123,-0.010476403096824849,0,1769981411.0,hltv_2389647_103949_natus_vincere_vs_spirit_m2_dust2,de_dust2,
0,-0.07767966663252784,0.625,0.45833333333333337,-0.2,0.4,0.0014958555669987161,0.0054389269208675595,-0.016639247329080953,-0.01639692644613111,-0.00989684428233123,-0.010476403096824849,0,1769981411.0,hltv_2389647_103949_natus_vincere_vs_spirit_m2_dust2,de_dust2,
0,1.112575995685496,-0.625,0.46875,0.0,-0.19999999999999998,-0.005432436775178573,-0.0013902020105753254,0.14306077889697671,0.1341163603705095,0.07837689875677517,0.07912763788504834,1,1770043438.0,hltv_2389649_103964_3dmax_vs_vitality_m2_dust2,de_dust2,
1,1.112575995685496,-0.625,0.53125,0.0,-0.19999999999999998,-0.005432436775178573,-0.0013902020105753254,0.14306077889697671,0.1341163603705095,0.07837689875677517,0.07912763788504834,0,1770043438.0,hltv_2389649_103964_3dmax_vs_vitality_m2_dust2,de_dust2,
1,0.4200522385774805,0.13888888888888884,0.4642857142857143,0.13333333333333333,0.06666666666666668,0.00294628828253507,0.01057443877129094,0.06114436950119412,0.008497080708185833,0.04004172562887198,0.015932463740946867,0,1770044134.0,hltv_2389651_103966_mouz_vs_aurora_m2_inferno,de_inferno,
0,0.4200522385774805,0.13888888888888884,0.5357142857142857,0.13333333333333333,0.06666666666666668,0.00294628828253507,0.01057443877129094,0.06114436950119412,0.008497080708185833,0.04004172562887198,0.015932463740946867,1,1770044134.0,hltv_2389651_103966_mouz_vs_aurora_m2_inferno,de_inferno,
1,0.3770742077145569,0.0,0.5833333333333334,0.0,-0.2,-0.03466140614328106,-0.14863312043797194,0.14718961240881895,0.10040534334564144,0.03821968847479401,0.028937492279552057,0,1770059408.0,hltv_2389653_103979_furia_vs_natus_vincere_m1_mirage,de_mirage,
0,0.3770742077145569,0.0,0.41666666666666663,0.0,-0.2,-0.03466140614328106,-0.14863312043797194,0.14718961240881895,0.10040534334564144,0.03821968847479401,0.028937492279552057,0,1770059408.0,hltv_2389653_103979_furia_vs_natus_vincere_m1_mirage,de_mirage,
0,0.4804423565163537,-0.27777777777777773,0.5277777777777778,0.0,-0.23333333333333334,0.002074994845144118,-0.002699289634617741,0.08754443996306188,0.058003473256462545,0.052140389377520746,0.03766960910548289,1,1770063573.0,hltv_2389653_103979_furia_vs_natus_vincere_m2_inferno,de_inferno,
1,0.4804423565163537,-0.27777777777777773,0.4722222222222222,0.0,-0.23333333333333334,0.002074994845144118,-0.002699289634617741,0.08754443996306188,0.058003473256462545,0.052140389377520746,0.03766960910548289,0,1770063573.0,hltv_2389653_103979_furia_vs_natus_vincere_m2_inferno,de_inferno,
0,-0.4402441895939015,0.0,0.375,0.09999999999999999,0.2,-0.00214837279953195,-0.018567357670979112,-0.058870703152627435,-0.11862277338512905,-0.03329010725344139,-0.04946948689665659,1,1770063667.0,hltv_2389654_103977_fut_vs_astralis_m2_overpass,de_overpass,
1,-0.4402441895939015,0.0,0.625,0.09999999999999999,0.2,-0.00214837279953195,-0.018567357670979112,-0.058870703152627435,-0.11862277338512905,-0.03329010725344139,-0.04946948689665659,0,1770063667.0,hltv_2389654_103977_fut_vs_astralis_m2_overpass,de_overpass,
0,0.41632512203981104,-0.1923076923076923,0.375,-0.05,-0.22499999999999998,-0.19269149111823086,-0.26967188481480847,-0.004788991570818246,-0.006943444358043505,0.057702422919831076,-0.029261137303977724,1,1770126018.0,hltv_2389656_103994_3dmax_vs_falcons_m1_anubis,de_anubis,
1,0.41632512203981104,-0.1923076923076923,0.625,-0.05,-0.22499999999999998,-0.19269149111823086,-0.26967188481480847,-0.004788991570818246,-0.006943444358043505,0.057702422919831076,-0.029261137303977724,1,1770126018.0,hltv_2389656_103994_3dmax_vs_falcons_m1_anubis,de_anubis,
0,0.41632512203981104,0.0892857142857143,0.525,-0.026666666666666665,-0.14,0.0038933890506807067,0.025201271274618353,0.06904072850385035,0.036600612713445,0.031946981599914714,0.02009273133309003,0,1770129795.0,hltv_2389656_103994_3dmax_vs_falcons_m2_dust2,de_dust2,
1,0.41632512203981104,0.0892857142857143,0.475,-0.026666666666666665,-0.14,0.0038933890506807067,0.025201271274618353,0.06904072850385035,0.036600612713445,0.031946981599914714,0.02009273133309003,1,1770129795.0,hltv_2389656_103994_3dmax_vs_falcons_m2_dust2,de_dust2,
1,0.09670523039189287,-0.10869565217391303,0.5357142857142857,-0.09166666666666666,-0.12499999999999999,0.28484972672528375,0.22956968922910537,-0.0013488378231694687,-0.048425958463411134,-0.09091686164988766,-0.09583184665239047,0,1770135643.0,hltv_2389657_104002_astralis_vs_furia_m1_overpass,de_overpass,
0,0.09670523039189287,-0.10869565217391303,0.4642857142857143,-0.09166666666666666,-0.12499999999999999,0.28484972672528375,0.22956968922910537,-0.0013488378231694687,-0.048425958463411134,-0.09091686164988766,-0.09583184665239047,1,1770135643.0,hltv_2389657_104002_astralis_vs_furia_m1_overpass,de_overpass,
0,-0.03205073431407572,-0.0892857142857143,0.4772727272727273,-0.06999999999999999,-0.06999999999999999,-0.01876756099520982,-0.0024469609013502702,-0.05545801758954505,-0.07911388280801201,-0.04037866245482896,-0.05637913470375999,1,1770139710.0,hltv_2389657_104002_astralis_vs_furia_m2_mirage,de_mirage,
1,-0.03205073431407572,-0.0892857142857143,0.5227272727272727,-0.06999999999999999,-0.06999999999999999,-0.01876756099520982,-0.0024469609013502702,-0.05545801758954505,-0.07911388280801201,-0.04037866245482896,-0.05637913470375999,1,1770139710.0,hltv_2389657_104002_astralis_vs_furia_m2_mirage,de_mirage,
1,-0.41635091575341543,0.0,0.46875,0.0,-0.04999999999999999,-0.003647217960146776,0.021531522940061054,-0.047329495035802915,0.014409132147392978,-0.02409375872126196,-0.009127802903900306,1,1770139987.0,hltv_2389659_104003_g2_vs_spirit_m2_overpass,de_overpass,
0,-0.41635091575341543,0.0,0.53125,0.0,-0.04999999999999999,-0.003647217960146776,0.021531522940061054,-0.047329495035802915,0.014409132147392978,-0.02409375872126196,-0.009127802903900306,0,1770139987.0,hltv_2389659_104003_g2_vs_spirit_m2_overpass,de_overpass,
1,-0.4128133593587102,0.3010033444816054,0.5277777777777778,0.024999999999999994,0.0,-0.1377358800907177,-0.2656182579744799,-0.03521611312867706,-0.032270979554288426,0.002460063743628338,-0.004465532738040179,0,1770154090.0,hltv_2389658_104008_vitality_vs_aurora_m2_overpass,de_overpass,
0,-0.4128133593587102,0.3010033444816054,0.4722222222222222,0.024999999999999994,0.0,-0.1377358800907177,-0.2656182579744799,-0.03521611312867706,-0.032270979554288426,0.002460063743628338,-0.004465532738040179,1,1770154090.0,hltv_2389658_104008_vitality_vs_aurora_m2_overpass,de_overpass,
0,0.0038453369322621056,0.1650432900432901,0.4772727272727273,0.013333333333333332,-0.010000000000000009,-0.14132877764989638,-0.028069227598007895,-0.10073826791229257,-0.017757317125748573,-0.008733722394297816,-0.01631837265055991,1,1770156369.0,hltv_2389660_104011_falcons_vs_mouz_m2_dust2,de_dust2,
1,0.0038453369322621056,0.1650432900432901,0.5227272727272727,0.013333333333333332,-0.010000000000000009,-0.14132877764989638,-0.028069227598007895,-0.10073826791229257,-0.017757317125748573,-0.008733722394297816,-0.01631837265055991,1,1770156369.0,hltv_2389660_104011_falcons_vs_mouz_m2_dust2,de_dust2,
0,0.01222741069417078,-0.0892857142857143,0.47916666666666663,-0.036666666666666695,-0.016666666666666677,0.03558520050015401,0.2423360223173217,-0.016629462420553465,0.04200627592290518,-0.003535776321154205,-0.04543904771024909,1,1770395646.0,hltv_2389661_104067_furia_vs_aurora_m2_mirage,de_mirage,
1,0.01222741069417078,-0.0892857142857143,0.5208333333333334,-0.036666666666666695,-0.016666666666666677,0.03558520050015401,0.2423360223173217,-0.016629462420553465,0.04200627592290518,-0.003535776321154205,-0.04543904771024909,1,1770395646.0,hltv_2389661_104067_furia_vs_aurora_m2_mirage,de_mirage,
0,0.5241295893923535,0.012626262626262597,0.47916666666666663,0.08333333333333334,0.05,-0.2929839607226858,-0.2167239258229659,0.03227052012910947,0.028454436463309363,0.07410013754376038,0.0497740073105048,0,1770497948.0,hltv_2389664_104113_vitality_vs_mouz_m2_dust2,de_dust2,
1,0.5241295893923535,0.012626262626262597,0.5208333333333334,0.08333333333333334,0.05,-0.2929839607226858,-0.2167239258229659,0.03227052012910947,0.028454436463309363,0.07410013754376038,0.0497740073105048,1,1770497948.0,hltv_2389664_104113_vitality_vs_mouz_m2_dust2,de_dust2,
0,-0.282047569614549,-0.13157894736842107,0.4807692307692307,-0.09642857142857143,-0.07857142857142857,0.3094454597681256,0.3453990221537513,-0.028735006168188137,0.0583147214391308,-0.07780209388996334,-0.01628581838536336,0,1770560071.0,hltv_2389665_104123_spirit_vs_mouz_m2_mirage,de_mirage,
1,-0.282047569614549,-0.13157894736842107,0.5192307692307693,-0.09642857142857143,-0.07857142857142857,0.3094454597681256,0.3453990221537513,-0.028735006168188137,0.0583147214391308,-0.07780209388996334,-0.01628581838536336,0,1770560071.0,hltv_2389665_104123_spirit_vs_mouz_m2_mirage,de_mirage,
0,-0.33685889847343337,0.17448512585812354,0.5416666666666667,-1.3877787807814457e-17,-0.014285714285714304,-0.15098947788166744,-0.020700530274176954,-0.07921428839695294,-0.05207360801638117,0.05823950941342271,-0.017101270847758532,0,1770576742.0,hltv_2389666_104141_furia_vs_vitality_m3_nuke,de_nuke,
1,-0.33685889847343337,0.17448512585812354,0.4583333333333333,-1.3877787807814457e-17,-0.014285714285714304,-0.15098947788166744,-0.020700530274176954,-0.07921428839695294,-0.05207360801638117,0.05823950941342271,-0.017101270847758532,0,1770576742.0,hltv_2389666_104141_furia_vs_vitality_m3_nuke,de_nuke,
1,-0.4683112407194617,0.0,0.475,0.0,-0.020000000000000018,0.004525364594297976,-0.004988542759134629,-0.14036987772082704,-0.23584238873030966,-0.08748150018427714,-0.12327128891455408,0,1770581733.0,hltv_2389666_104141_furia_vs_vitality_m4_overpass,de_overpass,
0,-0.4683112407194617,0.0,0.525,0.0,-0.020000000000000018,0.004525364594297976,-0.004988542759134629,-0.14036987772082704,-0.23584238873030966,-0.08748150018427714,-0.12327128891455408,1,1770581733.0,hltv_2389666_104141_furia_vs_vitality_m4_overpass,de_overpass,
1,-0.13226440328203357,0.0,0.5178571428571429,0.06666666666666668,-1.3877787807814457e-17,0.18142935601633486,0.25133315187499117,-0.1109568845721342,-0.0790597014649182,-0.03064832841784837,-0.09079748939117638,0,1771061989.6006212,hltv_2389948_104317_aurora_vs_fut_m1_mirage,de_mirage,
0,-0.13226440328203357,0.0,0.4821428571428571,0.06666666666666668,-1.3877787807814457e-17,0.18142935601633486,0.25133315187499117,-0.1109568845721342,-0.0790597014649182,-0.03064832841784837,-0.09079748939117638,0,1771061989.6006212,hltv_2389948_104317_aurora_vs_fut_m1_mirage,de_mirage,
0,0.15512174339572246,-0.19798136645962738,0.5357142857142857,0.06499999999999999,-0.10500000000000001,-0.18457524186551116,0.02593417783676094,-0.18014902980066966,-0.11052981717337079,0.011154069703813607,-0.021792927693165987,1,1771061993.6640399,hltv_2389947_104312_natus_vincere_vs_astralis_m1_nuke,de_nuke,
1,0.15512174339572246,-0.19798136645962738,0.4642857142857143,0.06499999999999999,-0.10500000000000001,-0.18457524186551116,0.02593417783676094,-0.18014902980066966,-0.11052981717337079,0.011154069703813607,-0.021792927693165987,0,1771061993.6640399,hltv_2389947_104312_natus_vincere_vs_astralis_m1_nuke,de_nuke,
1,0.03579662345585879,-0.16504329004329005,0.5166666666666667,0.01666666666666665,-0.06666666666666665,0.005563853248643058,-0.0032252953973729848,-0.07080257788017419,-0.04729185152131393,-0.03589513638123648,-0.031168036305711078,0,1771064686.0282722,hltv_2389947_104312_natus_vincere_vs_astralis_m2_mirage,de_mirage,
0,0.03579662345585879,-0.16504329004329005,0.4833333333333333,0.01666666666666665,-0.06666666666666665,0.005563853248643058,-0.0032252953973729848,-0.07080257788017419,-0.04729185152131393,-0.03589513638123648,-0.031168036305711078,0,1771064686.0282722,hltv_2389947_104312_natus_vincere_vs_astralis_m2_mirage,de_mirage,
1,-0.22567024736104602,-0.1744851258581236,0.65625,0.05,0.010714285714285704,-7.670136853760168e-05,-0.027015892767572824,-0.015094198341139231,-0.0978912933246695,-0.00486296358560967,-0.03900497685427079,0,1771068762.756181,hltv_2389948_104317_aurora_vs_fut_m2_anubis,de_anubis,
0,-0.22567024736104602,-0.1744851258581236,0.34375,0.05,0.010714285714285704,-7.670136853760168e-05,-0.027015892767572824,-0.015094198341139231,-0.0978912933246695,-0.00486296358560967,-0.03900497685427079,0,1771068762.756181,hltv_2389948_104317_aurora_vs_fut_m2_anubis,de_anubis,
1,-0.08109435488264498,-0.29485049833887045,0.4318181818181818,0.039999999999999994,-0.0325,0.0015626602995394423,-0.009316398384259073,0.055479450623372784,0.030351363213567184,0.031330894058649805,0.021448962073062905,0,1771068882.9695184,hltv_2389948_104317_aurora_vs_fut_m3_overpass,de_overpass,
0,-0.08109435488264498,-0.29485049833887045,0.5681818181818181,0.039999999999999994,-0.0325,0.0015626602995394423,-0.009316398384259073,0.055479450623372784,0.030351363213567184,0.031330894058649805,0.021448962073062905,0,1771068882.9695184,hltv_2389948_104317_aurora_vs_fut_m3_overpass,de_overpass,
1,0.41632512203981104,0.13157894736842102,0.40625,-0.021428571428571432,-0.10714285714285714,0.15320126459263383,0.05086424736292583,0.018866917689332963,-0.018400667130562876,0.0091724667675121,0.007873670334388683,0,1771087171.105233,hltv_2389952_104340_falcons_vs_3dmax_m1_nuke,de_nuke,
0,0.41632512203981104,0.13157894736842102,0.59375,-0.021428571428571432,-0.10714285714285714,0.15320126459263383,0.05086424736292583,0.018866917689332963,-0.018400667130562876,0.0091724667675121,0.007873670334388683,1,1771087171.105233,hltv_2389952_104340_falcons_vs_3dmax_m1_nuke,de_nuke,
0,-0.7172637871986012,-0.4910714285714286,0.6388888888888888,-0.033333333333333326,0.03333333333333334,-0.018784765308840323,-0.06452595666002803,-0.10808725291311616,-0.16860209981980484,-0.061449198539216265,-0.0693832046246704,1,1771096890.9878044,hltv_2389954_104361_the_mongolz_vs_pain_m1_nuke,de_nuke,
1,-0.7172637871986012,-0.4910714285714286,0.3611111111111111,-0.033333333333333326,0.03333333333333334,-0.018784765308840323,-0.06452595666002803,-0.10808725291311616,-0.16860209981980484,-0.061449198539216265,-0.0693832046246704,0,1771096890.9878044,hltv_2389954_104361_the_mongolz_vs_pain_m1_nuke,de_nuke,
0,-0.2803019651541585,-0.3238866396761133,0.4423076923076923,-0.04999999999999999,0.02500000000000001,0.0036252606107189944,0.032698274162416774,0.005816086346264404,0.04687855085286868,0.005996107711683463,0.017484008428690245,0,1771098095.7540007,hltv_2389954_104361_the_mongolz_vs_pain_m3_dust2,de_dust2,
1,-0.2803019651541585,-0.3238866396761133,0.5576923076923077,-0.04999999999999999,0.02500000000000001,0.0036252606107189944,0.032698274162416774,0.005816086346264404,0.04687855085286868,0.005996107711683463,0.017484008428690245,0,1771098095.7540007,hltv_2389954_104361_the_mongolz_vs_pain_m3_dust2,de_dust2,
0,0.4368096517068203,-0.13157894736842107,0.5192307692307692,0.07428571428571429,-0.005714285714285741,-0.1964872748524381,-0.10206017288175906,-0.018202178282834103,-0.009379073795192483,0.010710520831702652,-0.010289373860882911,1,1771147641.8305657,hltv_2389956_104371_3dmax_vs_astralis_m1_overpass,de_overpass,
1,0.4368096517068203,-0.13157894736842107,0.4807692307692308,0.07428571428571429,-0.005714285714285741,-0.1964872748524381,-0.10206017288175906,-0.018202178282834103,-0.009379073795192483,0.010710520831702652,-0.010289373860882911,1,1771147641.8305657,hltv_2389956_104371_3dmax_vs_astralis_m1_overpass,de_overpass,
1,0.449264734911323,0.017618040873854823,0.325,0.03333333333333334,-0.004166666666666652,0.05365711292444947,0.0710333768498464,0.08915457818214667,0.04331990763932825,0.06146118585954147,0.002707450561642677,1,1771150211.4325378,hltv_2389956_104371_3dmax_vs_astralis_m2_nuke,de_nuke,
0,0.449264734911323,0.017618040873854823,0.675,0.03333333333333334,-0.004166666666666652,0.05365711292444947,0.0710333768498464,0.08915457818214667,0.04331990763932825,0.06146118585954147,0.002707450561642677,0,1771150211.4325378,hltv_2389956_104371_3dmax_vs_astralis_m2_nuke,de_nuke,
0,0.2605155071831522,0.32593375616631426,0.4852941176470589,0.07499999999999998,0.12083333333333332,0.08558115060706661,0.041322696120312474,0.16559819273309206,0.1775025202223951,0.06849658493425864,0.05366617316298272,1,1771150878.538859,hltv_2389955_104372_natus_vincere_vs_mouz_m2_mirage,de_mirage,
1,0.2605155071831522,0.32593375616631426,0.5147058823529411,0.07499999999999998,0.12083333333333332,0.08558115060706661,0.041322696120312474,0.16559819273309206,0.1775025202223951,0.06849658493425864,0.05366617316298272,0,1771150878.538859,hltv_2389955_104372_natus_vincere_vs_mouz_m2_mirage,de_mirage,
0,-0.006580269844881657,0.125,0.6041666666666667,0.1,0.04999999999999999,0.3356542049721066,0.3417374906385411,-0.07660773874339027,-0.05412765484277593,-0.07597400208187144,-0.08079296858185914,0,1771160600.947579,hltv_2389958_104377_g2_vs_parivision_m2_inferno,de_inferno,
1,-0.006580269844881657,0.125,0.3958333333333333,0.1,0.04999999999999999,0.3356542049721066,0.3417374906385411,-0.07660773874339027,-0.05412765484277593,-0.07597400208187144,-0.08079296858185914,1,1771160600.947579,hltv_2389958_104377_g2_vs_parivision_m2_inferno,de_inferno,
1,-0.17902216248166897,0.09999999999999998,0.4861111111111111,0.05,0.11999999999999998,-0.0030007399677259294,-0.014962056238120303,-0.017969454879121383,-0.08172732930154303,-0.018505933565612587,-0.03400148877074555,1,1771160604.0111716,hltv_2389958_104377_g2_vs_parivision_m1_mirage,de_mirage,
0,-0.17902216248166897,0.09999999999999998,0.5138888888888888,0.05,0.11999999999999998,-0.0030007399677259294,-0.014962056238120303,-0.017969454879121383,-0.08172732930154303,-0.018505933565612587,-0.03400148877074555,1,1771160604.0111716,hltv_2389958_104377_g2_vs_parivision_m1_mirage,de_mirage,
1,0.0812113600191336,0.3055555555555555,0.5535714285714286,0.03333333333333334,0.11666666666666665,-0.004670807924284093,-0.008193188175457222,0.060115723829656575,0.025044908300334512,0.037565007624405566,0.02710037843005697,1,1771161219.8985984,hltv_2389958_104377_g2_vs_parivision_m3_dust2,de_dust2,
0,0.0812113600191336,0.3055555555555555,0.4464285714285714,0.03333333333333334,0.11666666666666665,-0.004670807924284093,-0.008193188175457222,0.060115723829656575,0.025044908300334512,0.037565007624405566,0.02710037843005697,0,1771161219.8985984,hltv_2389958_104377_g2_vs_parivision_m3_dust2,de_dust2,
1,0.36449286191607666,0.12152777777777779,0.625,0.022222222222222213,0.011111111111111113,-0.27102540046299506,-0.20875585412472492,0.08209418599549473,0.08779790955366529,0.10416646507242572,0.11725901490860424,0,1771172163.7666626,hltv_2389960_104385_aurora_vs_pain_m2_anubis,de_anubis,
0,0.36449286191607666,0.12152777777777779,0.375,0.022222222222222213,0.011111111111111113,-0.27102540046299506,-0.20875585412472492,0.08209418599549473,0.08779790955366529,0.10416646507242572,0.11725901490860424,1,1771172163.7666626,hltv_2389960_104385_aurora_vs_pain_m2_anubis,de_anubis,
1,0.4362889347396115,0.07588187038556193,0.38636363636363635,0.05,-0.009999999999999995,0.001713193391839618,-0.005655439438927434,0.1250441190848206,0.14255856352853546,0.07341003031403914,0.080301643991609,1,1771172164.130664,hltv_2389960_104385_aurora_vs_pain_m1_nuke,de_nuke,
0,0.4362889347396115,0.07588187038556193,0.6136363636363636,0.05,-0.009999999999999995,0.001713193391839618,-0.005655439438927434,0.1250441190848206,0.14255856352853546,0.07341003031403914,0.080301643991609,0,1771172164.130664,hltv_2389960_104385_aurora_vs_pain_m1_nuke,de_nuke,
1,-0.06760841441336536,-0.2272727272727273,0.4868421052631579,0.026666666666666686,-0.023333333333333317,0.41965486410915637,0.2562208734082588,0.07262864393601703,-0.007795696155042275,-0.07368128854265404,-0.08090052737432513,0,1771172654.5914345,hltv_2389959_104390_furia_vs_fut_m1_mirage,de_mirage,
0,-0.06760841441336536,-0.2272727272727273,0.513157894736842,0.026666666666666686,-0.023333333333333317,0.41965486410915637,0.2562208734082588,0.07262864393601703,-0.007795696155042275,-0.07368128854265404,-0.08090052737432513,0,1771172654.5914345,hltv_2389959_104390_furia_vs_fut_m1_mirage,de_mirage,
0,-0.09077002721885173,-0.3062613430127042,0.5178571428571428,1.3877787807814457e-17,-0.010389610389610365,0.0012972557560586018,-0.005129274416438845,-0.03071779748727599,-0.04296812816051465,-0.013802859128878853,-0.027005671792702746,0,1771172666.5368783,hltv_2389959_104390_furia_vs_fut_m2_overpass,de_overpass,
1,-0.09077002721885173,-0.3062613430127042,0.48214285714285715,1.3877787807814457e-17,-0.010389610389610365,0.0012972557560586018,-0.005129274416438845,-0.03071779748727599,-0.04296812816051465,-0.013802859128878853,-0.027005671792702746,1,1771172666.5368783,hltv_2389959_104390_furia_vs_fut_m2_overpass,de_overpass,
0,0.2066822742601377,-0.2741228070175439,0.453125,-0.08095238095238096,0.06285714285714285,0.057574238890467866,0.11613741558766016,-0.03800337545611371,-0.14858140200943282,-0.0025506270549619514,-0.025814789718252296,0,1771185698.216049,hltv_2389961_104404_vitality_vs_the_mongolz_m2_dust2,de_dust2,
1,0.2066822742601377,-0.2741228070175439,0.546875,-0.08095238095238096,0.06285714285714285,0.057574238890467866,0.11613741558766016,-0.03800337545611371,-0.14858140200943282,-0.0025506270549619514,-0.025814789718252296,1,1771185698.216049,hltv_2389961_104404_vitality_vs_the_mongolz_m2_dust2,de_dust2,
1,0.3203167963989277,-0.2305533279871692,0.4875,-0.033333333333333326,0.04999999999999999,0.006680750279905667,0.07016283434252774,0.1278242735898486,0.16321692193746173,0.06251425337230443,0.05921671716059512,1,1771185699.5924711,hltv_2389961_104404_vitality_vs_the_mongolz_m1_mirage,de_mirage,
0,0.3203167963989277,-0.2305533279871692,0.5125,-0.033333333333333326,0.04999999999999999,0.006680750279905667,0.07016283434252774,0.1278242735898486,0.16321692193746173,0.06251425337230443,0.05921671716059512,1,1771185699.5924711,hltv_2389961_104404_vitality_vs_the_mongolz_m1_mirage,de_mirage,
1,0.2369587841580471,-0.07352941176470584,0.4375,-0.00031746031746031356,0.07206349206349204,0.0012850845502128116,-0.00971349758357476,-0.017816618292279818,0.006880921156735664,-0.005309610728812364,-0.0025433940177261305,1,1771186052.7896562,hltv_2389961_104404_vitality_vs_the_mongolz_m3_nuke,de_nuke,
0,0.2369587841580471,-0.07352941176470584,0.5625,-0.00031746031746031356,0.07206349206349204,0.0012850845502128116,-0.00971349758357476,-0.017816618292279818,0.006880921156735664,-0.005309610728812364,-0.0025433940177261305,0,1771186052.7896562,hltv_2389961_104404_vitality_vs_the_mongolz_m3_nuke,de_nuke,
0,0.01117588194774512,-0.2608892921960072,0.43181818181818177,-0.009090909090909094,-0.06233766233766232,0.23418107186208653,0.0628465774443655,0.0643210044094204,0.060198982488145925,0.015117259363152724,0.0055246773817762,1,1771237382.2445998,hltv_2389963_104429_natus_vincere_vs_aurora_m1_anubis,de_anubis,
1,0.01117588194774512,-0.2608892921960072,0.5681818181818182,-0.009090909090909094,-0.06233766233766232,0.23418107186208653,0.0628465774443655,0.0643210044094204,0.060198982488145925,0.015117259363152724,0.0055246773817762,0,1771237382.2445998,hltv_2389963_104429_natus_vincere_vs_aurora_m1_anubis,de_anubis,
0,0.6745457546093998,0.24436090225563906,0.3055555555555556,-0.1,-0.09142857142857143,-0.004223766672689422,-0.045316520505067515,0.21255505801756938,0.14439911639211028,0.11794135584547705,0.08167201289906556,1,1771237387.282328,hltv_2389964_104425_faze_vs_parivision_m2_ancient,de_ancient,
1,0.6745457546093998,0.24436090225563906,0.6944444444444444,-0.1,-0.09142857142857143,-0.004223766672689422,-0.045316520505067515,0.21255505801756938,0.14439911639211028,0.11794135584547705,0.08167201289906556,0,1771237387.282328,hltv_2389964_104425_faze_vs_parivision_m2_ancient,de_ancient,
0,0.23685184822763383,0.20965468639887241,0.5576923076923077,-0.11666666666666665,-0.09583333333333335,-0.003906596445122035,-0.02616702164353557,0.0021827855273799934,-0.02205293046393103,0.006698481147257684,0.003232037749350658,1,1771238989.727141,hltv_2389964_104425_faze_vs_parivision_m3_inferno,de_inferno,
1,0.23685184822763383,0.20965468639887241,0.4423076923076923,-0.11666666666666665,-0.09583333333333335,-0.003906596445122035,-0.02616702164353557,0.0021827855273799934,-0.02205293046393103,0.006698481147257684,0.003232037749350658,0,1771238989.727141,hltv_2389964_104425_faze_vs_parivision_m3_inferno,de_inferno,
1,-0.03501847453343297,-0.284641472868217,0.48863636363636365,0.0,-0.05138888888888889,0.2800560003786005,0.1928289132341655,-0.005227481541359602,-0.00976181369273521,-0.03843304293084754,-0.058690016060263195,1,1771246308.4078553,hltv_2389966_104430_fut_vs_astralis_m2_mirage,de_mirage,
0,-0.03501847453343297,-0.284641472868217,0.5113636363636364,0.0,-0.05138888888888889,0.2800560003786005,0.1928289132341655,-0.005227481541359602,-0.00976181369273521,-0.03843304293084754,-0.058690016060263195,0,1771246308.4078553,hltv_2389966_104430_fut_vs_astralis_m2_mirage,de_mirage,
0,-0.10193841077282383,-0.2555031446540881,0.4833333333333333,-0.02111111111111111,-0.025555555555555498,-0.004636873236927852,-0.04616962688181192,-0.07121905710218046,-0.10708540544997164,-0.04183302669870026,-0.04771411931728603,1,1771246316.4557352,hltv_2389966_104430_fut_vs_astralis_m1_overpass,de_overpass,
1,-0.10193841077282383,-0.2555031446540881,0.5166666666666667,-0.02111111111111111,-0.025555555555555498,-0.004636873236927852,-0.04616962688181192,-0.07121905710218046,-0.10708540544997164,-0.04183302669870026,-0.04771411931728603,0,1771246316.4557352,hltv_2389966_104430_fut_vs_astralis_m1_overpass,de_overpass,
0,-0.03853677670221432,0.1282051282051282,0.375,-0.0625,0.024999999999999994,0.018158894126205083,0.014992494542260815,0.06798911974498567,0.08581752198871867,0.027840887325368824,0.0754247188458751,1,1771253443.3200674,hltv_2389965_104434_the_mongolz_vs_b8_m1_ancient,de_ancient,
1,-0.03853677670221432,0.1282051282051282,0.625,-0.0625,0.024999999999999994,0.018158894126205083,0.014992494542260815,0.06798911974498567,0.08581752198871867,0.027840887325368824,0.0754247188458751,1,1771253443.3200674,hltv_2389965_104434_the_mongolz_vs_b8_m1_ancient,de_ancient,
1,-0.12600738107928655,0.2777777777777778,0.5108695652173914,-0.04285714285714287,0.012698412698412709,0.010190732537213754,-0.02915838568785356,-0.019971418368633087,-0.1412421822766552,-0.00891379745046228,-0.041020690028113316,0,1771253455.694282,hltv_2389965_104434_the_mongolz_vs_b8_m2_mirage,de_mirage,
0,-0.12600738107928655,0.2777777777777778,0.48913043478260865,-0.04285714285714287,0.012698412698412709,0.010190732537213754,-0.02915838568785356,-0.019971418368633087,-0.1412421822766552,-0.00891379745046228,-0.041020690028113316,0,1771253455.694282,hltv_2389965_104434_the_mongolz_vs_b8_m2_mirage,de_mirage,
0,-0.06681920014466547,0.05767524401064783,0.5192307692307692,-0.06999999999999999,-0.007500000000000007,0.003207519857529373,0.002402008040906012,0.024193851185170312,0.07956439370414481,0.026238873096979143,0.03492034215647016,1,1771253459.5579188,hltv_2389965_104434_the_mongolz_vs_b8_m3_nuke,de_nuke,
1,-0.06681920014466547,0.05767524401064783,0.4807692307692308,-0.06999999999999999,-0.007500000000000007,0.003207519857529373,0.002402008040906012,0.024193851185170312,0.07956439370414481,0.026238873096979143,0.03492034215647016,1,1771253459.5579188,hltv_2389965_104434_the_mongolz_vs_b8_m3_nuke,de_nuke,
0,-0.0735740503071945,0.12651821862348178,0.5892857142857143,0.021428571428571422,-0.021428571428571436,-0.010086960050936011,-0.055197939657931794,0.018781250548629502,-0.024788479693288012,0.029883812662480302,0.009449278724777799,0,1771257642.3317566,hltv_2389968_104436_3dmax_vs_heroic_m2_inferno,de_inferno,
1,-0.0735740503071945,0.12651821862348178,0.4107142857142857,0.021428571428571422,-0.021428571428571436,-0.010086960050936011,-0.055197939657931794,0.018781250548629502,-0.024788479693288012,0.029883812662480302,0.009449278724777799,0,1771257642.3317566,hltv_2389968_104436_3dmax_vs_heroic_m2_inferno,de_inferno,
1,0.49887256752647813,0.15625,0.4166666666666667,0.07666666666666666,0.0711111111111111,0.21987325613112108,0.08337894966798592,0.01398874885166107,0.011277166790073845,-0.014488691035484502,-0.06607213778894949,1,1771261099.766168,hltv_2389967_104441_mouz_vs_vitality_m2_inferno,de_inferno,
0,0.49887256752647813,0.15625,0.5833333333333333,0.07666666666666666,0.0711111111111111,0.21987325613112108,0.08337894966798592,0.01398874885166107,0.011277166790073845,-0.014488691035484502,-0.06607213778894949,0,1771261099.766168,hltv_2389967_104441_mouz_vs_vitality_m2_inferno,de_inferno,
0,-0.279122819056111,-0.32142857142857145,0.546875,-0.020000000000000004,-0.013571428571428568,-0.0359810509220051,-0.02942567813072583,0.012400858305977758,-0.02782244221636626,0.05561505884575718,0.026962334208513683,1,1771264014.588214,hltv_2389970_104443_g2_vs_pain_m1_inferno,de_inferno,
1,-0.279122819056111,-0.32142857142857145,0.453125,-0.020000000000000004,-0.013571428571428568,-0.0359810509220051,-0.02942567813072583,0.012400858305977758,-0.02782244221636626,0.05561505884575718,0.026962334208513683,1,1771264014.588214,hltv_2389970_104443_g2_vs_pain_m1_inferno,de_inferno,
1,0.09886527263300551,0.09518678160919541,0.6136363636363636,-0.0797979797979798,-0.07171717171717171,0.3359922777488777,0.24800017628132387,0.010644341226110465,-0.051691754806646284,-0.08389849972221902,-0.08116109880927841,0,1771328972.217192,hltv_2389972_104462_faze_vs_astralis_m1_ancient,de_ancient,
0,0.09886527263300551,0.09518678160919541,0.38636363636363635,-0.0797979797979798,-0.07171717171717171,0.3359922777488777,0.24800017628132387,0.010644341226110465,-0.051691754806646284,-0.08389849972221902,-0.08116109880927841,0,1771328972.217192,hltv_2389972_104462_faze_vs_astralis_m1_ancient,de_ancient,
0,-0.07074578197164758,0.0,0.48958333333333337,-0.05333333333333332,-0.06333333333333334,-0.0032181135936534266,-0.06778551555321288,-0.19694566165851257,-0.2681842940351846,-0.09257445104883277,-0.10723237104263106,1,1771329492.8609884,hltv_2389972_104462_faze_vs_astralis_m2_mirage,de_mirage,
1,-0.07074578197164758,0.0,0.5104166666666666,-0.05333333333333332,-0.06333333333333334,-0.0032181135936534266,-0.06778551555321288,-0.19694566165851257,-0.2681842940351846,-0.09257445104883277,-0.10723237104263106,0,1771329492.8609884,hltv_2389972_104462_faze_vs_astralis_m2_mirage,de_mirage,
0,-0.24856615866861195,-0.330188679245283,0.515625,-0.07,-0.07,0.27633027037292873,0.0967224657300017,-0.042190848180274076,-0.10578788862515126,-0.08358383937389374,-0.08519766114099764,1,1771330571.5331666,hltv_2389971_104463_mouz_vs_fut_m2_overpass,de_overpass,
1,-0.24856615866861195,-0.330188679245283,0.484375,-0.07,-0.07,0.27633027037292873,0.0967224657300017,-0.042190848180274076,-0.10578788862515126,-0.08358383937389374,-0.08519766114099764,0,1771330571.5331666,hltv_2389971_104463_mouz_vs_fut_m2_overpass,de_overpass,
0,-0.013798238316660404,-0.29761904761904767,0.5441176470588236,0.031666666666666635,-0.014999999999999986,0.07315011739820743,0.13909131496244076,-0.001555517268674922,0.038080908827474114,-0.029342577199929054,-0.041415380612029096,1,1771337606.5938463,hltv_2389974_104468_b8_vs_aurora_m1_overpass,de_overpass,
1,-0.013798238316660404,-0.29761904761904767,0.45588235294117646,0.031666666666666635,-0.014999999999999986,0.07315011739820743,0.13909131496244076,-0.001555517268674922,0.038080908827474114,-0.029342577199929054,-0.041415380612029096,0,1771337606.5938463,hltv_2389974_104468_b8_vs_aurora_m1_overpass,de_overpass,
1,0.013291070520065135,-0.2618092691622103,0.49,0.025641025641025647,-0.01923076923076919,-0.0051212467226590674,-0.010039988273583045,0.020136442424413314,0.02094120692697371,0.013749311903402894,0.02102479444469929,1,1771337687.100185,hltv_2389974_104468_b8_vs_aurora_m2_mirage,de_mirage,
0,0.013291070520065135,-0.2618092691622103,0.51,0.025641025641025647,-0.01923076923076919,-0.0051212467226590674,-0.010039988273583045,0.020136442424413314,0.02094120692697371,0.013749311903402894,0.02102479444469929,0,1771337687.100185,hltv_2389974_104468_b8_vs_aurora_m2_mirage,de_mirage,
1,-0.06393428957485087,0.11627906976744184,0.5096153846153846,-0.019191919191919204,0.06830808080808079,0.07354426803582204,0.15417628777985198,0.03884374286997366,0.07550578869384456,-0.005300068710924144,-0.006932009036564546,1,1771341339.3671265,hltv_2389973_104469_natus_vincere_vs_the_mongolz_m3_mirage,de_mirage,
0,-0.06393428957485087,0.11627906976744184,0.4903846153846154,-0.019191919191919204,0.06830808080808079,0.07354426803582204,0.15417628777985198,0.03884374286997366,0.07550578869384456,-0.005300068710924144,-0.006932009036564546,0,1771341339.3671265,hltv_2389973_104469_natus_vincere_vs_the_mongolz_m3_mirage,de_mirage,
0,0.2206325644330517,0.0625,0.39583333333333337,0.05416666666666666,0.0325,-0.12217624602131005,-0.07494528284328739,-0.05240190456842003,-0.015328930338228075,0.013592384187301243,-0.008277724324911861,1,1771345286.096151,hltv_2389976_104472_g2_vs_heroic_m2_ancient,de_ancient,
1,0.2206325644330517,0.0625,0.6041666666666666,0.05416666666666666,0.0325,-0.12217624602131005,-0.07494528284328739,-0.05240190456842003,-0.015328930338228075,0.013592384187301243,-0.008277724324911861,0,1771345286.096151,hltv_2389976_104472_g2_vs_heroic_m2_ancient,de_ancient,
0,0.031946238207520516,0.09189640768588136,0.42647058823529416,-0.014285714285714277,0.007142857142857145,-0.3276610728541719,-0.2293942862095382,-0.12076633351442201,-0.09165587325591307,0.04108804870171523,0.010805096849219376,1,1771351231.5677934,hltv_2389975_104482_furia_vs_parivision_m1_dust2,de_dust2,
1,0.031946238207520516,0.09189640768588136,0.5735294117647058,-0.014285714285714277,0.007142857142857145,-0.3276610728541719,-0.2293942862095382,-0.12076633351442201,-0.09165587325591307,0.04108804870171523,0.010805096849219376,1,1771351231.5677934,hltv_2389975_104482_furia_vs_parivision_m1_dust2,de_dust2,
0,0.05761813191050487,0.17441860465116277,0.5441176470588236,-0.0326923076923077,-0.013461538461538441,0.0013349025792684932,0.008690936301761654,-0.008801422038178186,0.037068391081499674,-0.006864378855403752,0.004537015845185566,1,1771351512.0226896,hltv_2389975_104482_furia_vs_parivision_m2_inferno,de_inferno,
1,0.05761813191050487,0.17441860465116277,0.45588235294117646,-0.0326923076923077,-0.013461538461538441,0.0013349025792684932,0.008690936301761654,-0.008801422038178186,0.037068391081499674,-0.006864378855403752,0.004537015845185566,0,1771351512.0226896,hltv_2389975_104482_furia_vs_parivision_m2_inferno,de_inferno,
1,0.037068765426524625,0.15625,0.5277777777777778,-0.0293650793650794,-0.013492063492063472,-0.002706579948118515,-0.0123066427354665,-0.0015870465156485047,0.014338682624108257,-0.0013999082697074283,0.0028206082343542604,1,1771355230.444333,hltv_2389975_104482_furia_vs_parivision_m3_mirage,de_mirage,
0,0.037068765426524625,0.15625,0.4722222222222222,-0.0293650793650794,-0.013492063492063472,-0.002706579948118515,-0.0123066427354665,-0.0015870465156485047,0.014338682624108257,-0.0013999082697074283,0.0028206082343542604,1,1771355230.444333,hltv_2389975_104482_furia_vs_parivision_m3_mirage,de_mirage,
0,-0.005231049417552525,-0.10273972602739728,0.4305555555555556,0.015384615384615385,-0.01043956043956043,0.05388673453888676,0.09913850745348485,-0.015434157624710232,0.013323779275286107,0.008190038840985792,0.0067679891593554475,0,1771416579.6906013,hltv_2389977_104519_aurora_vs_astralis_m2_dust2,de_dust2,
1,-0.005231049417552525,-0.10273972602739728,0.5694444444444444,0.015384615384615385,-0.01043956043956043,0.05388673453888676,0.09913850745348485,-0.015434157624710232,0.013323779275286107,0.008190038840985792,0.0067679891593554475,1,1771416579.6906013,hltv_2389977_104519_aurora_vs_astralis_m2_dust2,de_dust2,
1,0.013984475582881767,-0.09615384615384615,0.4305555555555556,0.01428571428571429,0.0033333333333333826,-0.00659766034963416,0.0020659238526931634,0.03054681151968508,0.05852306344760694,0.022240057592882778,0.021615256490378987,0,1771416581.443069,hltv_2389977_104519_aurora_vs_astralis_m1_overpass,de_overpass,
0,0.013984475582881767,-0.09615384615384615,0.5694444444444444,0.01428571428571429,0.0033333333333333826,-0.00659766034963416,0.0020659238526931634,0.03054681151968508,0.05852306344760694,0.022240057592882778,0.021615256490378987,0,1771416581.443069,hltv_2389977_104519_aurora_vs_astralis_m1_overpass,de_overpass,
0,-0.11553511351804407,-0.36109303838646717,0.4732142857142857,0.010000000000000009,0.01545454545454547,0.20609739332141902,0.35582796239280345,-0.0892162170611176,-0.012201844736060785,-0.04842862976227785,-0.06436497799997304,0,1771429056.0507646,hltv_2389978_104525_fut_vs_parivision_m2_mirage,de_mirage,
1,-0.11553511351804407,-0.36109303838646717,0.5267857142857143,0.010000000000000009,0.01545454545454547,0.20609739332141902,0.35582796239280345,-0.0892162170611176,-0.012201844736060785,-0.04842862976227785,-0.06436497799997304,1,1771429056.0507646,hltv_2389978_104525_fut_vs_parivision_m2_mirage,de_mirage,
0,-0.1386074628648351,-0.331143951833607,0.4078947368421053,0.00909090909090908,-0.003030303030303022,-0.004799323590678473,0.008560879392418952,-0.02835580885243394,-0.02173214093745135,-0.018674704351165805,-0.011918275823243285,0,1771429062.0105038,hltv_2389978_104525_fut_vs_parivision_m1_dust2,de_dust2,
1,-0.1386074628648351,-0.331143951833607,0.5921052631578947,0.00909090909090908,-0.003030303030303022,-0.004799323590678473,0.008560879392418952,-0.02835580885243394,-0.02173214093745135,-0.018674704351165805,-0.011918275823243285,0,1771429062.0105038,hltv_2389978_104525_fut_vs_parivision_m1_dust2,de_dust2,
0,-0.11894621635949174,-0.38223622782446315,0.4423076923076923,-0.0076923076923077205,-0.017307692307692357,-0.0005178112440439309,-0.008038793090866136,0.014026274063144273,-0.006992697172843343,0.001683129698031638,-0.007711423552042129,1,1771429143.0680265,hltv_2389978_104525_fut_vs_parivision_m3_ancient,de_ancient,
1,-0.11894621635949174,-0.38223622782446315,0.5576923076923077,-0.0076923076923077205,-0.017307692307692357,-0.0005178112440439309,-0.008038793090866136,0.014026274063144273,-0.006992697172843343,0.001683129698031638,-0.007711423552042129,1,1771429143.0680265,hltv_2389978_104525_fut_vs_parivision_m3_ancient,de_ancient,
0,0.02125873723964293,-0.04861111111111105,0.4125,-0.011111111111111113,-0.07222222222222223,0.2342529049527618,0.15487784211543026,0.0905960862497524,0.0623357628239925,-0.008623702204296702,-0.024646613997315048,1,1771437366.44137,hltv_2389979_104530_natus_vincere_vs_g2_m1_dust2,de_dust2,
1,0.02125873723964293,-0.04861111111111105,0.5875,-0.011111111111111113,-0.07222222222222223,0.2342529049527618,0.15487784211543026,0.0905960862497524,0.0623357628239925,-0.008623702204296702,-0.024646613997315048,0,1771437366.44137,hltv_2389979_104530_natus_vincere_vs_g2_m1_dust2,de_dust2,
1,-0.036925632148500184,-0.04433962264150937,0.5535714285714286,0.01428571428571429,-0.07142857142857145,-0.003628056841535554,-0.009303271757753473,-0.032416659429737815,-0.08843171751388812,-0.022239091582591186,-0.033925385942099984,1,1771437615.025999,hltv_2389979_104530_natus_vincere_vs_g2_m2_ancient,de_ancient,
0,-0.036925632148500184,-0.04433962264150937,0.4464285714285714,0.01428571428571429,-0.07142857142857145,-0.003628056841535554,-0.009303271757753473,-0.032416659429737815,-0.08843171751388812,-0.022239091582591186,-0.033925385942099984,0,1771437615.025999,hltv_2389979_104530_natus_vincere_vs_g2_m2_ancient,de_ancient,
0,-0.05538721943117282,0.24139844617092115,0.4568965517241379,-0.08769230769230771,-0.1469230769230769,-0.025485760486203102,-0.10945141223706517,0.006738864226147889,0.07578038353371297,0.04364697537018852,0.054070529912286946,1,1771583682.8114862,hltv_2389980_104594_falcons_vs_parivision_m2_mirage,de_mirage,
1,-0.05538721943117282,0.24139844617092115,0.5431034482758621,-0.08769230769230771,-0.1469230769230769,-0.025485760486203102,-0.10945141223706517,0.006738864226147889,0.07578038353371297,0.04364697537018852,0.054070529912286946,1,1771583682.8114862,hltv_2389980_104594_falcons_vs_parivision_m2_mirage,de_mirage,
1,0.10484074843175581,0.300543221539915,0.5595238095238095,-0.07987012987012987,-0.13506493506493505,0.002249242111503569,0.021230009123041294,0.051673155215975264,0.05826897395252867,0.023822892206523727,0.024301089172440893,1,1771583682.8365133,hltv_2389980_104594_falcons_vs_parivision_m1_dust2,de_dust2,
0,0.10484074843175581,0.300543221539915,0.44047619047619047,-0.07987012987012987,-0.13506493506493505,0.002249242111503569,0.021230009123041294,0.051673155215975264,0.05826897395252867,0.023822892206523727,0.024301089172440893,1,1771583682.8365133,hltv_2389980_104594_falcons_vs_parivision_m1_dust2,de_dust2,
1,0.07436673401349864,0.351037851037851,0.5833333333333334,-0.08833333333333332,-0.13333333333333333,-0.0022529799269049855,-0.011417261399504774,-0.024992497946338954,0.0076495668279231155,-0.015396253863265819,0.0047569824131533656,1,1771586381.6614192,hltv_2389980_104594_falcons_vs_parivision_m3_ancient,de_ancient,
0,0.07436673401349864,0.351037851037851,0.41666666666666663,-0.08833333333333332,-0.13333333333333333,-0.0022529799269049855,-0.011417261399504774,-0.024992497946338954,0.0076495668279231155,-0.015396253863265819,0.0047569824131533656,1,1771586381.6614192,hltv_2389980_104594_falcons_vs_parivision_m3_ancient,de_ancient,
1,0.16576572632912817,0.21551724137931028,0.4305555555555556,0.045454545454545456,0.1090909090909091,0.20397437771547855,0.13019340984225922,-0.01908491146590563,-0.046522644802510615,-0.05030298947009865,-0.08929600913362573,0,1771599483.3019154,hltv_2389981_104607_mouz_vs_natus_vincere_m2_inferno,de_inferno,
0,0.16576572632912817,0.21551724137931028,0.5694444444444444,0.045454545454545456,0.1090909090909091,0.20397437771547855,0.13019340984225922,-0.01908491146590563,-0.046522644802510615,-0.05030298947009865,-0.08929600913362573,0,1771599483.3019154,hltv_2389981_104607_mouz_vs_natus_vincere_m2_inferno,de_inferno,
0,0.06741995652953478,0.11904761904761901,0.45833333333333337,0.024999999999999994,0.09166666666666669,-0.001772236419042228,-0.034716464505376965,-0.08721385721874941,-0.10204761956779757,-0.05358217194223419,-0.035053408030116584,1,1771599810.536626,hltv_2389981_104607_mouz_vs_natus_vincere_m3_mirage,de_mirage,
1,0.06741995652953478,0.11904761904761901,0.5416666666666666,0.024999999999999994,0.09166666666666669,-0.001772236419042228,-0.034716464505376965,-0.08721385721874941,-0.10204761956779757,-0.05358217194223419,-0.035053408030116584,1,1771599810.536626,hltv_2389981_104607_mouz_vs_natus_vincere_m3_mirage,de_mirage,
1,-0.3156458808634758,-0.12048192771084337,0.4342105263157895,-0.00909090909090908,-0.010795454545454553,-0.2719229706348646,-0.09621421258553131,-0.04400821320686521,-0.04984918626282492,0.04919272208215231,0.0053068898229559625,0,1771610315.0472116,hltv_2389982_104615_vitality_vs_aurora_m2_overpass,de_overpass,
0,-0.3156458808634758,-0.12048192771084337,0.5657894736842105,-0.00909090909090908,-0.010795454545454553,-0.2719229706348646,-0.09621421258553131,-0.04400821320686521,-0.04984918626282492,0.04919272208215231,0.0053068898229559625,1,1771610315.0472116,hltv_2389982_104615_vitality_vs_aurora_m2_overpass,de_overpass,
1,-0.02129180847897262,0.03205128205128205,0.48214285714285715,-0.02833333333333335,0.02833333333333335,0.1446251376384135,0.11912677386564624,0.022517582864064134,0.05330280360959677,0.008374665900728218,0.014504899494248047,0,1771623641.062843,hltv_2389983_104623_furia_vs_the_mongolz_m3_nuke,de_nuke,
0,-0.02129180847897262,0.03205128205128205,0.5178571428571428,-0.02833333333333335,0.02833333333333335,0.1446251376384135,0.11912677386564624,0.022517582864064134,0.05330280360959677,0.008374665900728218,0.014504899494248047,0,1771623641.062843,hltv_2389983_104623_furia_vs_the_mongolz_m3_nuke,de_nuke,
0,0.012716323284175556,-0.1005492558469171,0.44318181818181823,0.06009615384615384,0.05480769230769229,0.24459431153989375,0.1141723529528702,-0.01414539321899877,-0.06152041565887689,-0.04828793057682673,-0.055955068566960364,1,1771693835.3408601,hltv_2389984_104660_parivision_vs_mouz_m1_dust2,de_dust2,
1,0.012716323284175556,-0.1005492558469171,0.5568181818181818,0.06009615384615384,0.05480769230769229,0.24459431153989375,0.1141723529528702,-0.01414539321899877,-0.06152041565887689,-0.04828793057682673,-0.055955068566960364,0,1771693835.3408601,hltv_2389984_104660_parivision_vs_mouz_m1_dust2,de_dust2,
1,0.006227309693157407,-0.09612391033623907,0.4342105263157895,0.042857142857142864,0.07058823529411766,0.0032522290189609393,-0.026617747064500097,-0.018336012967032134,-0.0655513993672111,-0.008474342623789433,-0.024324567037004086,1,1771693838.6318424,hltv_2389984_104660_parivision_vs_mouz_m2_inferno,de_inferno,
0,0.006227309693157407,-0.09612391033623907,0.5657894736842105,0.042857142857142864,0.07058823529411766,0.0032522290189609393,-0.026617747064500097,-0.018336012967032134,-0.0655513993672111,-0.008474342623789433,-0.024324567037004086,0,1771693838.6318424,hltv_2389984_104660_parivision_vs_mouz_m2_inferno,de_inferno,
0,-0.12795418298191819,-0.13521634615384615,0.5375,-0.06899766899766901,-0.02904428904428906,-0.12329294473647834,-0.20947372669044262,0.012225587378660918,-0.015829871311268562,-0.026323606839226188,0.010290846273212806,1,1771768461.9009695,hltv_2389986_104700_mouz_vs_the_mongolz_m2_inferno,de_inferno,
1,-0.12795418298191819,-0.13521634615384615,0.4625,-0.06899766899766901,-0.02904428904428906,-0.12329294473647834,-0.20947372669044262,0.012225587378660918,-0.015829871311268562,-0.026323606839226188,0.010290846273212806,0,1771768461.9009695,hltv_2389986_104700_mouz_vs_the_mongolz_m2_inferno,de_inferno,
1,0.3250025074803736,0.1881720430107527,0.532608695652174,0.022222222222222213,-0.008333333333333304,-0.15349560605067847,-0.14660668399979704,-0.014240122036271396,-0.02027561125530397,0.05595548572770359,-0.02285370090457084,1,1771787259.8515732,hltv_2389987_104739_parivision_vs_vitality_m2_dust2,de_dust2,
0,0.3250025074803736,0.1881720430107527,0.46739130434782605,0.022222222222222213,-0.008333333333333304,-0.15349560605067847,-0.14660668399979704,-0.014240122036271396,-0.02027561125530397,0.05595548572770359,-0.02285370090457084,0,1771787259.8515732,hltv_2389987_104739_parivision_vs_vitality_m2_dust2,de_dust2,
0,0.3678364184173674,0.17857142857142855,0.5595238095238095,0.007692307692307707,-0.014574898785425144,-0.0031444616645741608,0.01953018103529469,0.10776563607684453,0.19467566849271795,0.0725071205479022,0.08885607224603714,1,1771787586.0526726,hltv_2389987_104739_parivision_vs_vitality_m3_inferno,de_inferno,
1,0.3678364184173674,0.17857142857142855,0.44047619047619047,0.007692307692307707,-0.014574898785425144,-0.0031444616645741608,0.01953018103529469,0.10776563607684453,0.19467566849271795,0.0725071205479022,0.08885607224603714,0,1771787586.0526726,hltv_2389987_104739_parivision_vs_vitality_m3_inferno,de_inferno,
0,-0.36342672433028644,-0.1642590286425903,0.45192307692307687,-0.06666666666666665,-0.10357142857142855,0.09173302412775142,-0.008053810707399689,0.04175306314547911,0.051952526219107065,0.007690662276147786,0.000631440608530931,1,1772977852.0,hltv_2391120_105362_fut_vs_3dmax_m1_dust2,de_dust2,
1,-0.36342672433028644,-0.1642590286425903,0.5480769230769231,-0.06666666666666665,-0.10357142857142855,0.09173302412775142,-0.008053810707399689,0.04175306314547911,0.051952526219107065,0.007690662276147786,0.000631440608530931,1,1772977852.0,hltv_2391120_105362_fut_vs_3dmax_m1_dust2,de_dust2,
1,-0.36342672433028644,-0.07948717948717943,0.578125,-0.06256410256410257,-0.09743589743589742,-2.9242754948533012e-05,0.00741410153961064,0.04607858772388207,0.0868981145076364,0.03387392488113877,0.03563008586177335,1,1772981921.0,hltv_2391120_105362_fut_vs_3dmax_m2_ancient,de_ancient,
0,-0.36342672433028644,-0.07948717948717943,0.421875,-0.06256410256410257,-0.09743589743589742,-2.9242754948533012e-05,0.00741410153961064,0.04607858772388207,0.0868981145076364,0.03387392488113877,0.03563008586177335,0,1772981921.0,hltv_2391120_105362_fut_vs_3dmax_m2_ancient,de_ancient,
1,-0.04844229262495352,0.042917166866746626,0.5403225806451613,0.03461538461538462,0.02857142857142858,-0.2920824549346059,-0.025312511265757454,-0.15234650904018132,-0.099937198410821,0.0027580912224490217,-0.03153996662940056,1,1773398658.0,hltv_2391134_105601_the_mongolz_vs_natus_vincere_m2_mirage,de_mirage,
0,-0.04844229262495352,0.042917166866746626,0.45967741935483875,0.03461538461538462,0.02857142857142858,-0.2920824549346059,-0.025312511265757454,-0.15234650904018132,-0.099937198410821,0.0027580912224490217,-0.03153996662940056,0,1773398658.0,hltv_2391134_105601_the_mongolz_vs_natus_vincere_m2_mirage,de_mirage,
0,-0.07195133650974658,-0.1807228915662651,0.5875,-0.012499999999999997,-0.056249999999999994,0.03778044942208836,-0.02631372615492178,0.09171492301946133,0.055533473161657465,-0.0006375525406074889,0.058814451241406884,0,1773425709.0,hltv_2391136_105627_mouz_vs_fut_m2_overpass,de_overpass,
1,-0.07195133650974658,-0.1807228915662651,0.4125,-0.012499999999999997,-0.056249999999999994,0.03778044942208836,-0.02631372615492178,0.09171492301946133,0.055533473161657465,-0.0006375525406074889,0.058814451241406884,1,1773425709.0,hltv_2391136_105627_mouz_vs_fut_m2_overpass,de_overpass,
0,-0.23348126055685886,-0.05723443223443225,0.3970588235294118,-0.053333333333333344,0.0,-0.04920455767068266,-0.18575434188760348,-0.021864627242786483,-0.12067651337189678,-0.02877641947947862,-0.0981455184148397,1,1773440463.0,hltv_2391137_105640_astralis_vs_spirit_m2_ancient,de_ancient,
1,-0.23348126055685886,-0.05723443223443225,0.6029411764705882,-0.053333333333333344,0.0,-0.04920455767068266,-0.18575434188760348,-0.021864627242786483,-0.12067651337189678,-0.02877641947947862,-0.0981455184148397,1,1773440463.0,hltv_2391137_105640_astralis_vs_spirit_m2_ancient,de_ancient,
0,-0.07160798886688853,-0.01673412204234115,0.4027777777777778,0.003361344537815114,0.05294117647058824,0.03315281682256266,0.1682226659014768,0.019079585981033764,0.030131896570509076,0.030677195613893427,-0.03850202139731079,1,1773505762.0,hltv_2391139_105666_natus_vincere_vs_fut_m2_ancient,de_ancient,
1,-0.07160798886688853,-0.01673412204234115,0.5972222222222222,0.003361344537815114,0.05294117647058824,0.03315281682256266,0.1682226659014768,0.019079585981033764,0.030131896570509076,0.030677195613893427,-0.03850202139731079,0,1773505762.0,hltv_2391139_105666_natus_vincere_vs_fut_m2_ancient,de_ancient,
0,0.01512592878662787,-0.1738773274917853,0.4537037037037037,0.006617647058823534,-0.002941176470588225,-0.2883370082950932,-0.33257785448404165,-0.011693384744776159,-0.10270045061805633,0.015921790695092253,0.05354248739669787,1,1773519034.0,hltv_2391138_105677_aurora_vs_astralis_m2_dust2,de_dust2,
1,0.01512592878662787,-0.1738773274917853,0.5462962962962963,0.006617647058823534,-0.002941176470588225,-0.2883370082950932,-0.33257785448404165,-0.011693384744776159,-0.10270045061805633,0.015921790695092253,0.05354248739669787,1,1773519034.0,hltv_2391138_105677_aurora_vs_astralis_m2_dust2,de_dust2,
1,-0.09103791795904956,-0.05223607038123168,0.5446428571428571,0.010457516339869272,-0.002941176470588225,0.023534256903474438,-0.007174491112850956,-0.07663660693430091,-0.02529386107047582,-0.04373058697043558,0.01865609313140376,0,1773580659.0,hltv_2391140_105700_fut_vs_astralis_m1_dust2,de_dust2,
0,-0.09103791795904956,-0.05223607038123168,0.4553571428571429,0.010457516339869272,-0.002941176470588225,0.023534256903474438,-0.007174491112850956,-0.07663660693430091,-0.02529386107047582,-0.04373058697043558,0.01865609313140376,0,1773580659.0,hltv_2391140_105700_fut_vs_astralis_m1_dust2,de_dust2,
0,-0.11585139130150524,-0.10204081632653061,0.4342105263157895,0.009941520467836265,-0.00789473684210526,0.001882137823130292,-0.006094543128503216,-0.06239385510437234,0.004484416011585335,-0.030048677427739978,-0.00870401236783569,1,1773583754.0,hltv_2391140_105700_fut_vs_astralis_m2_ancient,de_ancient,
1,-0.11585139130150524,-0.10204081632653061,0.5657894736842105,0.009941520467836265,-0.00789473684210526,0.001882137823130292,-0.006094543128503216,-0.06239385510437234,0.004484416011585335,-0.030048677427739978,-0.00870401236783569,1,1773583754.0,hltv_2391140_105700_fut_vs_astralis_m2_ancient,de_ancient,
0,0.041681701198319675,-0.14474772539288666,0.47916666666666663,0.0011111111111111044,-0.05555555555555558,0.027102408932366373,-0.0002595200249859708,0.055731067147107294,0.03168251591508087,0.0564565820248496,0.06455485117258042,1,1773599286.0,hltv_2391141_105714_natus_vincere_vs_aurora_m2_anubis,de_anubis,
1,0.041681701198319675,-0.14474772539288666,0.5208333333333334,0.0011111111111111044,-0.05555555555555558,0.027102408932366373,-0.0002595200249859708,0.055731067147107294,0.03168251591508087,0.0564565820248496,0.06455485117258042,0,1773599286.0,hltv_2391141_105714_natus_vincere_vs_aurora_m2_anubis,de_anubis,
0,0.043807283879641654,-0.1367715761003196,0.4568965517241379,-0.010526315789473703,-0.05789473684210528,-0.001762661638399221,-0.013527152937485853,-0.0115097972409679,-0.05548786796919869,-0.00010745676392426295,-0.012306061389518508,0,1773607806.0,hltv_2391141_105714_natus_vincere_vs_aurora_m4_dust2,de_dust2,
1,0.043807283879641654,-0.1367715761003196,0.5431034482758621,-0.010526315789473703,-0.05789473684210528,-0.001762661638399221,-0.013527152937485853,-0.0115097972409679,-0.05548786796919869,-0.00010745676392426295,-0.012306061389518508,0,1773607806.0,hltv_2391141_105714_natus_vincere_vs_aurora_m4_dust2,de_dust2,
0,0.028900258750549294,-0.04635167464114831,0.41666666666666663,0.04873949579831933,0.05714285714285716,0.17307021774236936,-0.03660325221094596,0.062303068605350787,0.015327529047333255,-0.04780863318374229,-0.013218715437285089,1,1773848176.1897273,hltv_2390812_105813_natus_vincere_vs_b8_m2_ancient,de_ancient,
1,0.028900258750549294,-0.04635167464114831,0.5833333333333334,0.04873949579831933,0.05714285714285716,0.17307021774236936,-0.03660325221094596,0.062303068605350787,0.015327529047333255,-0.04780863318374229,-0.013218715437285089,0,1773848176.1897273,hltv_2390812_105813_natus_vincere_vs_b8_m2_ancient,de_ancient,
0,0.10709373537771985,-0.09708737864077671,0.5978260869565217,0.048636363636363644,0.05818181818181817,0.22580733505276318,0.07657408744991157,0.06525788918034275,0.0819169290270696,-0.02986101476530828,0.004777839412788754,0,1773865598.9166288,hltv_2390813_105823_faze_vs_aurora_m2_inferno,de_inferno,
1,0.10709373537771985,-0.09708737864077671,0.40217391304347827,0.048636363636363644,0.05818181818181817,0.22580733505276318,0.07657408744991157,0.06525788918034275,0.0819169290270696,-0.02986101476530828,0.004777839412788754,0,1773865598.9166288,hltv_2390813_105823_faze_vs_aurora_m2_inferno,de_inferno,
1,0.10876069862766852,-0.1554232804232804,0.484375,0.05714285714285714,0.05119047619047619,-0.007061185924853941,-0.0019077976378127914,0.05451425269738713,0.01537750553177597,0.03983669631257486,0.03249694765435557,1,1773865599.7629843,hltv_2390813_105823_faze_vs_aurora_m1_nuke,de_nuke,
0,0.10876069862766852,-0.1554232804232804,0.515625,0.05714285714285714,0.05119047619047619,-0.007061185924853941,-0.0019077976378127914,0.05451425269738713,0.01537750553177597,0.03983669631257486,0.03249694765435557,1,1773865599.7629843,hltv_2390813_105823_faze_vs_aurora_m1_nuke,de_nuke,
1,0.17142140791782037,-0.3409090909090909,0.5546875,-0.11176470588235296,-0.05882352941176472,-6.402465290139547e-05,0.0015975050092784104,0.03383759386626717,0.020146157372113116,0.017823582363652113,0.017083888455926843,1,1773878758.5521114,hltv_2390814_105829_furia_vs_tyloo_m1_mirage,de_mirage,
0,0.17142140791782037,-0.3409090909090909,0.4453125,-0.11176470588235296,-0.05882352941176472,-6.402465290139547e-05,0.0015975050092784104,0.03383759386626717,0.020146157372113116,0.017823582363652113,0.017083888455926843,0,1773878758.5521114,hltv_2390814_105829_furia_vs_tyloo_m1_mirage,de_mirage,
1,0.12855675297547048,0.16203703703703703,0.5681818181818182,-0.004761904761904745,-0.06190476190476188,-0.0027553033934996085,0.011495699550334137,0.021564806385788116,0.04577444420996413,0.002249847631871471,0.00983724654384277,1,1773924322.966289,hltv_2390815_105840_parivision_vs_ninjas_in_pyjamas_m2_mirage,de_mirage,
0,0.12855675297547048,0.16203703703703703,0.43181818181818177,-0.004761904761904745,-0.06190476190476188,-0.0027553033934996085,0.011495699550334137,0.021564806385788116,0.04577444420996413,0.002249847631871471,0.00983724654384277,1,1773924322.966289,hltv_2390815_105840_parivision_vs_ninjas_in_pyjamas_m2_mirage,de_mirage,
1,-0.21644837751350232,-0.18338815789473684,0.532608695652174,-0.03214285714285711,0.019047619047619035,0.0030708388325650926,-0.02105031609197744,-0.07091358766232148,-0.07864562604301906,-0.04028492536391853,-0.028683598999340976,0,1773935923.238122,hltv_2390816_105847_spirit_vs_liquid_m2_ancient,de_ancient,
0,-0.21644837751350232,-0.18338815789473684,0.46739130434782605,-0.03214285714285711,0.019047619047619035,0.0030708388325650926,-0.02105031609197744,-0.07091358766232148,-0.07864562604301906,-0.04028492536391853,-0.028683598999340976,0,1773935923.238122,hltv_2390816_105847_spirit_vs_liquid_m2_ancient,de_ancient,
0,-0.08470113847753083,-0.10894704808277539,0.59375,0.0005876068376068355,-0.007745726495726496,0.0010099031593044927,-0.002662341894216713,-0.03587817698274892,0.033145642014178855,-0.020483954521544556,-0.0031634822313417743,0,1773945514.4427848,hltv_2390817_105854_mouz_vs_the_mongolz_m2_inferno,de_inferno,
1,-0.08470113847753083,-0.10894704808277539,0.40625,0.0005876068376068355,-0.007745726495726496,0.0010099031593044927,-0.002662341894216713,-0.03587817698274892,0.033145642014178855,-0.020483954521544556,-0.0031634822313417743,0,1773945514.4427848,hltv_2390817_105854_mouz_vs_the_mongolz_m2_inferno,de_inferno,
0,0.18993504787388654,-0.037377450980392246,0.5900000000000001,-0.041269841269841276,-0.1380952380952381,0.0005199111888245511,0.013674980512768664,0.0031529584788698717,0.04872495341000954,0.0020738943113169372,0.014460728102388909,0,1774011325.8048995,hltv_2391755_105877_nrg_vs_b8_m1_inferno,de_inferno,
1,0.18993504787388654,-0.037377450980392246,0.41,-0.041269841269841276,-0.1380952380952381,0.0005199111888245511,0.013674980512768664,0.0031529584788698717,0.04872495341000954,0.0020738943113169372,0.014460728102388909,1,1774011325.8048995,hltv_2391755_105877_nrg_vs_b8_m1_inferno,de_inferno,
1,0.10497429044033008,-0.1923076923076923,0.5642857142857143,-0.16923076923076924,-0.04999999999999999,0.23921935571656427,-0.06092611622873312,0.06965179020045498,-0.005565583180735023,0.011517947382617078,-0.019510213925120312,0,1774024624.8276017,hltv_2391756_105883_faze_vs_tyloo_m1_mirage,de_mirage,
0,0.10497429044033008,-0.1923076923076923,0.4357142857142857,-0.16923076923076924,-0.04999999999999999,0.23921935571656427,-0.06092611622873312,0.06965179020045498,-0.005565583180735023,0.011517947382617078,-0.019510213925120312,0,1774024624.8276017,hltv_2391756_105883_faze_vs_tyloo_m1_mirage,de_mirage,
0,0.10497429044033008,-0.31202435312024357,0.47,-0.10476190476190476,-0.007142857142857145,-0.00280193978215737,-0.013655704717738137,-0.006104619046163606,-0.05080397709004347,0.0023691449629875128,-0.01755148432320336,1,1774024628.0001047,hltv_2391756_105883_faze_vs_tyloo_m2_ancient,de_ancient,
1,0.10497429044033008,-0.31202435312024357,0.53,-0.10476190476190476,-0.007142857142857145,-0.00280193978215737,-0.013655704717738137,-0.006104619046163606,-0.05080397709004347,0.0023691449629875128,-0.01755148432320336,0,1774024628.0001047,hltv_2391756_105883_faze_vs_tyloo_m2_ancient,de_ancient,
1,0.0018633310329065605,0.08382852292020371,0.5625,-0.07675213675213677,-0.16666666666666669,0.002030060017708224,-0.039891229619788804,-6.679489139760353e-05,-0.013642294430682045,-0.015411068926478921,0.012676712407886204,1,1774037524.3369265,hltv_2391757_105896_falcons_vs_natus_vincere_m1_mirage,de_mirage,
0,0.0018633310329065605,0.08382852292020371,0.4375,-0.07675213675213677,-0.16666666666666669,0.002030060017708224,-0.039891229619788804,-6.679489139760353e-05,-0.013642294430682045,-0.015411068926478921,0.012676712407886204,1,1774037524.3369265,hltv_2391757_105896_falcons_vs_natus_vincere_m1_mirage,de_mirage,
0,0.08012145894433628,0.13416477702191998,0.5673076923076923,-0.07124060150375938,-0.1582236842105263,-0.003929120294355881,-0.006552618447037972,0.06668538665156687,0.04012547867476113,0.03910715351485561,0.03598891933332565,0,1774037529.4397488,hltv_2391757_105896_falcons_vs_natus_vincere_m2_inferno,de_inferno,
1,0.08012145894433628,0.13416477702191998,0.4326923076923077,-0.07124060150375938,-0.1582236842105263,-0.003929120294355881,-0.006552618447037972,0.06668538665156687,0.04012547867476113,0.03910715351485561,0.03598891933332565,1,1774037529.4397488,hltv_2391757_105896_falcons_vs_natus_vincere_m2_inferno,de_inferno,
1,0.026806992315426895,0.06161385479113146,0.5241935483870968,-0.01212121212121213,0.0035353535353535026,-0.24083099781735584,0.025984021243705524,0.0014614518481398386,0.018813460700610685,0.03558189189569899,0.04436299427774948,0,1774048488.2879002,hltv_2391758_105904_aurora_vs_furia_m1_dust2,de_dust2,
0,0.026806992315426895,0.06161385479113146,0.47580645161290325,-0.01212121212121213,0.0035353535353535026,-0.24083099781735584,0.025984021243705524,0.0014614518481398386,0.018813460700610685,0.03558189189569899,0.04436299427774948,1,1774048488.2879002,hltv_2391758_105904_aurora_vs_furia_m1_dust2,de_dust2,
0,0.014878518790655854,0.05923555863023178,0.5462962962962963,-0.0018306636155606543,-0.006636155606407346,0.002851126662758885,-0.005660398557690405,-0.0022471302139092098,-0.009586600886972496,-0.00209030086680545,-0.0007182052914834758,0,1774048554.2193148,hltv_2391758_105904_aurora_vs_furia_m2_inferno,de_inferno,
1,0.014878518790655854,0.05923555863023178,0.4537037037037037,-0.0018306636155606543,-0.006636155606407346,0.002851126662758885,-0.005660398557690405,-0.0022471302139092098,-0.009586600886972496,-0.00209030086680545,-0.0007182052914834758,1,1774048554.2193148,hltv_2391758_105904_aurora_vs_furia_m2_inferno,de_inferno,
1,0.30380918847528493,0.3798076923076923,0.5608108108108109,-0.03846153846153845,0.11923076923076922,-0.09365248610593413,0.1289996862911344,0.049157838345421256,0.1039420554255146,0.06210373323675378,0.10892408127795367,1,1774102103.7151794,hltv_2391759_105928_ninjas_vs_pyjamas_m2_mirage,de_mirage,
0,0.30380918847528493,0.3798076923076923,0.43918918918918914,-0.03846153846153845,0.11923076923076922,-0.09365248610593413,0.1289996862911344,0.049157838345421256,0.1039420554255146,0.06210373323675378,0.10892408127795367,1,1774102103.7151794,hltv_2391759_105928_ninjas_vs_pyjamas_m2_mirage,de_mirage,
0,0.38658535029146235,-0.4145408163265306,0.5267857142857143,0.06842105263157894,-0.010526315789473703,-0.019034117896019942,-0.09256434689362841,0.07154881392610235,-0.02603435056703457,-0.018970165748209755,-0.018407668444765102,1,1774117710.7171476,hltv_2391760_105941_mouz_vs_9z_m2_inferno,de_inferno,
1,0.38658535029146235,-0.4145408163265306,0.4732142857142857,0.06842105263157894,-0.010526315789473703,-0.019034117896019942,-0.09256434689362841,0.07154881392610235,-0.02603435056703457,-0.018970165748209755,-0.018407668444765102,1,1774117710.7171476,hltv_2391760_105941_mouz_vs_9z_m2_inferno,de_inferno,
0,-0.10830592500688954,-0.31212628557761296,0.5192307692307692,0.00909090909090908,0.0011363636363636298,-0.09793088450344206,0.1184874999381278,-0.12014626424988784,-0.09983823398857916,-0.014539224585659205,0.008898795382847213,1,1774121491.592704,hltv_2391761_105949_parivision_vs_spirit_m1_anubis,de_anubis,
1,-0.10830592500688954,-0.31212628557761296,0.4807692307692308,0.00909090909090908,0.0011363636363636298,-0.09793088450344206,0.1184874999381278,-0.12014626424988784,-0.09983823398857916,-0.014539224585659205,0.008898795382847213,1,1774121491.592704,hltv_2391761_105949_parivision_vs_spirit_m1_anubis,de_anubis,
0,-0.06547596624117413,-0.20782889426957224,0.4903846153846154,0.019806763285024162,0.020772946859903357,-0.004532965832385716,-0.0050958139695527205,0.08178259452197167,0.08058917924195808,0.04714338417315045,0.05344598421249841,0,1774125379.5151987,hltv_2391761_105949_parivision_vs_spirit_m2_ancient,de_ancient,
1,-0.06547596624117413,-0.20782889426957224,0.5096153846153846,0.019806763285024162,0.020772946859903357,-0.004532965832385716,-0.0050958139695527205,0.08178259452197167,0.08058917924195808,0.04714338417315045,0.05344598421249841,1,1774125379.5151987,hltv_2391761_105949_parivision_vs_spirit_m2_ancient,de_ancient,
1,0.20710627447560148,-0.10101679929266139,0.5592105263157895,-0.012913165266106447,0.0022969187675070113,0.0268736800491165,0.09271897163673637,-0.04911255668422726,-0.0711835879624867,0.025692784606523744,-0.013727738466049633,0,1774132063.3917305,hltv_2391762_105958_the_mongolz_vs_vitality_m1_mirage,de_mirage,
0,0.20710627447560148,-0.10101679929266139,0.4407894736842105,-0.012913165266106447,0.0022969187675070113,0.0268736800491165,0.09271897163673637,-0.04911255668422726,-0.0711835879624867,0.025692784606523744,-0.013727738466049633,1,1774132063.3917305,hltv_2391762_105958_the_mongolz_vs_vitality_m1_mirage,de_mirage,
0,0.25169488024444825,-0.09361254541977432,0.5568181818181819,-0.046666666666666634,0.03069444444444444,-0.00317313516007367,-0.02747822883888623,0.0940127847214825,0.07937689319759578,0.060437931883041196,0.0476127351921648,0,1774134407.831258,hltv_2391762_105958_the_mongolz_vs_vitality_m2_overpass,de_overpass,
1,0.25169488024444825,-0.09361254541977432,0.4431818181818182,-0.046666666666666634,0.03069444444444444,-0.00317313516007367,-0.02747822883888623,0.0940127847214825,0.07937689319759578,0.060437931883041196,0.0476127351921648,1,1774134407.831258,hltv_2391762_105958_the_mongolz_vs_vitality_m2_overpass,de_overpass,
0,0.19925116120125108,-0.042972699696663286,0.4722222222222222,-0.051372549019607854,-0.022058823529411763,0.0071924041553884654,-0.07118163086317042,0.0239517524437729,0.025047106840552502,-0.010477746503728791,0.010688661409852473,1,1774187678.2205353,hltv_2391764_105977_tyloo_vs_falcons_m2_ancient,de_ancient,
1,0.19925116120125108,-0.042972699696663286,0.5277777777777778,-0.051372549019607854,-0.022058823529411763,0.0071924041553884654,-0.07118163086317042,0.0239517524437729,0.025047106840552502,-0.010477746503728791,0.010688661409852473,1,1774187678.2205353,hltv_2391764_105977_tyloo_vs_falcons_m2_ancient,de_ancient,
1,0.19925116120125108,0.10302197802197799,0.47413793103448276,-0.03416666666666667,-0.010000000000000009,0.010335739292283597,0.047043506224806686,0.16896610438880177,0.14066283869010215,0.08096725393259074,0.07474630970268681,0,1774187719.161227,hltv_2391764_105977_tyloo_vs_falcons_m1_inferno,de_inferno,
0,0.19925116120125108,0.10302197802197799,0.5258620689655172,-0.03416666666666667,-0.010000000000000009,0.010335739292283597,0.047043506224806686,0.16896610438880177,0.14066283869010215,0.08096725393259074,0.07474630970268681,1,1774187719.161227,hltv_2391764_105977_tyloo_vs_falcons_m1_inferno,de_inferno,
0,-0.1119406467675464,-0.03709235748070694,0.48684210526315785,0.065,0.07249999999999998,-0.12037174242841708,-0.07851116492520493,-0.04709694800751291,-0.05779513799073982,-0.013247215445086002,0.029808568586167927,0,1774198840.5303545,hltv_2391763_105981_nrg_vs_furia_m2_nuke,de_nuke,
1,-0.1119406467675464,-0.03709235748070694,0.5131578947368421,0.065,0.07249999999999998,-0.12037174242841708,-0.07851116492520493,-0.04709694800751291,-0.05779513799073982,-0.013247215445086002,0.029808568586167927,1,1774198840.5303545,hltv_2391763_105981_nrg_vs_furia_m2_nuke,de_nuke,
1,0.10322082356836745,-0.03451178451178449,0.5448717948717948,0.03238095238095237,0.046666666666666634,0.01760916309523164,0.043724574596780974,0.15011715531510067,0.10101532479539121,0.07001051114105222,0.06311934891676196,0,1774198848.6203587,hltv_2391763_105981_nrg_vs_furia_m1_mirage,de_mirage,
0,0.10322082356836745,-0.03451178451178449,0.4551282051282052,0.03238095238095237,0.046666666666666634,0.01760916309523164,0.043724574596780974,0.15011715531510067,0.10101532479539121,0.07001051114105222,0.06311934891676196,0,1774198848.6203587,hltv_2391763_105981_nrg_vs_furia_m1_mirage,de_mirage,
0,-0.1765740359491508,-0.3002028397565923,0.4732142857142857,-0.10360275689223056,0.012640977443609008,0.10385560193694343,0.2687826808439808,-0.08063579783128605,0.014774073567846824,-0.02171474885336261,-0.05519867128002831,0,1774208568.374808,hltv_2391765_105987_liquid_vs_the_mongolz_m1_ancient,de_ancient,
1,-0.1765740359491508,-0.3002028397565923,0.5267857142857143,-0.10360275689223056,0.012640977443609008,0.10385560193694343,0.2687826808439808,-0.08063579783128605,0.014774073567846824,-0.02171474885336261,-0.05519867128002831,0,1774208568.374808,hltv_2391765_105987_liquid_vs_the_mongolz_m1_ancient,de_ancient,
1,-0.16210134676509336,-0.36845286059629334,0.54375,-0.06931372549019608,0.028137254901960784,0.0011704283618311218,0.021000441193646247,-0.0342501862748153,-0.018298299214648428,-0.01430074637379003,-0.0220662840363946,0,1774208619.1100097,hltv_2391765_105987_liquid_vs_the_mongolz_m2_mirage,de_mirage,
0,-0.16210134676509336,-0.36845286059629334,0.45625000000000004,-0.06931372549019608,0.028137254901960784,0.0011704283618311218,0.021000441193646247,-0.0342501862748153,-0.018298299214648428,-0.01430074637379003,-0.0220662840363946,0,1774208619.1100097,hltv_2391765_105987_liquid_vs_the_mongolz_m2_mirage,de_mirage,
0,-0.4675056108617687,-0.05319148936170215,0.5326086956521738,-0.09999999999999999,-0.085,0.04123145128387018,-0.07415634546110028,0.10873801277942119,0.03512636069631292,0.015272069375425024,-0.016367870376970184,0,1774217357.6093626,hltv_2391766_105994_9z_vs_spirit_m1_overpass,de_overpass,
1,-0.4675056108617687,-0.05319148936170215,0.4673913043478261,-0.09999999999999999,-0.085,0.04123145128387018,-0.07415634546110028,0.10873801277942119,0.03512636069631292,0.015272069375425024,-0.016367870376970184,1,1774217357.6093626,hltv_2391766_105994_9z_vs_spirit_m1_overpass,de_overpass,
1,-0.4727167362728536,-0.04807692307692313,0.5078125,-0.061212121212121225,-0.03818181818181818,0.01866111525568115,-4.898948492446098e-05,-0.027066004727758275,-0.07385760032933097,-0.012976457886529458,0.0002571813617942009,0,1774217360.8041246,hltv_2391766_105994_9z_vs_spirit_m2_dust2,de_dust2,
0,-0.4727167362728536,-0.04807692307692313,0.4921875,-0.061212121212121225,-0.03818181818181818,0.01866111525568115,-4.898948492446098e-05,-0.027066004727758275,-0.07385760032933097,-0.012976457886529458,0.0002571813617942009,0,1774217360.8041246,hltv_2391766_105994_9z_vs_spirit_m2_dust2,de_dust2,
1,0.04415967698061607,-0.1298445023285184,0.48214285714285715,-0.013333333333333336,-0.0625,-0.016305072356045613,0.02151884624353001,-0.027464649543641084,0.013236739251846819,-0.01446877824702858,0.041524591986289494,0,1774270307.1024935,hltv_2391767_106016_natus_vincere_vs_aurora_m1_anubis,de_anubis,
0,0.04415967698061607,-0.1298445023285184,0.5178571428571428,-0.013333333333333336,-0.0625,-0.016305072356045613,0.02151884624353001,-0.027464649543641084,0.013236739251846819,-0.01446877824702858,0.041524591986289494,0,1774270307.1024935,hltv_2391767_106016_natus_vincere_vs_aurora_m1_anubis,de_anubis,
1,0.031709268791787995,-0.16710069444444442,0.5375,-0.0215238095238095,-0.06799999999999995,0.007045980796996587,0.0067022655559834665,-0.03587388034787875,-0.016016623060842117,-0.019034165777126244,-0.009067420117382485,0,1774270406.915978,hltv_2391767_106016_natus_vincere_vs_aurora_m2_nuke,de_nuke,
0,0.031709268791787995,-0.16710069444444442,0.4625,-0.0215238095238095,-0.06799999999999995,0.007045980796996587,0.0067022655559834665,-0.03587388034787875,-0.016016623060842117,-0.019034165777126244,-0.009067420117382485,1,1774270406.915978,hltv_2391767_106016_natus_vincere_vs_aurora_m2_nuke,de_nuke,
1,0.018397420612037047,-0.2265394542772861,0.5426829268292683,0.03847452856740782,0.07990430622009569,-0.2877564399267104,-0.11910850694030445,-0.12355708865010173,-0.024050841381460075,0.0244367251247678,-0.004803618104654628,1,1774286044.2074878,hltv_2391768_106031_falcons_vs_furia_m1_mirage,de_mirage,
0,0.018397420612037047,-0.2265394542772861,0.45731707317073167,0.03847452856740782,0.07990430622009569,-0.2877564399267104,-0.11910850694030445,-0.12355708865010173,-0.024050841381460075,0.0244367251247678,-0.004803618104654628,0,1774286044.2074878,hltv_2391768_106031_falcons_vs_furia_m1_mirage,de_mirage,
1,0.3423806042743589,0.11386733185513676,0.5535714285714286,-0.014215686274509795,0.0039215686274509665,-0.22553367101970206,-0.1997629611200344,-0.027544090460554116,-0.004889672182719518,0.02613861191372946,0.027374360809895637,1,1774293453.272756,hltv_2391769_106050_parivision_vs_vitality_m1_mirage,de_mirage,
0,0.3423806042743589,0.11386733185513676,0.4464285714285714,-0.014215686274509795,0.0039215686274509665,-0.22553367101970206,-0.1997629611200344,-0.027544090460554116,-0.004889672182719518,0.02613861191372946,0.027374360809895637,1,1774293453.272756,hltv_2391769_106050_parivision_vs_vitality_m1_mirage,de_mirage,
1,0.3317785036621162,0.15625,0.4583333333333333,-0.0040000000000000036,0.006666666666666682,0.0012762977858777336,-0.0027674558940565808,0.021918244503613904,-0.009693908176657329,0.01247391671461684,0.0009502103233154924,0,1774296877.1324031,hltv_2391769_106050_parivision_vs_vitality_m2_inferno,de_inferno,
0,0.3317785036621162,0.15625,0.5416666666666667,-0.0040000000000000036,0.006666666666666682,0.0012762977858777336,-0.0027674558940565808,0.021918244503613904,-0.009693908176657329,0.01247391671461684,0.0009502103233154924,1,1774296877.1324031,hltv_2391769_106050_parivision_vs_vitality_m2_inferno,de_inferno,
1,0.03804162610340628,-0.027665317139001333,0.5119047619047619,-0.05357142857142856,-0.015476190476190477,0.23678794310571583,0.0521085669551844,0.060745987305600324,0.015063696030037377,-0.040095777127038046,0.023040410643647535,0,1774303565.5468197,hltv_2391770_106061_the_mongolz_vs_spirit_m1_nuke,de_nuke,
0,0.03804162610340628,-0.027665317139001333,0.48809523809523814,-0.05357142857142856,-0.015476190476190477,0.23678794310571583,0.0521085669551844,0.060745987305600324,0.015063696030037377,-0.040095777127038046,0.023040410643647535,1,1774303565.5468197,hltv_2391770_106061_the_mongolz_vs_spirit_m1_nuke,de_nuke,
0,0.017547254873366714,-0.027788573649436432,0.5104166666666667,-0.03240286029759712,-0.0398838004101162,-0.0012154108521007512,0.01690488052083383,-0.029007709234262158,0.035029784996331415,-0.023484738514013725,0.00459892414065971,1,1774306169.7147303,hltv_2391770_106061_the_mongolz_vs_spirit_m2_overpass,de_overpass,
1,0.017547254873366714,-0.027788573649436432,0.4895833333333333,-0.03240286029759712,-0.0398838004101162,-0.0012154108521007512,0.01690488052083383,-0.029007709234262158,0.035029784996331415,-0.023484738514013725,0.00459892414065971,1,1774306169.7147303,hltv_2391770_106061_the_mongolz_vs_spirit_m2_overpass,de_overpass,
0,-0.021444719589429086,-0.1678485987696514,0.5564516129032258,-0.038989054423837016,-0.02095013681970201,0.1283476372731856,0.05846744268467474,-0.05928125941882306,-0.08657645999135077,-0.02898441836298732,-0.028578937474928123,0,1774624292.929129,hltv_2391771_106232_aurora_vs_the_mongolz_m1_inferno,de_inferno,
1,-0.021444719589429086,-0.1678485987696514,0.4435483870967742,-0.038989054423837016,-0.02095013681970201,0.1283476372731856,0.05846744268467474,-0.05928125941882306,-0.08657645999135077,-0.02898441836298732,-0.028578937474928123,1,1774624292.929129,hltv_2391771_106232_aurora_vs_the_mongolz_m1_inferno,de_inferno,
1,0.0637699292013863,0.32364326658229736,0.5258620689655172,-0.0615811965811966,-0.09384615384615383,-0.26517151550337553,-0.07894343144677807,-0.09219700172920464,-0.014095706962938825,0.053024569312862646,-0.019754489312858392,1,1774637946.1485746,hltv_2391772_106241_parivision_vs_falcons_m2_ancient,de_ancient,
0,0.0637699292013863,0.32364326658229736,0.47413793103448276,-0.0615811965811966,-0.09384615384615383,-0.26517151550337553,-0.07894343144677807,-0.09219700172920464,-0.014095706962938825,0.053024569312862646,-0.019754489312858392,0,1774637946.1485746,hltv_2391772_106241_parivision_vs_falcons_m2_ancient,de_ancient,
0,-0.27110394567792967,-0.09057971014492755,0.5390625,-0.005847953216374269,-0.029824561403508726,-0.0727681117490685,-0.1026809596933223,-0.0014238586015619115,-0.006713874330377845,0.012863198731419612,-0.025031738796389036,0,1774712304.7769606,hltv_2391773_106290_vitality_vs_aurora_m1_inferno,de_inferno,
1,-0.27110394567792967,-0.09057971014492755,0.4609375,-0.005847953216374269,-0.029824561403508726,-0.0727681117490685,-0.1026809596933223,-0.0014238586015619115,-0.006713874330377845,0.012863198731419612,-0.025031738796389036,0,1774712304.7769606,hltv_2391773_106290_vitality_vs_aurora_m1_inferno,de_inferno,
1,-0.2943298397437868,-0.12916694955529906,0.48863636363636365,-0.01428571428571429,-0.03642857142857142,0.007153911532502888,-0.004553878400826328,-0.019985807461155802,-0.10006553903106791,-0.027238424750454016,-0.047429122149818204,0,1774713263.975837,hltv_2391773_106290_vitality_vs_aurora_m2_nuke,de_nuke,
0,-0.2943298397437868,-0.12916694955529906,0.5113636363636364,-0.01428571428571429,-0.03642857142857142,0.007153911532502888,-0.004553878400826328,-0.019985807461155802,-0.10006553903106791,-0.027238424750454016,-0.047429122149818204,1,1774713263.975837,hltv_2391773_106290_vitality_vs_aurora_m2_nuke,de_nuke,
1,0.028183467540134205,0.21129921764781323,0.5075757575757576,0.0016835016835016897,0.039898989898989934,-0.07789860402969395,-0.06536262319103286,-0.047493769097166405,-0.03872445909169442,0.02916830573798601,0.0498783375373959,0,1774724438.7735646,hltv_2391774_106313_natus_vincere_vs_parivision_m1_dust2,de_dust2,
0,0.028183467540134205,0.21129921764781323,0.49242424242424243,0.0016835016835016897,0.039898989898989934,-0.07789860402969395,-0.06536262319103286,-0.047493769097166405,-0.03872445909169442,0.02916830573798601,0.0498783375373959,0,1774724438.7735646,hltv_2391774_106313_natus_vincere_vs_parivision_m1_dust2,de_dust2,
1,0.048168961252165216,0.1647505037335546,0.4621212121212121,0.009472049689441,0.03493788819875773,-0.008195305037955736,0.021361760763170756,0.028168576514132238,0.0634811446069593,0.019798005402751118,0.021569251459362337,0,1774724447.0566127,hltv_2391774_106313_natus_vincere_vs_parivision_m2_inferno,de_inferno,
0,0.048168961252165216,0.1647505037335546,0.5378787878787878,0.009472049689441,0.03493788819875773,-0.008195305037955736,0.021361760763170756,0.028168576514132238,0.0634811446069593,0.019798005402751118,0.021569251459362337,1,1774724447.0566127,hltv_2391774_106313_natus_vincere_vs_parivision_m2_inferno,de_inferno,
0,0.2971348978371039,-0.0175022583559169,0.5166666666666666,-0.012499999999999997,-0.025000000000000022,-0.00955815889299616,0.06097484508535134,-0.06958518621672877,-0.02012771839818822,0.05664287579835903,-0.03024694679807216,1,1774790073.9480212,hltv_2391775_106366_vitality_vs_natus_vincere_m2_anubis,de_anubis,
1,0.2971348978371039,-0.0175022583559169,0.48333333333333334,-0.012499999999999997,-0.025000000000000022,-0.00955815889299616,0.06097484508535134,-0.06958518621672877,-0.02012771839818822,0.05664287579835903,-0.03024694679807216,0,1774790073.9480212,hltv_2391775_106366_vitality_vs_natus_vincere_m2_anubis,de_anubis,
0,0.2879000467649042,-0.01693860619469023,0.49264705882352944,-0.01200000000000001,-0.027272727272727282,-0.002201038815839329,0.003875789991091061,-0.017140591981487707,-0.016841453815576224,-0.007593955787071394,-0.007170589353537038,1,1774792482.857188,hltv_2391775_106366_vitality_vs_natus_vincere_m3_dust2,de_dust2,
1,0.2879000467649042,-0.01693860619469023,0.5073529411764706,-0.01200000000000001,-0.027272727272727282,-0.002201038815839329,0.003875789991091061,-0.017140591981487707,-0.016841453815576224,-0.007593955787071394,-0.007170589353537038,0,1774792482.857188,hltv_2391775_106366_vitality_vs_natus_vincere_m3_dust2,de_dust2,
0,0.7236843133423021,0.35315040650406504,0.51,0.10416666666666667,-0.041666666666666685,-0.0032727398432892407,0.006604290564962145,0.08432695189886585,0.169109285926052,0.05042906982149731,0.06783167557887892,1,1776091444.0,hltv_2393081_107105_vitality_vs_red_canids_m2_overpass,de_overpass,
1,0.7236843133423021,0.35315040650406504,0.49,0.10416666666666667,-0.041666666666666685,-0.0032727398432892407,0.006604290564962145,0.08432695189886585,0.169109285926052,0.05042906982149731,0.06783167557887892,1,1776091444.0,hltv_2393081_107105_vitality_vs_red_canids_m2_overpass,de_overpass,
1,0.33295785318614696,0.1497097242380262,0.45,0.02055137844611529,0.0028822055137844582,-0.018327746454222194,-0.0266448327621831,0.007265633595129328,-0.01654382812792371,-0.010011933396098571,-0.0037803170324503532,1,1776100950.0,hltv_2393084_107112_3dmax_vs_falcons_m1_inferno,de_inferno,
0,0.33295785318614696,0.1497097242380262,0.55,0.02055137844611529,0.0028822055137844582,-0.018327746454222194,-0.0266448327621831,0.007265633595129328,-0.01654382812792371,-0.010011933396098571,-0.0037803170324503532,1,1776100950.0,hltv_2393084_107112_3dmax_vs_falcons_m1_inferno,de_inferno,
0,0.33295785318614696,0.20160875160875164,0.45833333333333337,0.02015151515151515,0.004090909090909076,-0.002316956667729242,0.01930647281103326,0.010574286621267304,0.0543171287363875,0.005063559034589715,0.014660299646460262,1,1776103681.0,hltv_2393084_107112_3dmax_vs_falcons_m2_ancient,de_ancient,
1,0.33295785318614696,0.20160875160875164,0.5416666666666666,0.02015151515151515,0.004090909090909076,-0.002316956667729242,0.01930647281103326,0.010574286621267304,0.0543171287363875,0.005063559034589715,0.014660299646460262,1,1776103681.0,hltv_2393084_107112_3dmax_vs_falcons_m2_ancient,de_ancient,
1,0.026943585579218596,-0.009575826358348638,0.5403225806451613,0.05153846153846153,0.03230769230769234,0.027573680677733026,0.1587796357541248,-0.0629333323347599,0.02076611091836089,-0.010440395636313105,-0.008063974657214645,1,1776105178.0,hltv_2393086_107114_b8_vs_natus_vincere_m1_ancient,de_ancient,
0,0.026943585579218596,-0.009575826358348638,0.45967741935483875,0.05153846153846153,0.03230769230769234,0.027573680677733026,0.1587796357541248,-0.0629333323347599,0.02076611091836089,-0.010440395636313105,-0.008063974657214645,1,1776105178.0,hltv_2393086_107114_b8_vs_natus_vincere_m1_ancient,de_ancient,
0,0.09841106978833512,0.05434782608695654,0.5486111111111112,0.04747474747474749,0.04175084175084173,0.014739550169158122,0.02623422950063481,0.17222385640930052,0.4168330196915876,0.1022816141694301,0.13725398856476423,0,1776108645.0,hltv_2393086_107114_b8_vs_natus_vincere_m2_inferno,de_inferno,
1,0.09841106978833512,0.05434782608695654,0.4513888888888889,0.04747474747474749,0.04175084175084173,0.014739550169158122,0.02623422950063481,0.17222385640930052,0.4168330196915876,0.1022816141694301,0.13725398856476423,0,1776108645.0,hltv_2393086_107114_b8_vs_natus_vincere_m2_inferno,de_inferno,
0,0.8031757726412982,0.2921747967479675,0.44886363636363635,-0.016666666666666663,0.13333333333333336,-0.006704855887323169,0.016468497066408627,0.13105838037553813,0.22743637988154536,0.07951896931170649,0.09338447054684673,1,1776118984.0,hltv_2393085_107116_furia_vs_passion_ua_m2_mirage,de_mirage,
1,0.8031757726412982,0.2921747967479675,0.5511363636363636,-0.016666666666666663,0.13333333333333336,-0.006704855887323169,0.016468497066408627,0.13105838037553813,0.22743637988154536,0.07951896931170649,0.09338447054684673,1,1776118984.0,hltv_2393085_107116_furia_vs_passion_ua_m2_mirage,de_mirage,
0,0.6465417678285019,0.23080065359477125,0.5067567567567568,0.09,0.12666666666666665,-0.002246102134908612,-0.018731263747564397,0.11853243577419575,0.13974148361938737,0.0742608730275644,0.05723508477435829,1,1776122568.0,hltv_2393087_107117_aurora_vs_hotu_m2_dust2,de_dust2,
1,0.6465417678285019,0.23080065359477125,0.49324324324324326,0.09,0.12666666666666665,-0.002246102134908612,-0.018731263747564397,0.11853243577419575,0.13974148361938737,0.0742608730275644,0.05723508477435829,0,1776122568.0,hltv_2393087_107117_aurora_vs_hotu_m2_dust2,de_dust2,
1,0.15668657222471996,-0.12615384615384612,0.5378787878787878,0.02696078431372549,0.033946078431372546,-0.03478635432414556,-0.004460141183944721,0.04668834807789657,0.05971345505068287,-0.017060955295931657,0.07223171617224894,0,1776190010.0,hltv_2393227_107132_liquid_vs_3dmax_m2_ancient,de_ancient,
0,0.15668657222471996,-0.12615384615384612,0.46212121212121215,0.02696078431372549,0.033946078431372546,-0.03478635432414556,-0.004460141183944721,0.04668834807789657,0.05971345505068287,-0.017060955295931657,0.07223171617224894,0,1776190010.0,hltv_2393227_107132_liquid_vs_3dmax_m2_ancient,de_ancient,
0,-0.03426260179225864,0.1439655172413793,0.45108695652173914,-0.07908902691511385,-0.07490683229813663,0.041180155900752746,0.1177499214231762,-0.0006986698579882766,0.06593001815364757,0.035531230451279594,-0.039710756603819175,0,1776190292.0,hltv_2393226_107133_spirit_vs_falcons_m2_mirage,de_mirage,
1,-0.03426260179225864,0.1439655172413793,0.5489130434782609,-0.07908902691511385,-0.07490683229813663,0.041180155900752746,0.1177499214231762,-0.0006986698579882766,0.06593001815364757,0.035531230451279594,-0.039710756603819175,0,1776190292.0,hltv_2393226_107133_spirit_vs_falcons_m2_mirage,de_mirage,
1,0.061968545612554264,-0.034965034965035,0.5478723404255319,-0.023142857142857146,-0.06128571428571428,-0.09587897443296595,0.2067410801125279,0.015101426632747661,0.13944041323648415,0.08266065892480984,0.07012681848952529,0,1776193253.0,hltv_2393228_107138_natus_vincere_vs_furia_m1_mirage,de_mirage,
0,0.061968545612554264,-0.034965034965035,0.4521276595744681,-0.023142857142857146,-0.06128571428571428,-0.09587897443296595,0.2067410801125279,0.015101426632747661,0.13944041323648415,0.08266065892480984,0.07012681848952529,0,1776193253.0,hltv_2393228_107138_natus_vincere_vs_furia_m1_mirage,de_mirage,
0,-0.4272053464224754,-0.42429792429792423,0.5096153846153846,0.02500000000000001,-0.15,-0.098557012633822,0.1836177148383622,-0.15515698080907908,-0.13795533616088473,-0.02536449625614917,-0.07685404058747908,0,1776193602.0,hltv_2393229_107137_b8_vs_passion_ua_m1_overpass,de_overpass,
1,-0.4272053464224754,-0.42429792429792423,0.49038461538461536,0.02500000000000001,-0.15,-0.098557012633822,0.1836177148383622,-0.15515698080907908,-0.13795533616088473,-0.02536449625614917,-0.07685404058747908,0,1776193602.0,hltv_2393229_107137_b8_vs_passion_ua_m1_overpass,de_overpass,
1,-0.309850890065649,-0.49019607843137253,0.546875,0.023076923076923078,-0.08717948717948716,-0.00481391438890072,0.014118462207050375,-0.010498714774888118,-0.003332019065058367,-0.014425489559760418,-0.03359562516792941,0,1776196352.0,hltv_2393229_107137_b8_vs_passion_ua_m2_mirage,de_mirage,
0,-0.309850890065649,-0.49019607843137253,0.453125,0.023076923076923078,-0.08717948717948716,-0.00481391438890072,0.014118462207050375,-0.010498714774888118,-0.003332019065058367,-0.014425489559760418,-0.03359562516792941,0,1776196352.0,hltv_2393229_107137_b8_vs_passion_ua_m2_mirage,de_mirage,
0,0.03009627930322189,-0.06947266815687869,0.5197368421052632,-0.02957559681697612,-0.055437665782493345,-0.008170440488996178,-0.05212760059444921,-0.1049519661955321,-0.21447279872963998,-0.05793903413030188,-0.09077307990440853,1,1776196490.0,hltv_2393228_107138_natus_vincere_vs_furia_m2_dust2,de_dust2,
1,0.03009627930322189,-0.06947266815687869,0.48026315789473684,-0.02957559681697612,-0.055437665782493345,-0.008170440488996178,-0.05212760059444921,-0.1049519661955321,-0.21447279872963998,-0.05793903413030188,-0.09077307990440853,1,1776196490.0,hltv_2393228_107138_natus_vincere_vs_furia_m2_dust2,de_dust2,
0,0.09256867462494255,0.009381651170606076,0.50625,0.031231671554252202,0.051759530791788855,0.20399680020052713,0.2128333700835196,0.02487298675165861,0.02950111748786849,0.009884643227905665,0.0013281264712645124,0,1776204765.0,hltv_2393230_107140_mouz_vs_aurora_m1_dust2,de_dust2,
1,0.09256867462494255,0.009381651170606076,0.49375,0.031231671554252202,0.051759530791788855,0.20399680020052713,0.2128333700835196,0.02487298675165861,0.02950111748786849,0.009884643227905665,0.0013281264712645124,1,1776204765.0,hltv_2393230_107140_mouz_vs_aurora_m1_dust2,de_dust2,
1,0.04636017517991702,0.008058646147447224,0.5459183673469388,0.02228260869565217,0.05611413043478261,0.005064129455230604,-0.03724802462685223,-0.05476576199630784,-0.11983260717664318,-0.029776783109081828,-0.04229160816590416,0,1776208451.0,hltv_2393230_107140_mouz_vs_aurora_m2_mirage,de_mirage,
0,0.04636017517991702,0.008058646147447224,0.45408163265306123,0.02228260869565217,0.05611413043478261,0.005064129455230604,-0.03724802462685223,-0.05476576199630784,-0.11983260717664318,-0.029776783109081828,-0.04229160816590416,0,1776208451.0,hltv_2393230_107140_mouz_vs_aurora_m2_mirage,de_mirage,
0,-0.2984002886718052,0.005640243902439057,0.5576923076923077,-0.018137254901960782,-0.013725490196078431,0.016112779394717225,0.029553823786674205,0.044697262068192134,-0.0020984092425489487,0.014295204620245472,-0.048790482046580264,0,1776260853.0,hltv_2393233_107147_g2_vs_3dmax_m1_inferno,de_inferno,0.3516924420123046
1,-0.2984002886718052,0.005640243902439057,0.4423076923076923,-0.018137254901960782,-0.013725490196078431,0.016112779394717225,0.029553823786674205,0.044697262068192134,-0.0020984092425489487,0.014295204620245472,-0.048790482046580264,0,1776260853.0,hltv_2393233_107147_g2_vs_3dmax_m1_inferno,de_inferno,0.42499509281708847
1,0.47271541537964473,0.29739130434782607,0.545,0.0875,0.024999999999999994,-0.1547932456509557,-0.0030609675575211104,-0.02815544454050317,0.0005368909852052073,0.022006236640993326,0.04928830257603395,1,1776261256.0,hltv_2393232_107149_red_canids_vs_spirit_m1_mirage,de_mirage,0.5495520684676161
0,0.47271541537964473,0.29739130434782607,0.45499999999999996,0.0875,0.024999999999999994,-0.1547932456509557,-0.0030609675575211104,-0.02815544454050317,0.0005368909852052073,0.022006236640993326,0.04928830257603395,1,1776261256.0,hltv_2393232_107149_red_canids_vs_spirit_m1_mirage,de_mirage,0.6200031801239245
1,-0.2984002886718052,-0.07966751918158571,0.5060975609756098,-0.016239316239316244,-0.011538461538461539,0.003248348576806448,0.010802250845623806,-0.052653058657174956,-0.038382836875624105,-0.028962572723726765,-0.02500453597781821,1,1776263595.0,hltv_2393233_107147_g2_vs_3dmax_m2_dust2,de_dust2,0.42333630731128186
0,-0.2984002886718052,-0.07966751918158571,0.49390243902439024,-0.016239316239316244,-0.011538461538461539,0.003248348576806448,0.010802250845623806,-0.052653058657174956,-0.038382836875624105,-0.028962572723726765,-0.02500453597781821,0,1776263595.0,hltv_2393233_107147_g2_vs_3dmax_m2_dust2,de_dust2,0.441643043683559
0,0.2854370934422011,0.3741071428571428,0.4632352941176471,0.06915032679738564,0.015686274509803907,-0.0016840793911803154,-0.01046815949778268,-0.038694342806302684,-0.04311303269294431,-0.01603635032819062,-0.01968096911586842,1,1776264735.0,hltv_2393232_107149_red_canids_vs_spirit_m2_ancient,de_ancient,0.5634244602760855
1,0.2854370934422011,0.3741071428571428,0.5367647058823529,0.06915032679738564,0.015686274509803907,-0.0016840793911803154,-0.01046815949778268,-0.038694342806302684,-0.04311303269294431,-0.01603635032819062,-0.01968096911586842,1,1776264735.0,hltv_2393232_107149_red_canids_vs_spirit_m2_ancient,de_ancient,0.4899949716310167
1,0.3042316227537228,0.1715686274509804,0.5178571428571429,0.07333333333333333,0.15333333333333335,0.20931658011766308,0.17024506865757227,-0.011757802285878582,-0.0882345377708535,-0.041326015739062194,-0.029367685869654825,1,1776269750.0,hltv_2393235_107152_natus_vincere_vs_hotu_m1_dust2,de_dust2,0.27391132126139456
0,0.3042316227537228,0.1715686274509804,0.4821428571428571,0.07333333333333333,0.15333333333333335,0.20931658011766308,0.17024506865757227,-0.011757802285878582,-0.0882345377708535,-0.041326015739062194,-0.029367685869654825,0,1776269750.0,hltv_2393235_107152_natus_vincere_vs_hotu_m1_dust2,de_dust2,0.30517965548486653
1,-0.0031964311202982774,-0.19202544031311153,0.5441176470588235,0.0021645021645021745,-0.02077922077922076,-0.06460507507515678,-0.004447506605917195,-0.090593660586814,-0.1183206717805993,-0.049097482678347515,-0.06008336164034517,1,1776271386.0,hltv_2393234_107153_b8_vs_aurora_m1_mirage,de_mirage,0.4964875791344453
0,-0.0031964311202982774,-0.19202544031311153,0.4558823529411765,0.0021645021645021745,-0.02077922077922076,-0.06460507507515678,-0.004447506605917195,-0.090593660586814,-0.1183206717805993,-0.049097482678347515,-0.06008336164034517,1,1776271386.0,hltv_2393234_107153_b8_vs_aurora_m1_mirage,de_mirage,0.5663196614755297
0,0.3900671893739839,0.14034122179416614,0.4642857142857143,0.031451612903225803,0.08064516129032256,0.0012314642567956557,0.04025076189051324,0.08953899410590854,0.16571998543613864,0.06025830804418081,0.07174231118367197,0,1776273459.0,hltv_2393235_107152_natus_vincere_vs_hotu_m2_ancient,de_ancient,0.5423720387726563
1,0.3900671893739839,0.14034122179416614,0.5357142857142857,0.031451612903225803,0.08064516129032256,0.0012314642567956557,0.04025076189051324,0.08953899410590854,0.16571998543613864,0.06025830804418081,0.07174231118367197,0,1776273459.0,hltv_2393235_107152_natus_vincere_vs_hotu_m2_ancient,de_ancient,0.4725476151493882
0,0.02646393991491245,-0.1363568993626797,0.5092592592592593,0.011176470588235274,-0.01215686274509803,0.006905469967869393,-0.0020408321433986742,0.05560098160070687,0.08091414150243947,0.04256863661334914,0.046123154426893465,1,1776274825.0,hltv_2393234_107153_b8_vs_aurora_m2_overpass,de_overpass,0.428791203302367
1,0.02646393991491245,-0.1363568993626797,0.49074074074074076,0.011176470588235274,-0.01215686274509803,0.006905469967869393,-0.0020408321433986742,0.05560098160070687,0.08091414150243947,0.04256863661334914,0.046123154426893465,1,1776274825.0,hltv_2393234_107153_b8_vs_aurora_m2_overpass,de_overpass,0.4288756094536679
0,-0.07333450698046419,-0.09999999999999998,0.4567307692307693,-0.0753968253968254,-0.0673015873015873,0.06970580986357644,0.011974424281806284,0.12166650100053716,0.0485564556955122,0.020059490584779405,0.06682470338050905,0,1776278640.0,hltv_2393237_107157_g2_vs_spirit_m1_mirage,de_mirage,0.47847365209514076
1,-0.07333450698046419,-0.09999999999999998,0.5432692307692307,-0.0753968253968254,-0.0673015873015873,0.06970580986357644,0.011974424281806284,0.12166650100053716,0.0485564556955122,0.020059490584779405,0.06682470338050905,0,1776278640.0,hltv_2393237_107157_g2_vs_spirit_m1_mirage,de_mirage,0.4005159976397388
1,0.2744565092583083,-0.10669550619834711,0.5424528301886793,0.06119696969696971,0.09728787878787878,0.023719510169921243,-0.19223735656634633,0.0703659017491346,0.022676714211904536,0.027015960010114415,0.011263589248253492,0,1776278871.0,hltv_2393236_107158_vitality_vs_falcons_m1_mirage,de_mirage,0.3840287811615487
0,0.2744565092583083,-0.10669550619834711,0.4575471698113207,0.06119696969696971,0.09728787878787878,0.023719510169921243,-0.19223735656634633,0.0703659017491346,0.022676714211904536,0.027015960010114415,0.011263589248253492,1,1776278871.0,hltv_2393236_107158_vitality_vs_falcons_m1_mirage,de_mirage,0.46515461266401953
0,0.2537601508743524,-0.10233918128654973,0.4709302325581395,0.05060869565217392,0.1013444816053512,0.0036794581327499465,-0.007557329430827653,-0.0008054746751506858,0.0011262781053815174,0.00248991159572981,0.004929652656394945,1,1776282305.0,hltv_2393236_107158_vitality_vs_falcons_m2_dust2,de_dust2,0.4670012364161965
1,0.2537601508743524,-0.10233918128654973,0.5290697674418605,0.05060869565217392,0.1013444816053512,0.0036794581327499465,-0.007557329430827653,-0.0008054746751506858,0.0011262781053815174,0.00248991159572981,0.004929652656394945,0,1776282305.0,hltv_2393236_107158_vitality_vs_falcons_m2_dust2,de_dust2,0.4063811549453954
1,-0.1282939326692527,-0.16785714285714287,0.5170454545454546,-0.08054226475279105,-0.062009569377990376,0.0012689475059388666,0.0068488981269116955,-0.0475327326912281,-0.02830296450702202,-0.03209227235272866,-0.02039712338159483,1,1776282903.0,hltv_2393237_107157_g2_vs_spirit_m2_dust2,de_dust2,0.48802616540752586
0,-0.1282939326692527,-0.16785714285714287,0.4829545454545454,-0.08054226475279105,-0.062009569377990376,0.0012689475059388666,0.0068488981269116955,-0.0475327326912281,-0.02830296450702202,-0.03209227235272866,-0.02039712338159483,1,1776282903.0,hltv_2393237_107157_g2_vs_spirit_m2_dust2,de_dust2,0.5281530345729064
0,0.0015990674327277278,-0.07151719859378236,0.55625,-0.015089285714285722,-0.035,-0.32176053526906956,-0.299514138909464,0.04450614664320979,0.005705057364004451,0.06598686961384931,0.07341225940809248,0,1776287569.0,hltv_2393239_107160_natus_vincere_vs_aurora_m1_inferno,de_inferno,0.7084085589379989
1,0.0015990674327277278,-0.07151719859378236,0.44375,-0.015089285714285722,-0.035,-0.32176053526906956,-0.299514138909464,0.04450614664320979,0.005705057364004451,0.06598686961384931,0.07341225940809248,0,1776287569.0,hltv_2393239_107160_natus_vincere_vs_aurora_m1_inferno,de_inferno,0.8082196373240115
1,0.08216035715783956,0.06097560975609756,0.5324074074074074,0.01851851851851849,0.04212962962962963,0.2905115345901121,0.0659689188576621,0.11623065384716841,0.04206360891153843,-0.0359199436271328,-0.005886326414366205,1,1776290898.0,hltv_2393238_107159_furia_vs_mouz_m1_mirage,de_mirage,0.3072694928747369
0,0.08216035715783956,0.06097560975609756,0.46759259259259256,0.01851851851851849,0.04212962962962963,0.2905115345901121,0.0659689188576621,0.11623065384716841,0.04206360891153843,-0.0359199436271328,-0.005886326414366205,0,1776290898.0,hltv_2393238_107159_furia_vs_mouz_m1_mirage,de_mirage,0.36425310651629805
1,-0.019832592903342598,-0.09806791569086654,0.5409090909090909,-0.020454545454545447,-0.03989898989898988,0.0037856820157876614,-0.006104695388741144,-0.09322556458644282,-0.1461014216908305,-0.06049524719650373,-0.06668549923718425,1,1776291612.0,hltv_2393239_107160_natus_vincere_vs_aurora_m2_mirage,de_mirage,0.4707626479547442
0,-0.019832592903342598,-0.09806791569086654,0.4590909090909091,-0.020454545454545447,-0.03989898989898988,0.0037856820157876614,-0.006104695388741144,-0.09322556458644282,-0.1461014216908305,-0.06049524719650373,-0.06668549923718425,1,1776291612.0,hltv_2393239_107160_natus_vincere_vs_aurora_m2_mirage,de_mirage,0.539455203273145
0,0.11450415837914263,0.05859375,0.4833333333333333,0.01771428571428571,0.040571428571428564,0.0028276398310567163,0.01800354564375911,0.1103700247729027,0.17270142921526324,0.0682381542307321,0.06498302418232255,0,1776294969.0,hltv_2393238_107159_furia_vs_mouz_m2_dust2,de_dust2,0.502613785513268
1,0.11450415837914263,0.05859375,0.5166666666666667,0.01771428571428571,0.040571428571428564,0.0028276398310567163,0.01800354564375911,0.1103700247729027,0.17270142921526324,0.0682381542307321,0.06498302418232255,0,1776294969.0,hltv_2393238_107159_furia_vs_mouz_m2_dust2,de_dust2,0.4717605860984056
1,-0.14431376915886224,-0.15338345864661657,0.5163043478260869,-0.0541025641025641,-0.031025641025641024,-0.02955361374097798,-0.013234171150763974,-0.03563350477414923,-0.04315347496507588,-0.017834813081372303,-0.03985926617546931,0,1776440508.0,hltv_2393240_107175_spirit_vs_mouz_m1_dust2,de_dust2,0.4927144324397219
0,-0.14431376915886224,-0.15338345864661657,0.4836956521739131,-0.0541025641025641,-0.031025641025641024,-0.02955361374097798,-0.013234171150763974,-0.03563350477414923,-0.04315347496507588,-0.017834813081372303,-0.03985926617546931,1,1776440508.0,hltv_2393240_107175_spirit_vs_mouz_m1_dust2,de_dust2,0.53207109956856
0,-0.17823997406321235,-0.146231884057971,0.4598214285714286,-0.05014245014245011,-0.023890923890923885,-0.01184825445458959,-0.02506326914257684,-0.08558949654435832,-0.0469946269505751,-0.04025285272234286,-0.02199864971534321,0,1776444425.0,hltv_2393240_107175_spirit_vs_mouz_m2_mirage,de_mirage,0.5556134925737503
1,-0.17823997406321235,-0.146231884057971,0.5401785714285714,-0.05014245014245011,-0.023890923890923885,-0.01184825445458959,-0.02506326914257684,-0.08558949654435832,-0.0469946269505751,-0.04025285272234286,-0.02199864971534321,1,1776444425.0,hltv_2393240_107175_spirit_vs_mouz_m2_mirage,de_mirage,0.4703041699935915
1,0.2545198061156535,0.0398969590349334,0.5053191489361702,-0.008061002178649232,-0.024618736383442252,0.23381909042684068,0.09190195162879672,0.10803828341035893,0.0801965736419481,-0.008903748383125354,0.0035611511141238616,1,1776455938.0,hltv_2393241_107177_vitality_vs_natus_vincere_m2_dust2,de_dust2,0.4099693537898008
0,0.2545198061156535,0.0398969590349334,0.49468085106382975,-0.008061002178649232,-0.024618736383442252,0.23381909042684068,0.09190195162879672,0.10803828341035893,0.0801965736419481,-0.008903748383125354,0.0035611511141238616,0,1776455938.0,hltv_2393241_107177_vitality_vs_natus_vincere_m2_dust2,de_dust2,0.44171824817522615
0,-0.12091306750212658,0.04790985096328615,0.45175438596491224,-0.07334332334332336,-0.04468448218448216,0.22711638357632802,0.02808621602671668,-0.027287449615523263,-0.04307619786410727,-0.09197107233676427,-0.07219361126413365,1,1776530401.0,hltv_2393242_107195_falcons_vs_spirit_m2_mirage,de_mirage,0.5022839172111317
1,-0.12091306750212658,0.04790985096328615,0.5482456140350878,-0.07334332334332336,-0.04468448218448216,0.22711638357632802,0.02808621602671668,-0.027287449615523263,-0.04307619786410727,-0.09197107233676427,-0.07219361126413365,0,1776530401.0,hltv_2393242_107195_falcons_vs_spirit_m2_mirage,de_mirage,0.4168723138199436
0,-0.22343252772327948,-0.06933944433944428,0.4652777777777778,-0.017364532019704434,-0.02586206896551728,0.038942601293411094,0.051649004970241386,-0.02131404478605592,-0.03969737753551289,-0.02516950372080784,-0.041175027228884,0,1776543780.0,hltv_2393243_107197_furia_vs_vitality_m2_ancient,de_ancient,0.4768315425414396
1,-0.22343252772327948,-0.06933944433944428,0.5347222222222222,-0.017364532019704434,-0.02586206896551728,0.038942601293411094,0.051649004970241386,-0.02131404478605592,-0.03969737753551289,-0.02516950372080784,-0.041175027228884,0,1776543780.0,hltv_2393243_107197_furia_vs_vitality_m2_ancient,de_ancient,0.41273832800488347
1,0.09845179084457996,-0.1797385620915033,0.5387931034482759,0.03,0.06007407407407407,0.16541513277271452,-0.0075311067021704425,0.13862707377960065,0.10472210880889574,0.004089667240061712,0.01858613333954079,0,1776612921.0,hltv_2393244_107215_falcons_vs_furia_m2_mirage,de_mirage,0.3514541496040025
0,0.09845179084457996,-0.1797385620915033,0.4612068965517241,0.03,0.06007407407407407,0.16541513277271452,-0.0075311067021704425,0.13862707377960065,0.10472210880889574,0.004089667240061712,0.01858613333954079,1,1776612921.0,hltv_2393244_107215_falcons_vs_furia_m2_mirage,de_mirage,0.42050575836154896
0,0.1558893344818162,-0.032432432432432434,0.53125,-0.007306346826586707,0.03900049975012497,0.17104778919543862,-0.007860189990088695,-0.01867372684581947,-0.028593645755838837,-0.09423877340566739,-0.06666919078608546,0,1776625959.0,hltv_2393245_107224_spirit_vs_vitality_m2_nuke,de_nuke,0.47171820640076734
1,0.1558893344818162,-0.032432432432432434,0.46875,-0.007306346826586707,0.03900049975012497,0.17104778919543862,-0.007860189990088695,-0.01867372684581947,-0.028593645755838837,-0.09423877340566739,-0.06666919078608546,1,1776625959.0,hltv_2393245_107224_spirit_vs_vitality_m2_nuke,de_nuke,0.4863361423719152
1,0.17488018400483424,-0.030292696788860485,0.515625,-0.007916666666666669,0.03458333333333333,-0.00347752783985511,0.009980512092063965,0.06544928316927567,0.11835685243864941,0.04169415062596765,0.04988044146238346,1,1776629463.0,hltv_2393245_107224_spirit_vs_vitality_m3_dust2,de_dust2,0.4194055991033219
0,0.17488018400483424,-0.030292696788860485,0.484375,-0.007916666666666669,0.03458333333333333,-0.00347752783985511,0.009980512092063965,0.06544928316927567,0.11835685243864941,0.04169415062596765,0.04988044146238346,1,1776629463.0,hltv_2393245_107224_spirit_vs_vitality_m3_dust2,de_dust2,0.45926060029586585
0,0.28827258191213734,0.008505298382598947,0.48469387755102045,0.039583333333333345,0.023065476190476192,0.004165674935980024,0.007565057563699018,0.14179894172832075,0.10317506287528116,0.08521398464622887,0.0628297613835786,1,1777485291.014796,hltv_2393319_107557_vitality_vs_fut_m2_dust2,de_dust2,0.4217894569647465
1,0.28827258191213734,0.008505298382598947,0.5153061224489796,0.039583333333333345,0.023065476190476192,0.004165674935980024,0.007565057563699018,0.14179894172832075,0.10317506287528116,0.08521398464622887,0.0628297613835786,0,1777485291.014796,hltv_2393319_107557_vitality_vs_fut_m2_dust2,de_dust2,0.3821439527390133
0,-0.055407119872617365,-0.00403004213225866,0.5089285714285714,-0.044869281045751636,0.07993464052287579,-0.010304845363620307,-0.02142911709552786,-0.10733924973926251,-0.1071465171061518,-0.05269410267286828,-0.061118520053413394,0,1777493193.2065675,hltv_2393320_107565_astralis_vs_g2_m2_overpass,de_overpass,0.4917362713229239
1,-0.055407119872617365,-0.00403004213225866,0.49107142857142855,-0.044869281045751636,0.07993464052287579,-0.010304845363620307,-0.02142911709552786,-0.10733924973926251,-0.1071465171061518,-0.05269410267286828,-0.061118520053413394,1,1777493193.2065675,hltv_2393320_107565_astralis_vs_g2_m2_overpass,de_overpass,0.4764373915624118
1,-0.05350969948566569,-0.04136798088410998,0.5375,0.027056277056277042,0.03896103896103892,-0.3492295372449672,-0.3260963736734253,0.015413688388947522,-0.023003083176066697,0.08041113649549247,0.020232350406525712,1,1777567411.3194945,hltv_2393333_107598_fut_vs_astralis_m1_mirage,de_mirage,0.5060816300317087
0,-0.05350969948566569,-0.04136798088410998,0.4625,0.027056277056277042,0.03896103896103892,-0.3492295372449672,-0.3260963736734253,0.015413688388947522,-0.023003083176066697,0.08041113649549247,0.020232350406525712,1,1777567411.3194945,hltv_2393333_107598_fut_vs_astralis_m1_mirage,de_mirage,0.5838231406081339
0,-0.005299977009344883,0.008533501896333728,0.4903846153846154,0.02588932806324111,0.037351778656126475,0.006895766858230512,0.02478835688893799,0.1545912043175322,0.22034985866462567,0.09416492100607593,0.10489801670294358,0,1777567668.149306,hltv_2393333_107598_fut_vs_astralis_m2_nuke,de_nuke,0.3732567916621521
1,-0.005299977009344883,0.008533501896333728,0.5096153846153846,0.02588932806324111,0.037351778656126475,0.006895766858230512,0.02478835688893799,0.1545912043175322,0.22034985866462567,0.09416492100607593,0.10489801670294358,0,1777567668.149306,hltv_2393333_107598_fut_vs_astralis_m2_nuke,de_nuke,0.3288474996835594
1,0.24751974276711272,0.048542692939244625,0.5368852459016393,0.01383838383838383,0.06369408369408369,0.3632565601874033,0.3376988362414981,0.03368666920131563,0.030866383121309293,-0.06295841379676759,-0.015605647370184328,1,1777578248.3873327,hltv_2393334_107607_vitality_vs_g2_m1_mirage,de_mirage,0.24783926923684044
0,0.24751974276711272,0.048542692939244625,0.46311475409836067,0.01383838383838383,0.06369408369408369,0.3632565601874033,0.3376988362414981,0.03368666920131563,0.030866383121309293,-0.06295841379676759,-0.015605647370184328,1,1777578248.3873327,hltv_2393334_107607_vitality_vs_g2_m1_mirage,de_mirage,0.3434552568368584
0,0.25294437450473634,0.10257821818515461,0.4913793103448276,0.03625574631766584,0.06544821277793414,-0.0013119816290816377,0.0023517395149215137,-0.032403340540809844,0.019205460629575843,-0.015100287658092348,-0.008403418027845111,0,1777578252.6353378,hltv_2393334_107607_vitality_vs_g2_m2_overpass,de_overpass,0.5855304334894322
1,0.25294437450473634,0.10257821818515461,0.5086206896551724,0.03625574631766584,0.06544821277793414,-0.0013119816290816377,0.0023517395149215137,-0.032403340540809844,0.019205460629575843,-0.015100287658092348,-0.008403418027845111,0,1777578252.6353378,hltv_2393334_107607_vitality_vs_g2_m2_overpass,de_overpass,0.5384543402673097
0,0.08893361978404055,-0.0012630819198845011,0.46370967741935487,0.04687500000000001,0.040624999999999994,-0.08342094801996403,-0.04957472041312838,-0.045324708192777674,-0.05845684957009539,0.012921461875538276,0.02496374663590506,1,1777590075.6150174,hltv_2393335_107611_faze_vs_furia_m2_mirage,de_mirage,0.556186291941414
1,0.08893361978404055,-0.0012630819198845011,0.5362903225806451,0.04687500000000001,0.040624999999999994,-0.08342094801996403,-0.04957472041312838,-0.045324708192777674,-0.05845684957009539,0.012921461875538276,0.02496374663590506,0,1777590075.6150174,hltv_2393335_107611_faze_vs_furia_m2_mirage,de_mirage,0.47121424947921187
1,0.13205538221374008,-0.002364644487932166,0.4950980392156863,-0.0004456327985739861,-0.014171122994652396,0.004656455279523797,0.0006546816552825963,0.10991197939456576,0.09425510493358952,0.059343221500222865,0.055667015285666865,0,1777590083.2486668,hltv_2393335_107611_faze_vs_furia_m1_dust2,de_dust2,0.43345303172678695
0,0.13205538221374008,-0.002364644487932166,0.5049019607843137,-0.0004456327985739861,-0.014171122994652396,0.004656455279523797,0.0006546816552825963,0.10991197939456576,0.09425510493358952,0.059343221500222865,0.055667015285666865,0,1777590083.2486668,hltv_2393335_107611_faze_vs_furia_m1_dust2,de_dust2,0.4606112636849404
1,0.43996204245229625,-0.013661202185792365,0.5197368421052632,-0.008333333333333318,-0.16944444444444445,-0.09318676726909669,-0.06875333045831189,-0.014711297690799985,0.041574386162384735,0.04020075564384368,0.07025963878300834,1,1777596785.0891893,hltv_2393336_107614_natus_vincere_vs_gamerlegion_m2_ancient,de_ancient,0.6243762904501503
0,0.43996204245229625,-0.013661202185792365,0.48026315789473684,-0.008333333333333318,-0.16944444444444445,-0.09318676726909669,-0.06875333045831189,-0.014711297690799985,0.041574386162384735,0.04020075564384368,0.07025963878300834,0,1777596785.0891893,hltv_2393336_107614_natus_vincere_vs_gamerlegion_m2_ancient,de_ancient,0.6829732086329345
0,-0.006423818298803705,-0.013297872340425565,0.4722222222222222,-0.008108108108108109,-0.17027027027027028,-0.010795837470187641,-0.06856568130485075,-0.11654232686401778,-0.17305904598720828,-0.051173176897882144,-0.06420719890121218,0,1777596795.3568108,hltv_2393336_107614_natus_vincere_vs_gamerlegion_m1_mirage,de_mirage,0.6101581510717893
1,-0.006423818298803705,-0.013297872340425565,0.5277777777777778,-0.008108108108108109,-0.17027027027027028,-0.010795837470187641,-0.06856568130485075,-0.11654232686401778,-0.17305904598720828,-0.051173176897882144,-0.06420719890121218,0,1777596795.3568108,hltv_2393336_107614_natus_vincere_vs_gamerlegion_m1_mirage,de_mirage,0.5481207991732255
1,0.0853909628817303,0.01564856711915541,0.4951923076923077,0.03944444444444445,-0.059999999999999984,-0.2541528309228761,-0.23356856272142484,-0.024279468392563452,-0.007002186335106131,0.05709442345068155,-0.00816125236080334,0,1777673003.7119548,hltv_2393346_107656_g2_vs_faze_m1_dust2,de_dust2,0.5716583985592116
0,0.0853909628817303,0.01564856711915541,0.5048076923076923,0.03944444444444445,-0.059999999999999984,-0.2541528309228761,-0.23356856272142484,-0.024279468392563452,-0.007002186335106131,0.05709442345068155,-0.00816125236080334,0,1777673003.7119548,hltv_2393346_107656_g2_vs_faze_m1_dust2,de_dust2,0.5895429019495253
0,0.0853909628817303,-0.04984320845023932,0.46794871794871795,0.03259012916907653,-0.050993830730672846,-0.003783104126430903,0.007688379997682959,-0.028543346489645294,0.0034679185069211305,-0.004358097606431799,-0.007299660797204399,1,1777673006.8262465,hltv_2393346_107656_g2_vs_faze_m2_ancient,de_ancient,0.4872114461283268
1,0.0853909628817303,-0.04984320845023932,0.532051282051282,0.03259012916907653,-0.050993830730672846,-0.003783104126430903,0.007688379997682959,-0.028543346489645294,0.0034679185069211305,-0.004358097606431799,-0.007299660797204399,1,1777673006.8262465,hltv_2393346_107656_g2_vs_faze_m2_ancient,de_ancient,0.44573401166227594
0,-0.03737162621014061,-0.16007532956685505,0.5548780487804879,-0.02463768115942029,-0.1565217391304348,-0.06930264960694832,0.12348704548577544,-0.03250640775867164,0.019976389697996588,-0.002350150441244425,-0.003726106404553897,0,1777688072.2966545,hltv_2393347_107661_gamerlegion_vs_astralis_m2_inferno,de_inferno,0.4574944846341751
1,-0.03737162621014061,-0.16007532956685505,0.4451219512195122,-0.02463768115942029,-0.1565217391304348,-0.06930264960694832,0.12348704548577544,-0.03250640775867164,0.019976389697996588,-0.002350150441244425,-0.003726106404553897,1,1777688072.2966545,hltv_2393347_107661_gamerlegion_vs_astralis_m2_inferno,de_inferno,0.4947238565286214
1,-0.018342539075391455,-0.1290208554259456,0.5083333333333333,0.012500000000000011,-0.10416666666666664,0.005297025853885917,-0.0038205327674346035,-0.004219835823643936,-0.05012930875976279,-0.0031478288078764516,-0.017312766305279337,1,1777688075.3793824,hltv_2393347_107661_gamerlegion_vs_astralis_m1_overpass,de_overpass,0.45661905081305354
0,-0.018342539075391455,-0.1290208554259456,0.4916666666666667,0.012500000000000011,-0.10416666666666664,0.005297025853885917,-0.0038205327674346035,-0.004219835823643936,-0.05012930875976279,-0.0031478288078764516,-0.017312766305279337,1,1777688075.3793824,hltv_2393347_107661_gamerlegion_vs_astralis_m1_overpass,de_overpass,0.48233477466571534
1,0.09646131690760493,0.020224917569477086,0.49528301886792453,0.05552631578947366,0.06342105263157893,-0.17147103234181565,-0.05283897917347791,-0.001073714864868791,0.02366673199181646,0.04850582341194948,0.061004910401443235,0,1777748321.7190793,hltv_2393348_107692_natus_vincere_vs_faze_m1_dust2,de_dust2,0.5270085350419552
0,0.09646131690760493,0.020224917569477086,0.5047169811320755,0.05552631578947366,0.06342105263157893,-0.17147103234181565,-0.05283897917347791,-0.001073714864868791,0.02366673199181646,0.04850582341194948,0.061004910401443235,1,1777748321.7190793,hltv_2393348_107692_natus_vincere_vs_faze_m1_dust2,de_dust2,0.5366866091220247
0,0.13494339963720686,0.019876181166503804,0.46875,0.048168498168498164,0.05531135531135531,0.0017211982734057774,0.01571502029816263,0.09104123579595846,0.19378761444462983,0.0509189590237894,0.08265631231850729,1,1777749841.5959053,hltv_2393348_107692_natus_vincere_vs_faze_m2_ancient,de_ancient,0.5058849826320372
1,0.13494339963720686,0.019876181166503804,0.53125,0.048168498168498164,0.05531135531135531,0.0017211982734057774,0.01571502029816263,0.09104123579595846,0.19378761444462983,0.0509189590237894,0.08265631231850729,0,1777749841.5959053,hltv_2393348_107692_natus_vincere_vs_faze_m2_ancient,de_ancient,0.4670210566750109
1,0.272124846900786,0.0702247191011236,0.52734375,0.005714285714285686,0.05714285714285715,-0.06759344419839564,-0.10558459512161092,-0.0342374048315498,-0.046014273348048584,-0.018152430775920936,-0.012648727919369829,1,1777755675.6202633,hltv_2393349_107699_vitality_vs_gamerlegion_m1_mirage,de_mirage,0.5467464589189248
0,0.272124846900786,0.0702247191011236,0.47265625,0.005714285714285686,0.05714285714285715,-0.06759344419839564,-0.10558459512161092,-0.0342374048315498,-0.046014273348048584,-0.018152430775920936,-0.012648727919369829,1,1777755675.6202633,hltv_2393349_107699_vitality_vs_gamerlegion_m1_mirage,de_mirage,0.5704542065998174
0,0.3987893004122486,0.15772478887232982,0.49193548387096775,0.00555555555555555,0.058333333333333334,-0.007099553602810782,0.02426942517457703,0.2347932640982212,0.22641088581928742,0.1375853204634656,0.11063892916973578,1,1777759469.8298001,hltv_2393349_107699_vitality_vs_gamerlegion_m2_overpass,de_overpass,0.4684857609031489
1,0.3987893004122486,0.15772478887232982,0.5080645161290323,0.00555555555555555,0.058333333333333334,-0.007099553602810782,0.02426942517457703,0.2347932640982212,0.22641088581928742,0.1375853204634656,0.11063892916973578,1,1777759469.8298001,hltv_2393349_107699_vitality_vs_gamerlegion_m2_overpass,de_overpass,0.45050040160121113
0,0.21383730524187217,0.06845456451105758,0.546875,-0.004594594594594589,-0.029459459459459436,-0.2963812734356549,-0.1724045763075699,-0.00976919473779081,-0.004207949401763611,0.034003626565401124,0.10579108640549534,1,1777840763.9624796,hltv_2393350_107729_natus_vincere_vs_vitality_m2_anubis,de_anubis,0.5872013255765803
1,0.21383730524187217,0.06845456451105758,0.453125,-0.004594594594594589,-0.029459459459459436,-0.2963812734356549,-0.1724045763075699,-0.00976919473779081,-0.004207949401763611,0.034003626565401124,0.10579108640549534,0,1777840763.9624796,hltv_2393350_107729_natus_vincere_vs_vitality_m2_anubis,de_anubis,0.6018492106697431
0,0.20689971071647026,0.0666351135910721,0.4907407407407407,-0.004492939666238788,-0.028818998716302974,-0.002952077351028759,-0.001097814520476581,-0.010125431906681415,-0.030736684247452295,-0.004756361303280776,-0.01565679638038442,0,1777840769.3821812,hltv_2393350_107729_natus_vincere_vs_vitality_m1_nuke,de_nuke,0.531619190366594
1,0.20689971071647026,0.0666351135910721,0.5092592592592593,-0.004492939666238788,-0.028818998716302974,-0.002952077351028759,-0.001097814520476581,-0.010125431906681415,-0.030736684247452295,-0.004756361303280776,-0.01565679638038442,1,1777840769.3821812,hltv_2393350_107729_natus_vincere_vs_vitality_m1_nuke,de_nuke,0.5254021510525424
0,0.2125442819616487,0.06490965998008247,0.5138888888888888,-0.009340659340659349,-0.025457875457875423,-0.00036834058328477637,3.2553144729052796e-05,0.01919953102149663,0.043451486001439166,0.007027246162618517,0.018626978893765744,0,1777841195.7781343,hltv_2393350_107729_natus_vincere_vs_vitality_m3_dust2,de_dust2,0.5249456987154008
1,0.2125442819616487,0.06490965998008247,0.4861111111111111,-0.009340659340659349,-0.025457875457875423,-0.00036834058328477637,3.2553144729052796e-05,0.01919953102149663,0.043451486001439166,0.007027246162618517,0.018626978893765744,1,1777841195.7781343,hltv_2393350_107729_natus_vincere_vs_vitality_m3_dust2,de_dust2,0.5264858519836126
1,0.25432964193898017,-0.05319148936170215,0.5267857142857143,0.0668918918918919,0.06554054054054055,-0.22436956346427595,-0.18946449635014456,-0.030545260815644903,-0.009866517286336252,0.033973344044968434,0.001784212842664834,1,1778309422.9057877,hltv_2394116_107828_aurora_vs_heroic_m1_nuke,de_nuke,0.5187145413612921
0,0.25432964193898017,-0.05319148936170215,0.4732142857142857,0.0668918918918919,0.06554054054054055,-0.22436956346427595,-0.18946449635014456,-0.030545260815644903,-0.009866517286336252,0.033973344044968434,0.001784212842664834,1,1778309422.9057877,hltv_2394116_107828_aurora_vs_heroic_m1_nuke,de_nuke,0.5272724097074101
0,0.05913669710576352,0.05042561065877127,0.5045454545454545,0.05210526315789473,0.08210526315789472,-0.004390277020819511,-0.016845848753118065,0.0075740139949585505,0.003996437586057888,0.0012642092778316627,0.0005271108970132943,1,1778316067.8465233,hltv_2394116_107828_aurora_vs_heroic_m2_dust2,de_dust2,0.5203301028395869
1,0.05913669710576352,0.05042561065877127,0.4954545454545455,0.05210526315789473,0.08210526315789472,-0.004390277020819511,-0.016845848753118065,0.0075740139949585505,0.003996437586057888,0.0012642092778316627,0.0005271108970132943,1,1778316067.8465233,hltv_2394116_107828_aurora_vs_heroic_m2_dust2,de_dust2,0.5186887140658208
0,0.3641889133965265,-0.00954759106933023,0.4829545454545454,0.05344827586206895,0.03706896551724137,-0.02031097224367384,-0.1390988838153432,0.10066646795049561,0.007483535411457687,0.02142616807642067,0.005928001164090091,1,1778333385.9600618,hltv_2394123_107837_parivision_vs_9z_m2_ancient,de_ancient,0.5593238651783691
1,0.3641889133965265,-0.00954759106933023,0.5170454545454546,0.05344827586206895,0.03706896551724137,-0.02031097224367384,-0.1390988838153432,0.10066646795049561,0.007483535411457687,0.02142616807642067,0.005928001164090091,0,1778333385.9600618,hltv_2394123_107837_parivision_vs_9z_m2_ancient,de_ancient,0.5458623916195529
0,0.15407156688916301,-0.025093370681605942,0.5406976744186047,0.06666666666666665,0.020000000000000018,0.0005801827264957371,0.018663672518797192,-0.04809347547092924,-0.0518099675452528,-0.028584125746950295,-0.03965037658085668,0,1778333386.9488637,hltv_2394123_107837_parivision_vs_9z_m1_inferno,de_inferno,0.5441883492671061
1,0.15407156688916301,-0.025093370681605942,0.45930232558139533,0.06666666666666665,0.020000000000000018,0.0005801827264957371,0.018663672518797192,-0.04809347547092924,-0.0518099675452528,-0.028584125746950295,-0.03965037658085668,1,1778333386.9488637,hltv_2394123_107837_parivision_vs_9z_m1_inferno,de_inferno,0.5576030720169299
0,1.0472091102081447,-0.04213483146067415,0.4921875,-0.01428571428571429,0.014285714285714277,-0.0045675879936636354,0.0012191286650005684,0.06723111033195384,0.1719680466609823,0.04516675160969008,0.07171451861104727,1,1778335045.5396876,hltv_2394122_107840_furia_vs_monte_m2_overpass,de_overpass,0.6114594892628016
1,1.0472091102081447,-0.04213483146067415,0.5078125,-0.01428571428571429,0.014285714285714277,-0.0045675879936636354,0.0012191286650005684,0.06723111033195384,0.1719680466609823,0.04516675160969008,0.07171451861104727,1,1778335045.5396876,hltv_2394122_107840_furia_vs_monte_m2_overpass,de_overpass,0.6046175418839072
0,0.0837514972439804,0.0433006535947712,0.5284090909090908,0.015087156882388292,0.02295465170640487,0.002156097784879074,0.03290969408284927,0.0964463571581824,0.10625954756619843,0.03605679510275889,0.038508190114783236,0,1778401623.8631837,hltv_2394124_107855_mouz_vs_g2_m3_inferno,de_inferno,0.5110754337820633
1,0.0837514972439804,0.0433006535947712,0.4715909090909091,0.015087156882388292,0.02295465170640487,0.002156097784879074,0.03290969408284927,0.0964463571581824,0.10625954756619843,0.03605679510275889,0.038508190114783236,0,1778401623.8631837,hltv_2394124_107855_mouz_vs_g2_m3_inferno,de_inferno,0.5227231161294734
1,0.0837514972439804,-0.014807622284257804,0.5265151515151515,0.010416666666666664,0.017275641025641025,0.0051103780921732955,-0.0005305347978620256,0.014309667922720537,-0.015975917124283368,-0.005139130050768825,-0.00764000492843836,1,1778401627.3150935,hltv_2394124_107855_mouz_vs_g2_m2_mirage,de_mirage,0.5167385362187866
0,0.0837514972439804,-0.014807622284257804,0.4734848484848485,0.010416666666666664,0.017275641025641025,0.0051103780921732955,-0.0005305347978620256,0.014309667922720537,-0.015975917124283368,-0.005139130050768825,-0.00764000492843836,1,1778401627.3150935,hltv_2394124_107855_mouz_vs_g2_m2_mirage,de_mirage,0.5460510977462071
0,0.0837514972439804,0.038980836236933825,0.5044642857142857,0.0069090909090908995,0.013385281385281389,-0.0017435068917210361,-0.056558713263178906,-0.011259664781050838,-0.10370743245721675,-0.0035002216286644794,-0.012039961325957749,1,1778401644.1424668,hltv_2394124_107855_mouz_vs_g2_m1_dust2,de_dust2,0.537922943968362
1,0.0837514972439804,0.038980836236933825,0.4955357142857143,0.0069090909090908995,0.013385281385281389,-0.0017435068917210361,-0.056558713263178906,-0.011259664781050838,-0.10370743245721675,-0.0035002216286644794,-0.012039961325957749,1,1778401644.1424668,hltv_2394124_107855_mouz_vs_g2_m1_dust2,de_dust2,0.5314581891759927
1,0.6170878205397856,-0.33775252525252525,0.4956140350877193,-0.1076923076923077,-0.05384615384615385,0.1026315922303927,0.08345840661802956,0.06378560730451033,0.09003286137349181,0.007757555496844981,0.06187060907943043,1,1778406733.0071585,hltv_2394127_107860_aurora_vs_the_huns_m2_dust2,de_dust2,0.6077560055862737
0,0.6170878205397856,-0.33775252525252525,0.5043859649122807,-0.1076923076923077,-0.05384615384615385,0.1026315922303927,0.08345840661802956,0.06378560730451033,0.09003286137349181,0.007757555496844981,0.06187060907943043,0,1778406733.0071585,hltv_2394127_107860_aurora_vs_the_huns_m2_dust2,de_dust2,0.6165514656116237
1,0.5677956809991274,-0.2169382341796135,0.5390625,-0.11000000000000001,0.04500000000000001,0.004363109500860329,0.00348667965498084,0.09747165294457855,0.18191791053519274,0.05616411263517518,0.06397996406747014,1,1778406853.425512,hltv_2394127_107860_aurora_vs_the_huns_m1_nuke,de_nuke,0.5614309815350317
0,0.5677956809991274,-0.2169382341796135,0.4609375,-0.11000000000000001,0.04500000000000001,0.004363109500860329,0.00348667965498084,0.09747165294457855,0.18191791053519274,0.05616411263517518,0.06397996406747014,1,1778406853.425512,hltv_2394127_107860_aurora_vs_the_huns_m1_nuke,de_nuke,0.6105108227367144
0,0.04575197321930095,-0.01657824933687002,0.4956896551724138,-0.04985644910644914,-0.03916161616161616,-0.1614280376479021,-0.049843991995659365,-0.08963119388235696,0.039658859935677526,0.019441284073682064,-0.008114137697632362,1,1778410779.5674038,hltv_2394126_107862_the_mongolz_vs_spirit_m1_dust2,de_dust2,0.6350407426786804
1,0.04575197321930095,-0.01657824933687002,0.5043103448275862,-0.04985644910644914,-0.03916161616161616,-0.1614280376479021,-0.049843991995659365,-0.08963119388235696,0.039658859935677526,0.019441284073682064,-0.008114137697632362,0,1778410779.5674038,hltv_2394126_107862_the_mongolz_vs_spirit_m1_dust2,de_dust2,0.6202504846403323
1,0.06179616834118973,-0.015543255743422524,0.5054347826086957,-0.043893630287492214,-0.036299314969391705,-0.0015581686776425796,0.03293790795223017,0.027020892679691155,0.13738630683562614,0.018424827000843857,0.049955826526165426,1,1778410903.5304217,hltv_2394126_107862_the_mongolz_vs_spirit_m2_ancient,de_ancient,0.5424519435835383
0,0.06179616834118973,-0.015543255743422524,0.4945652173913043,-0.043893630287492214,-0.036299314969391705,-0.0015581686776425796,0.03293790795223017,0.027020892679691155,0.13738630683562614,0.018424827000843857,0.049955826526165426,0,1778410903.5304217,hltv_2394126_107862_the_mongolz_vs_spirit_m2_ancient,de_ancient,0.5572787282429263
1,0.06831344548102722,0.12419274714356682,0.5261194029850746,0.03611111111111111,0.016666666666666663,-0.17309037060074578,-0.13170391690482708,0.060197461340683045,0.06551490046599923,0.1057912383353053,0.03785268237153527,0,1778417371.1003397,hltv_2394128_107867_furia_vs_heroic_m1_mirage,de_mirage,0.5069652473258567
0,0.06831344548102722,0.12419274714356682,0.47388059701492535,0.03611111111111111,0.016666666666666663,-0.17309037060074578,-0.13170391690482708,0.060197461340683045,0.06551490046599923,0.1057912383353053,0.03785268237153527,0,1778417371.1003397,hltv_2394128_107867_furia_vs_heroic_m1_mirage,de_mirage,0.5326642693528045
0,0.18483587576066776,0.025895856662933925,0.5277777777777778,0.02934362934362935,-0.012355212355212336,-0.004921362720748335,0.023952394921443854,0.1375596528918624,0.1978652817838261,0.0857041465944634,0.06572640148546355,1,1778417868.7750216,hltv_2394128_107867_furia_vs_heroic_m2_inferno,de_inferno,0.47201890194007207
1,0.18483587576066776,0.025895856662933925,0.4722222222222222,0.02934362934362935,-0.012355212355212336,-0.004921362720748335,0.023952394921443854,0.1375596528918624,0.1978652817838261,0.0857041465944634,0.06572640148546355,0,1778417868.7750216,hltv_2394128_107867_furia_vs_heroic_m2_inferno,de_inferno,0.48404844504553235
1,-0.5760970141192145,0.12019230769230771,0.515625,0.1,-0.15000000000000002,-0.26686637303891647,-0.11776766848417991,-0.08950654687413173,-0.03042008844773708,0.04866039811619949,0.0236662183043459,1,1778421033.125549,hltv_2394131_107870_monte_vs_magic_m1_ancient,de_ancient,0.49224646275826106
0,-0.5760970141192145,0.12019230769230771,0.484375,0.1,-0.15000000000000002,-0.26686637303891647,-0.11776766848417991,-0.08950654687413173,-0.03042008844773708,0.04866039811619949,0.0236662183043459,0,1778421033.125549,hltv_2394131_107870_monte_vs_magic_m1_ancient,de_ancient,0.5154616749187715
1,-0.5760970141192145,0.053418803418803396,0.4957627118644068,0.06666666666666667,-0.06666666666666668,-0.0008242747575908371,-0.021320605666286685,0.007566215242206409,-0.01939915728086894,0.005022802587772934,0.01024835031558391,1,1778421051.388437,hltv_2394131_107870_monte_vs_magic_m2_dust2,de_dust2,0.4316609002503956
0,-0.5760970141192145,0.053418803418803396,0.5042372881355932,0.06666666666666667,-0.06666666666666668,-0.0008242747575908371,-0.021320605666286685,0.007566215242206409,-0.01939915728086894,0.005022802587772934,0.01024835031558391,0,1778421051.388437,hltv_2394131_107870_monte_vs_magic_m2_dust2,de_dust2,0.4364240504438161
0,0.032466984817535134,0.19685132575757575,0.4742647058823529,0.0013736263736263687,-0.09020146520146523,-0.03011213799083834,0.15111902308134711,-0.0660414641321801,-0.07500722377250707,0.001890599758309519,-0.03678756558397789,0,1778427901.5855541,hltv_2394130_107875_falcons_vs_9z_m2_mirage,de_mirage,0.5795773260184542
1,0.032466984817535134,0.19685132575757575,0.5257352941176471,0.0013736263736263687,-0.09020146520146523,-0.03011213799083834,0.15111902308134711,-0.0660414641321801,-0.07500722377250707,0.001890599758309519,-0.03678756558397789,1,1778427901.5855541,hltv_2394130_107875_falcons_vs_9z_m2_mirage,de_mirage,0.5542858620105167
1,0.013893014515933624,0.18233082706766912,0.5378787878787878,-0.0038861521620142253,-0.09777412880861155,0.003911071057410176,0.02952198412465079,-0.037916242529608235,0.03375817952011817,-0.02396457406958069,-0.005507311041004104,1,1778427933.191382,hltv_2394130_107875_falcons_vs_9z_m1_nuke,de_nuke,0.584259153710075
0,0.013893014515933624,0.18233082706766912,0.46212121212121215,-0.0038861521620142253,-0.09777412880861155,0.003911071057410176,0.02952198412465079,-0.037916242529608235,0.03375817952011817,-0.02396457406958069,-0.005507311041004104,0,1778427933.191382,hltv_2394130_107875_falcons_vs_9z_m1_nuke,de_nuke,0.6176648687059619
1,0.06961282684459708,0.08000530910806986,0.4264705882352941,-0.018445121951219515,-0.011280487804878059,-0.06452884319385122,-0.1161073074865751,-0.02671437805487642,-0.051106783566330805,0.02135827826125719,0.021622127736799945,1,1778483536.9676538,hltv_2394132_107892_parivision_vs_aurora_m1_anubis,de_anubis,0.5983930109791397
0,0.06961282684459708,0.08000530910806986,0.5735294117647058,-0.018445121951219515,-0.011280487804878059,-0.06452884319385122,-0.1161073074865751,-0.02671437805487642,-0.051106783566330805,0.02135827826125719,0.021622127736799945,1,1778483536.9676538,hltv_2394132_107892_parivision_vs_aurora_m1_anubis,de_anubis,0.5624325895211788
1,0.08100328536867059,0.10416666666666669,0.5041666666666667,-0.02337662337662337,-0.014285714285714263,-0.004539412055509562,-0.025068981487087083,0.03381153284376637,-0.0023164243692074815,0.022092361521620807,0.01620966852083333,0,1778483708.0024552,hltv_2394132_107892_parivision_vs_aurora_m2_dust2,de_dust2,0.5674224954131881
0,0.08100328536867059,0.10416666666666669,0.49583333333333335,-0.02337662337662337,-0.014285714285714263,-0.004539412055509562,-0.025068981487087083,0.03381153284376637,-0.0023164243692074815,0.022092361521620807,0.01620966852083333,0,1778483708.0024552,hltv_2394132_107892_parivision_vs_aurora_m2_dust2,de_dust2,0.5748956236438812
1,0.7691800811232516,0.22101449275362323,0.5040983606557377,0.007310924369747895,0.031904761904761915,-0.07768831524249686,-0.02742038045273526,-0.04511188881145761,-0.045371072957682945,0.037999926789119176,0.024103032018079396,1,1778491231.5695152,hltv_2394134_107896_falcons_vs_monte_m1_dust2,de_dust2,0.6485804906298018
0,0.7691800811232516,0.22101449275362323,0.49590163934426235,0.007310924369747895,0.031904761904761915,-0.07768831524249686,-0.02742038045273526,-0.04511188881145761,-0.045371072957682945,0.037999926789119176,0.024103032018079396,0,1778491231.5695152,hltv_2394134_107896_falcons_vs_monte_m1_dust2,de_dust2,0.656824181478648
0,0.5693877154813543,0.19767732267732274,0.4744897959183674,-0.001496724755901624,-0.0049388209121246016,0.005513368233337923,0.025419665966438132,0.03784472225605989,0.08822856540246254,0.024751925928713447,0.028592921172115204,0,1778491735.9636452,hltv_2394134_107896_falcons_vs_monte_m2_ancient,de_ancient,0.6216253244022796
1,0.5693877154813543,0.19767732267732274,0.5255102040816326,-0.001496724755901624,-0.0049388209121246016,0.005513368233337923,0.025419665966438132,0.03784472225605989,0.08822856540246254,0.024751925928713447,0.028592921172115204,0,1778491735.9636452,hltv_2394134_107896_falcons_vs_monte_m2_ancient,de_ancient,0.6049648329025678
0,-0.013679476620572121,0.011130987875173914,0.5372340425531915,-0.021323529411764706,-0.1338235294117647,0.14251360490848114,0.13603979254699405,0.07404390996131444,0.09653423848311421,-0.022795896941179894,5.766147018476664e-05,1,1778504735.0622559,hltv_2394136_107903_mouz_vs_9z_m2_inferno,de_inferno,0.520386393815883
1,-0.013679476620572121,0.011130987875173914,0.4627659574468085,-0.021323529411764706,-0.1338235294117647,0.14251360490848114,0.13603979254699405,0.07404390996131444,0.09653423848311421,-0.022795896941179894,5.766147018476664e-05,1,1778504735.0622559,hltv_2394136_107903_mouz_vs_9z_m2_inferno,de_inferno,0.5332196989367047
1,-0.013679476620572121,0.07957650273224043,0.5514705882352942,-0.015555555555555559,-0.11555555555555556,0.0029118634851184044,0.023654970126710417,0.07388971407890005,0.028001377174716013,0.04673207032433008,0.028008523249704376,1,1778504742.403189,hltv_2394136_107903_mouz_vs_9z_m1_nuke,de_nuke,0.5275995371192519
0,-0.013679476620572121,0.07957650273224043,0.44852941176470584,-0.015555555555555559,-0.11555555555555556,0.0029118634851184044,0.023654970126710417,0.07388971407890005,0.028001377174716013,0.04673207032433008,0.028008523249704376,0,1778504742.403189,hltv_2394136_107903_mouz_vs_9z_m1_nuke,de_nuke,0.5453534002058786
1,-0.013679476620572121,0.07071757539741491,0.525,-0.011111111111111106,-0.10111111111111112,-0.006009141106874338,-0.0031269240507664775,-0.08984998797605948,-0.0799699655259049,-0.053466597188341625,-0.04248406129592236,1,1778504761.1954472,hltv_2394136_107903_mouz_vs_9z_m3_ancient,de_ancient,0.5661929692156622
0,-0.013679476620572121,0.07071757539741491,0.475,-0.011111111111111106,-0.10111111111111112,-0.006009141106874338,-0.0031269240507664775,-0.08984998797605948,-0.0799699655259049,-0.053466597188341625,-0.04248406129592236,0,1778504761.1954472,hltv_2394136_107903_mouz_vs_9z_m3_ancient,de_ancient,0.5743161403539944
1,0.07623217813010058,-0.1923076923076923,0.4635416666666667,-0.15000000000000002,-0.1,0.07103229325507288,-0.0033463034525617608,-0.000763439194297999,-0.010429508494854217,-0.016448835674928997,-0.03293024172962705,0,1778510967.520104,hltv_2394139_107907_the_huns_vs_fisher_college_m2_inferno,de_inferno,0.5577364595794025
0,0.07623217813010058,-0.1923076923076923,0.5364583333333333,-0.15000000000000002,-0.1,0.07103229325507288,-0.0033463034525617608,-0.000763439194297999,-0.010429508494854217,-0.016448835674928997,-0.03293024172962705,0,1778510967.520104,hltv_2394139_107907_the_huns_vs_fisher_college_m2_inferno,de_inferno,0.5515908162685438
0,0.07623217813010058,-0.38647342995169087,0.4357142857142857,-0.11666666666666667,-0.075,-0.007410025003643961,-0.0344996833609289,-0.07720594466881847,-0.1096641029983923,-0.043643293927309645,-0.04563909285623502,0,1778510974.7334797,hltv_2394139_107907_the_huns_vs_fisher_college_m1_nuke,de_nuke,0.5441818728497168
1,0.07623217813010058,-0.38647342995169087,0.5642857142857143,-0.11666666666666667,-0.075,-0.007410025003643961,-0.0344996833609289,-0.07720594466881847,-0.1096641029983923,-0.043643293927309645,-0.04563909285623502,0,1778510974.7334797,hltv_2394139_107907_the_huns_vs_fisher_college_m1_nuke,de_nuke,0.5330168247202672
0,-0.0009787937299937238,-0.09441565918249861,0.49242424242424243,0.009569377990430644,0.020044429254955573,0.17807815599622967,0.09477980515574053,0.12215215030568771,0.10534108837402367,-0.015972708854482598,0.052858120592557345,1,1778515004.1366744,hltv_2394138_107909_furia_vs_spirit_m2_overpass,de_overpass,0.5573094295672592
1,-0.0009787937299937238,-0.09441565918249861,0.5075757575757576,0.009569377990430644,0.020044429254955573,0.17807815599622967,0.09477980515574053,0.12215215030568771,0.10534108837402367,-0.015972708854482598,0.052858120592557345,1,1778515004.1366744,hltv_2394138_107909_furia_vs_spirit_m2_overpass,de_overpass,0.5607329194317058
1,0.014929061578469752,-0.05960367029069319,0.5392857142857143,0.01646772767462422,0.011626878868258195,-0.0014495299213689306,-0.0029271169803344876,-0.016253568511012673,0.023094255987801404,-0.0072842938868747376,-0.0036609638695402347,1,1778516931.7137692,hltv_2394138_107909_furia_vs_spirit_m3_mirage,de_mirage,0.5415298641072523
0,0.014929061578469752,-0.05960367029069319,0.46071428571428574,0.01646772767462422,0.011626878868258195,-0.0014495299213689306,-0.0029271169803344876,-0.016253568511012673,0.023094255987801404,-0.0072842938868747376,-0.0036609638695402347,1,1778516931.7137692,hltv_2394138_107909_furia_vs_spirit_m3_mirage,de_mirage,0.5345450980013216
0,-0.27120375056416934,-0.18297236743838685,0.5694444444444444,-0.008773291925465831,-0.09767080745341614,-0.0019184627906889684,0.004542777617822069,0.0758118231803297,0.046413627362233534,0.044339323192588154,0.05052203488814749,0,1778520034.0,hltv_2394110_107912_pain_vs_faze_m2_anubis,de_anubis,0.5806824899766064
1,-0.27120375056416934,-0.18297236743838685,0.4305555555555556,-0.008773291925465831,-0.09767080745341614,-0.0019184627906889684,0.004542777617822069,0.0758118231803297,0.046413627362233534,0.044339323192588154,0.05052203488814749,0,1778520034.0,hltv_2394110_107912_pain_vs_faze_m2_anubis,de_anubis,0.5679870194120953
0,-0.04366699389884911,-0.36931818181818177,0.4375,0.023529411764705896,-0.052941176470588214,0.00108194270674139,-0.003673314845255793,-0.018758411932808472,0.03420705244570327,-0.009899705123554814,0.0073285800517490785,0,1778520706.0,hltv_2394109_107914_b8_vs_betboom_m2_nuke,de_nuke,0.5420531306916868
1,-0.04366699389884911,-0.36931818181818177,0.5625,0.023529411764705896,-0.052941176470588214,0.00108194270674139,-0.003673314845255793,-0.018758411932808472,0.03420705244570327,-0.009899705123554814,0.0073285800517490785,1,1778520706.0,hltv_2394109_107914_b8_vs_betboom_m2_nuke,de_nuke,0.5308887669670376
0,-0.03289047741342857,-0.0018007202881152873,0.46568627450980393,-0.016666666666666663,-0.065,-0.19003150083913156,-0.027754033987504312,0.01870822750137019,0.08273843016614318,0.034821036513963066,0.02738518922336214,1,1778528419.0,hltv_2394111_107920_nrg_vs_fut_m1_ancient,de_ancient,0.5453275496283313
1,-0.03289047741342857,-0.0018007202881152873,0.5343137254901961,-0.016666666666666663,-0.065,-0.19003150083913156,-0.027754033987504312,0.01870822750137019,0.08273843016614318,0.034821036513963066,0.02738518922336214,1,1778528419.0,hltv_2394111_107920_nrg_vs_fut_m1_ancient,de_ancient,0.5442234369178726
1,-0.03289047741342857,0.061529271206690606,0.5073529411764706,-0.02135064935064937,-0.0674112554112554,0.0035294214371872634,-0.006635318080390529,-0.0091933086617777,0.0021518429634263536,-0.0018133408479359403,0.00647037980633236,0,1778532359.0,hltv_2394111_107920_nrg_vs_fut_m2_overpass,de_overpass,0.5690632611285
0,-0.03289047741342857,0.061529271206690606,0.49264705882352944,-0.02135064935064937,-0.0674112554112554,0.0035294214371872634,-0.006635318080390529,-0.0091933086617777,0.0021518429634263536,-0.0018133408479359403,0.00647037980633236,0,1778532359.0,hltv_2394111_107920_nrg_vs_fut_m2_overpass,de_overpass,0.5674353805373089
0,0.3452457821632598,0.4711322869955157,0.4618055555555556,0.03136363636363637,-0.04500000000000004,0.004072825347026465,0.0014476090799706576,0.02300267165485792,0.0058528952120511235,0.008699229821469256,0.01511619036041928,1,1778538506.0,hltv_2394112_107922_natus_vincere_vs_passion_ua_m2_mirage,de_mirage,0.5580840636265593
1,0.3452457821632598,0.4711322869955157,0.5381944444444444,0.03136363636363637,-0.04500000000000004,0.004072825347026465,0.0014476090799706576,0.02300267165485792,0.0058528952120511235,0.008699229821469256,0.01511619036041928,1,1778538506.0,hltv_2394112_107922_natus_vincere_vs_passion_ua_m2_mirage,de_mirage,0.5569660629635671
1,0.12003672578345756,0.21590909090909088,0.51171875,0.04038095238095239,0.07263492063492064,-0.12485596177386693,-0.09030611093841173,0.06592939306276507,0.046713448540369684,0.050103421533671866,0.02805138720188083,1,1778542874.0,hltv_2394115_107924_liquid_vs_astralis_m1_dust2,de_dust2,0.5634285992904707
0,0.12003672578345756,0.21590909090909088,0.48828125,0.04038095238095239,0.07263492063492064,-0.12485596177386693,-0.09030611093841173,0.06592939306276507,0.046713448540369684,0.050103421533671866,0.02805138720188083,1,1778542874.0,hltv_2394115_107924_liquid_vs_astralis_m1_dust2,de_dust2,0.5663445901525843
0,0.18787602904018064,0.2636949516648765,0.46634615384615385,0.04822874493927126,0.0736842105263158,-0.0005714474952183135,-0.006741752296801851,0.08471464101168963,0.09782616862371896,0.04050030890098427,0.04841408137425007,1,1778546382.0,hltv_2394115_107924_liquid_vs_astralis_m2_ancient,de_ancient,0.5874714153758053
1,0.18787602904018064,0.2636949516648765,0.5336538461538461,0.04822874493927126,0.0736842105263158,-0.0005714474952183135,-0.006741752296801851,0.08471464101168963,0.09782616862371896,0.04050030890098427,0.04841408137425007,0,1778546382.0,hltv_2394115_107924_liquid_vs_astralis_m2_ancient,de_ancient,0.5719304239174421
0,0.07410713645291783,0.01125938281901584,0.4884615384615385,0.04588309239472031,0.11332495285983657,0.06909748855041142,0.07459251961737856,0.054411015357601344,0.05404324139105304,0.00884248850839342,0.053454423912987326,0,1778569970.600832,hltv_2394140_107930_mouz_vs_aurora_m1_dust2,de_dust2,0.5777738679895249
1,0.07410713645291783,0.01125938281901584,0.5115384615384615,0.04588309239472031,0.11332495285983657,0.06909748855041142,0.07459251961737856,0.054411015357601344,0.05404324139105304,0.00884248850839342,0.053454423912987326,0,1778569970.600832,hltv_2394140_107930_mouz_vs_aurora_m1_dust2,de_dust2,0.5688691751182063
1,0.0669003827552592,0.1388888888888889,0.5371621621621622,0.05,0.06333333333333334,-0.15546161760833593,0.13732070324736512,-0.09093770853491845,-0.09173041211199434,0.014166822944409962,0.024599663155129792,0,1778570029.9513009,hltv_2394141_107929_heroic_vs_magic_m1_mirage,de_mirage,0.580811485547802
0,0.0669003827552592,0.1388888888888889,0.46283783783783783,0.05,0.06333333333333334,-0.15546161760833593,0.13732070324736512,-0.09093770853491845,-0.09173041211199434,0.014166822944409962,0.024599663155129792,0,1778570029.9513009,hltv_2394141_107929_heroic_vs_magic_m1_mirage,de_mirage,0.6084136347825099
0,0.0669003827552592,-0.043103448275862044,0.48863636363636365,0.045454545454545456,0.06818181818181819,-0.0019146620966275507,0.006622950610416012,-0.03403925062968799,-0.029680730474387296,-0.01617317526738199,-0.01955604906176661,1,1778570059.1938472,hltv_2394141_107929_heroic_vs_magic_m2_dust2,de_dust2,0.566281763425093
1,0.0669003827552592,-0.043103448275862044,0.5113636363636364,0.045454545454545456,0.06818181818181819,-0.0019146620966275507,0.006622950610416012,-0.03403925062968799,-0.029680730474387296,-0.01617317526738199,-0.01955604906176661,1,1778570059.1938472,hltv_2394141_107929_heroic_vs_magic_m2_dust2,de_dust2,0.5586570807034439
1,0.0669003827552592,0.0892857142857143,0.45588235294117646,0.041666666666666664,0.06833333333333333,0.005192152904581637,0.03734694270806965,0.054331446243814696,-0.0016620345686073068,0.03332508093511838,-0.0051681597371617816,0,1778571931.2748108,hltv_2394141_107929_heroic_vs_magic_m3_inferno,de_inferno,0.5528772032418304
0,0.0669003827552592,0.0892857142857143,0.5441176470588236,0.041666666666666664,0.06833333333333333,0.005192152904581637,0.03734694270806965,0.054331446243814696,-0.0016620345686073068,0.03332508093511838,-0.0051681597371617816,0,1778571931.2748108,hltv_2394141_107929_heroic_vs_magic_m3_inferno,de_inferno,0.5282512154440845
1,0.058585515964148224,-0.018771889627180793,0.5743243243243243,0.04461722488038278,0.1131578947368421,-0.005471566158598229,-0.03918271819522773,-0.02221827781094421,-0.07059241353916917,-0.01054799942271989,-0.019065861959816743,1,1778572697.0140064,hltv_2394140_107930_mouz_vs_aurora_m2_nuke,de_nuke,0.5133163317863706
0,0.058585515964148224,-0.018771889627180793,0.42567567567567566,0.04461722488038278,0.1131578947368421,-0.005471566158598229,-0.03918271819522773,-0.02221827781094421,-0.07059241353916917,-0.01054799942271989,-0.019065861959816743,1,1778572697.0140064,hltv_2394140_107930_mouz_vs_aurora_m2_nuke,de_nuke,0.5729473290648496
1,0.0752391293891086,-0.1785714285714286,0.5723684210526315,-0.05333333333333336,0.023333333333333317,0.039675632385165804,0.13932139305429903,0.023617111783949596,-0.00023090646973344953,-0.02849942237262504,-0.0538686894149738,1,1778582284.1118712,hltv_2394143_107936_monte_vs_the_huns_m1_nuke,de_nuke,0.5368861559114729
0,0.0752391293891086,-0.1785714285714286,0.4276315789473685,-0.05333333333333336,0.023333333333333317,0.039675632385165804,0.13932139305429903,0.023617111783949596,-0.00023090646973344953,-0.02849942237262504,-0.0538686894149738,1,1778582284.1118712,hltv_2394143_107936_monte_vs_the_huns_m1_nuke,de_nuke,0.5920125194679117
0,0.0752391293891086,-0.009968102073365293,0.48880597014925375,-0.042857142857142864,0.021428571428571422,0.003157583688294774,0.048535464062716305,0.15499706385628814,0.3117671874249372,0.09856229640973962,0.13262958545186082,0,1778582286.1698887,hltv_2394143_107936_monte_vs_the_huns_m2_dust2,de_dust2,0.5140360835813558
1,0.0752391293891086,-0.009968102073365293,0.5111940298507462,-0.042857142857142864,0.021428571428571422,0.003157583688294774,0.048535464062716305,0.15499706385628814,0.3117671874249372,0.09856229640973962,0.13262958545186082,1,1778582286.1698887,hltv_2394143_107936_monte_vs_the_huns_m2_dust2,de_dust2,0.5021970792080449
0,-0.019266234918571025,0.017662399241346605,0.4816176470588235,-0.06999147173489279,-0.06114035087719298,0.09214696912783082,0.12473576078919957,0.021842246862617154,0.02961993440089955,-0.007329454098536026,-0.02558894244637555,0,1778582293.947841,hltv_2394142_107935_the_mongolz_vs_falcons_m1_dust2,de_dust2,0.5501551094611276
1,-0.019266234918571025,0.017662399241346605,0.5183823529411765,-0.06999147173489279,-0.06114035087719298,0.09214696912783082,0.12473576078919957,0.021842246862617154,0.02961993440089955,-0.007329454098536026,-0.02558894244637555,1,1778582293.947841,hltv_2394142_107935_the_mongolz_vs_falcons_m1_dust2,de_dust2,0.5376024324497707
1,-0.011404521783142763,0.017740429505135435,0.4567307692307692,-0.059112124152022286,-0.06628370596579423,-0.0019084870804360055,0.0013713911325607953,0.027963991434891255,0.01282105173904835,0.01610870930752495,0.026817741758844882,1,1778582299.252955,hltv_2394142_107935_the_mongolz_vs_falcons_m2_inferno,de_inferno,0.562027352685762
0,-0.011404521783142763,0.017740429505135435,0.5432692307692308,-0.059112124152022286,-0.06628370596579423,-0.0019084870804360055,0.0013713911325607953,0.027963991434891255,0.01282105173904835,0.01610870930752495,0.026817741758844882,0,1778582299.252955,hltv_2394142_107935_the_mongolz_vs_falcons_m2_inferno,de_inferno,0.5442617895990571
1,0.0752391293891086,-0.007649938800489586,0.5366666666666666,-0.03571428571428571,0.019642857142857142,-0.0010482915065138654,-0.002516571712017912,-0.11784630281957525,-0.03758532512184304,-0.07045173666076998,-0.055104000048383395,1,1778583887.2559502,hltv_2394143_107936_monte_vs_the_huns_m3_mirage,de_mirage,0.583090256921657
0,0.0752391293891086,-0.007649938800489586,0.4633333333333334,-0.03571428571428571,0.019642857142857142,-0.0010482915065138654,-0.002516571712017912,-0.11784630281957525,-0.03758532512184304,-0.07045173666076998,-0.055104000048383395,1,1778583887.2559502,hltv_2394143_107936_monte_vs_the_huns_m3_mirage,de_mirage,0.6126370905381479
0,-0.02911696716443555,0.017762351980400104,0.4638157894736842,-0.06504715281337997,-0.06311574032796141,-0.0021592839772710537,0.019107351220064406,-0.04861767900059982,-0.035612255826709904,-0.030696945458945468,-0.029444304022824497,0,1778583891.3123326,hltv_2394142_107935_the_mongolz_vs_falcons_m3_mirage,de_mirage,0.60304790490865
1,-0.02911696716443555,0.017762351980400104,0.5361842105263158,-0.06504715281337997,-0.06311574032796141,-0.0021592839772710537,0.019107351220064406,-0.04861767900059982,-0.035612255826709904,-0.030696945458945468,-0.029444304022824497,0,1778583891.3123326,hltv_2394142_107935_the_mongolz_vs_falcons_m3_mirage,de_mirage,0.560679101180148
1,0.09283039366101026,0.12693508736961,0.5253623188405797,-0.06638009049773756,-0.11592544710191771,-0.02000352677081918,-0.035744664446041796,-0.014536729203879717,-0.006151123731292729,-0.004843435679395824,-0.019168499365978864,1,1778592254.4147122,hltv_2394145_107943_parivision_vs_g2_m2_dust2,de_dust2,0.5724139978369696
0,0.09283039366101026,0.12693508736961,0.4746376811594203,-0.06638009049773756,-0.11592544710191771,-0.02000352677081918,-0.035744664446041796,-0.014536729203879717,-0.006151123731292729,-0.004843435679395824,-0.019168499365978864,1,1778592254.4147122,hltv_2394145_107943_parivision_vs_g2_m2_dust2,de_dust2,0.6029975504948956
1,0.06241449867479687,0.16353199804592083,0.5357142857142857,-0.0721981721981722,-0.10452380952380955,0.0009710499531061512,-0.01585182923377698,-0.039837646372765045,-0.07854808628538074,-0.02628569435607897,-0.029703123693034628,1,1778592261.4684348,hltv_2394145_107943_parivision_vs_g2_m1_mirage,de_mirage,0.5913786692074973
0,0.06241449867479687,0.16353199804592083,0.4642857142857143,-0.0721981721981722,-0.10452380952380955,0.0009710499531061512,-0.01585182923377698,-0.039837646372765045,-0.07854808628538074,-0.02628569435607897,-0.029703123693034628,0,1778592261.4684348,hltv_2394145_107943_parivision_vs_g2_m1_mirage,de_mirage,0.6335546928924101
0,0.04793068189784905,-0.002928321678321688,0.4928571428571429,0.0696230598669623,0.11108647450110865,0.0022038084943161174,-0.0014467320284523022,-0.0819160815601861,-0.08667146848692092,-0.040727217897402745,-0.04217792042698354,1,1778592439.497722,hltv_2394144_107942_furia_vs_gentle_mates_m2_overpass,de_overpass,0.5777923922430354
1,0.04793068189784905,-0.002928321678321688,0.5071428571428571,0.0696230598669623,0.11108647450110865,0.0022038084943161174,-0.0014467320284523022,-0.0819160815601861,-0.08667146848692092,-0.040727217897402745,-0.04217792042698354,0,1778592439.497722,hltv_2394144_107942_furia_vs_gentle_mates_m2_overpass,de_overpass,0.5661981512545359
1,-0.06643884751304702,-0.003403755868544578,0.4669811320754717,0.0630952380952381,0.10119047619047619,-0.013312630341473564,-0.015666095405984737,-0.0329294136346403,-0.02212917735819442,-0.01664450380874477,0.008620439215190179,1,1778596011.3118124,hltv_2394144_107942_furia_vs_gentle_mates_m3_inferno,de_inferno,0.5450401596975732
0,-0.06643884751304702,-0.003403755868544578,0.5330188679245282,0.0630952380952381,0.10119047619047619,-0.013312630341473564,-0.015666095405984737,-0.0329294136346403,-0.02212917735819442,-0.01664450380874477,0.008620439215190179,0,1778596011.3118124,hltv_2394144_107942_furia_vs_gentle_mates_m3_inferno,de_inferno,0.5185013296515704
0,-0.002710105263737106,0.2319508448540707,0.5069444444444444,-0.044444444444444446,-0.05555555555555555,0.05994793410254906,0.10362998011693991,0.07017305000528323,0.028693853322233842,-0.019111796580925322,-0.03596529326765774,1,1778601708.0,hltv_2394159_107950_b8_vs_bc_game_m1_overpass,de_overpass,0.5507867606273283
1,-0.002710105263737106,0.2319508448540707,0.4930555555555556,-0.044444444444444446,-0.05555555555555555,0.05994793410254906,0.10362998011693991,0.07017305000528323,0.028693853322233842,-0.019111796580925322,-0.03596529326765774,1,1778601708.0,hltv_2394159_107950_b8_vs_bc_game_m1_overpass,de_overpass,0.5533894471977039
0,0.06710461669205985,-7.846829880731043e-05,0.4764150943396226,0.009722222222222215,-0.03472222222222221,-0.21418451590018273,-0.3225626604845757,0.009876112363132017,-0.039063923501351294,0.0227441245477209,-0.026415992275880096,0,1778601914.0,hltv_2394160_107951_faze_vs_nrg_m1_ancient,de_ancient,0.6287689266228959
1,0.06710461669205985,-7.846829880731043e-05,0.5235849056603774,0.009722222222222215,-0.03472222222222221,-0.21418451590018273,-0.3225626604845757,0.009876112363132017,-0.039063923501351294,0.0227441245477209,-0.026415992275880096,0,1778601914.0,hltv_2394160_107951_faze_vs_nrg_m1_ancient,de_ancient,0.6002532828803553
1,-0.2419893850374436,0.31659505907626206,0.5416666666666666,-0.00394736842105263,0.0026315789473684292,0.03828746443407999,0.009225893209145075,-0.08952877448396573,-0.1434631913556605,-0.033403776349898995,-0.05058802969743165,0,1778605746.0,hltv_2394159_107950_b8_vs_bc_game_m2_mirage,de_mirage,0.4939271160648552
0,-0.2419893850374436,0.31659505907626206,0.45833333333333337,-0.00394736842105263,0.0026315789473684292,0.03828746443407999,0.009225893209145075,-0.08952877448396573,-0.1434631913556605,-0.033403776349898995,-0.05058802969743165,1,1778605746.0,hltv_2394159_107950_b8_vs_bc_game_m2_mirage,de_mirage,0.5304785618263292
1,0.06710461669205985,-0.06298396017699115,0.58125,0.006991452991452991,-0.03504273504273503,-0.015746659428862886,-0.02966122159706125,-0.13711259522173153,-0.20807845558444626,-0.0764465123460405,-0.08371108142403894,1,1778605870.0,hltv_2394160_107951_faze_vs_nrg_m2_nuke,de_nuke,0.5604637799934782
0,0.06710461669205985,-0.06298396017699115,0.41874999999999996,0.006991452991452991,-0.03504273504273503,-0.015746659428862886,-0.02966122159706125,-0.13711259522173153,-0.20807845558444626,-0.0764465123460405,-0.08371108142403894,0,1778605870.0,hltv_2394160_107951_faze_vs_nrg_m2_nuke,de_nuke,0.6314570483968287
0,0.14702485072743765,0.26442307692307687,0.5625,0.0024390243902439046,-0.01097560975609757,0.05777001531706094,0.12488372132950298,0.003552668961758376,0.0678099419040753,-0.05241890647966152,-0.03336001920624404,1,1778611901.0,hltv_2394157_107957_betboom_vs_vitality_m1_anubis,de_anubis,0.5462479718358692
1,0.14702485072743765,0.26442307692307687,0.4375,0.0024390243902439046,-0.01097560975609757,0.05777001531706094,0.12488372132950298,0.003552668961758376,0.0678099419040753,-0.05241890647966152,-0.03336001920624404,0,1778611901.0,hltv_2394157_107957_betboom_vs_vitality_m1_anubis,de_anubis,0.5688180447670732
0,0.11090950615855485,0.20931142410015652,0.5067567567567568,0.0380952380952381,-0.02619047619047618,-0.0011873601546181778,-0.0022125268493917716,-0.07447832916440866,-0.06690177663699176,-0.03957789203186052,-0.031674522958570595,1,1778615648.0,hltv_2394157_107957_betboom_vs_vitality_m2_overpass,de_overpass,0.5479834168890102
1,0.11090950615855485,0.20931142410015652,0.49324324324324326,0.0380952380952381,-0.02619047619047618,-0.0011873601546181778,-0.0022125268493917716,-0.07447832916440866,-0.06690177663699176,-0.03957789203186052,-0.031674522958570595,0,1778615648.0,hltv_2394157_107957_betboom_vs_vitality_m2_overpass,de_overpass,0.5484437330304888
0,-0.13695386920005015,-0.1601387188902489,0.5231481481481481,-0.023611111111111124,-0.11083333333333334,0.33635954963968223,0.08906535538766214,0.11343937391317094,0.013913501609414236,-0.046031667539180476,0.0205468642023261,0,1778622336.0,hltv_2394161_107961_natus_vincere_vs_gamerlegion_m1_inferno,de_inferno,0.5103934906343266
1,-0.13695386920005015,-0.1601387188902489,0.47685185185185186,-0.023611111111111124,-0.11083333333333334,0.33635954963968223,0.08906535538766214,0.11343937391317094,0.013913501609414236,-0.046031667539180476,0.0205468642023261,0,1778622336.0,hltv_2394161_107961_natus_vincere_vs_gamerlegion_m1_inferno,de_inferno,0.5134843918832502
0,-0.24182715387906328,0.034965034965035,0.4085365853658537,0.09642857142857142,0.09999999999999996,-0.002263091294117281,-0.03253459422232996,-0.059571731532807426,-0.10983055799988939,-0.03588367144468013,-0.04291078836670331,0,1778636299.0,hltv_2394162_107963_astralis_vs_legacy_m2_nuke,de_nuke,0.513005695778895
1,-0.24182715387906328,0.034965034965035,0.5914634146341463,0.09642857142857142,0.09999999999999996,-0.002263091294117281,-0.03253459422232996,-0.059571731532807426,-0.10983055799988939,-0.03588367144468013,-0.04291078836670331,0,1778636299.0,hltv_2394162_107963_astralis_vs_legacy_m2_nuke,de_nuke,0.47823830649060173
0,0.2251070578186354,-0.007692307692307665,0.53125,0.038461538461538464,0.005128205128205131,0.016577846012074682,-0.11919871920859765,-0.04848872570093621,-0.10696707916586867,-0.021352512369745058,-0.039311640465958864,0,1778658964.1682682,hltv_2394146_107970_gentle_mates_vs_magic_m2_inferno,de_inferno,0.514391404716941
1,0.2251070578186354,-0.007692307692307665,0.46875,0.038461538461538464,0.005128205128205131,0.016577846012074682,-0.11919871920859765,-0.04848872570093621,-0.10696707916586867,-0.021352512369745058,-0.039311640465958864,1,1778658964.1682682,hltv_2394146_107970_gentle_mates_vs_magic_m2_inferno,de_inferno,0.5268669119863981
0,0.4894633392781643,-0.042310996563573844,0.47685185185185186,-0.005158730158730154,0.022478991596638652,-0.0052218705957644,-0.05752855752996888,0.03344837125404526,0.06724114475250981,0.03586596616315402,-0.0007792424864571657,1,1778662727.5100648,hltv_2394147_107971_monte_vs_g2_m1_ancient,de_ancient,0.5309256170454492
1,0.4894633392781643,-0.042310996563573844,0.5231481481481481,-0.005158730158730154,0.022478991596638652,-0.0052218705957644,-0.05752855752996888,0.03344837125404526,0.06724114475250981,0.03586596616315402,-0.0007792424864571657,1,1778662727.5100648,hltv_2394147_107971_monte_vs_g2_m1_ancient,de_ancient,0.5181008472307573
1,0.4894633392781643,0.036163522012578664,0.5243055555555556,-0.0031299734748010608,0.023286177424108448,-0.005615132992756178,0.08503471042894428,0.13063888105313098,0.2114917140088265,0.061782937208707145,0.08263334044497583,0,1778662735.2993798,hltv_2394147_107971_monte_vs_g2_m2_dust2,de_dust2,0.5128690151091061
0,0.4894633392781643,0.036163522012578664,0.4756944444444444,-0.0031299734748010608,0.023286177424108448,-0.005615132992756178,0.08503471042894428,0.13063888105313098,0.2114917140088265,0.061782937208707145,0.08263334044497583,1,1778662735.2993798,hltv_2394147_107971_monte_vs_g2_m2_dust2,de_dust2,0.526734118560745
1,0.016633959480441447,-0.09236026111791107,0.534375,-0.049735449735449744,0.027301587301587327,0.26655200857185213,0.07534354054581527,-0.0038870239403488993,0.003144896452516588,-0.030764880589934762,-0.009938945636792429,0,1778673809.0197887,hltv_2394148_107977_the_mongolz_vs_aurora_m2_mirage,de_mirage,0.45085035556449315
0,0.016633959480441447,-0.09236026111791107,0.46562499999999996,-0.049735449735449744,0.027301587301587327,0.26655200857185213,0.07534354054581527,-0.0038870239403488993,0.003144896452516588,-0.030764880589934762,-0.009938945636792429,0,1778673809.0197887,hltv_2394148_107977_the_mongolz_vs_aurora_m2_mirage,de_mirage,0.47098629882366305
0,0.027534395055468844,-0.11847415284094542,0.5197368421052632,-0.04791409225601298,0.015285360538922238,-0.0002772350744055796,0.02097335667589223,0.04345735717669763,0.11201848160708416,0.02631849048517665,0.037357291301151174,0,1778673818.1057541,hltv_2394148_107977_the_mongolz_vs_aurora_m1_overpass,de_overpass,0.46211586446833774
1,0.027534395055468844,-0.11847415284094542,0.48026315789473684,-0.04791409225601298,0.015285360538922238,-0.0002772350744055796,0.02097335667589223,0.04345735717669763,0.11201848160708416,0.02631849048517665,0.037357291301151174,1,1778673818.1057541,hltv_2394148_107977_the_mongolz_vs_aurora_m1_overpass,de_overpass,0.47571361955187375
0,-0.03078190591238207,-0.03386769022352676,0.4772727272727273,-0.0028671328671328877,0.010489510489510495,0.05930762389503924,0.2807908228296208,-0.10416472198528942,-0.07584757901589406,-0.03170192611618711,-0.11437666196031876,1,1778688773.0,hltv_2394165_107988_b8_vs_fut_m1_ancient,de_ancient,0.47271737678985154
1,-0.03078190591238207,-0.03386769022352676,0.5227272727272727,-0.0028671328671328877,0.010489510489510495,0.05930762389503924,0.2807908228296208,-0.10416472198528942,-0.07584757901589406,-0.03170192611618711,-0.11437666196031876,1,1778688773.0,hltv_2394165_107988_b8_vs_fut_m1_ancient,de_ancient,0.45508004381520584
1,-0.005995274986660824,0.008982863460475388,0.4935897435897436,-0.011571198527720261,0.018242466068553037,-0.00022706334800581818,0.0032030184556409713,-0.017632480312672172,-0.03787837189069737,-0.006604873153490842,0.0002907795304583072,0,1778693046.0,hltv_2394165_107988_b8_vs_fut_m2_overpass,de_overpass,0.5089579871434132
0,-0.005995274986660824,0.008982863460475388,0.5064102564102564,-0.011571198527720261,0.018242466068553037,-0.00022706334800581818,0.0032030184556409713,-0.017632480312672172,-0.03787837189069737,-0.006604873153490842,0.0002907795304583072,0,1778693046.0,hltv_2394165_107988_b8_vs_fut_m2_overpass,de_overpass,0.5058610411958693
0,0.3301599383063716,0.0010107292800497492,0.48287671232876717,0.06327045047975281,0.0421044072206863,-0.11964855891242149,-0.13675049645388776,0.0230858635526503,0.04330622616636254,0.023214990459100304,0.0025987544911797444,0,1778693798.0,hltv_2394166_107989_faze_vs_vitality_m2_dust2,de_dust2,0.5492735616490784
1,0.3301599383063716,0.0010107292800497492,0.5171232876712328,0.06327045047975281,0.0421044072206863,-0.11964855891242149,-0.13675049645388776,0.0230858635526503,0.04330622616636254,0.023214990459100304,0.0025987544911797444,0,1778693798.0,hltv_2394166_107989_faze_vs_vitality_m2_dust2,de_dust2,0.5372659236125222
0,0.0346986137301612,0.0703125,0.4107142857142857,0.03686868686868687,0.01414141414141415,-0.07455643803715717,-0.08491718101146811,-0.08240631611385912,-0.12998156215751466,-0.05091698150726448,-0.05329140561118029,0,1778701546.0,hltv_2394168_107992_gamerlegion_vs_liquid_m2_nuke,de_nuke,0.5484247319099453
1,0.0346986137301612,0.0703125,0.5892857142857143,0.03686868686868687,0.01414141414141415,-0.07455643803715717,-0.08491718101146811,-0.08240631611385912,-0.12998156215751466,-0.05091698150726448,-0.05329140561118029,1,1778701546.0,hltv_2394168_107992_gamerlegion_vs_liquid_m2_nuke,de_nuke,0.50401837108465
1,0.24621504752346765,0.03392991785388311,0.5335365853658537,0.027272727272727268,-0.0159090909090909,0.3178876807908357,0.3267359038149431,0.07188904887935049,0.08996599165334446,-0.0468382814398578,0.026079789529693143,1,1778706839.0,hltv_2394170_107998_b8_vs_vitality_m1_mirage,de_mirage,0.468447205854364
0,0.24621504752346765,0.03392991785388311,0.4664634146341463,0.027272727272727268,-0.0159090909090909,0.3178876807908357,0.3267359038149431,0.07188904887935049,0.08996599165334446,-0.0468382814398578,0.026079789529693143,0,1778706839.0,hltv_2394170_107998_b8_vs_vitality_m1_mirage,de_mirage,0.48265819205814997
0,0.2673196518449569,0.03363812072554262,0.4831081081081081,0.03275362318840579,-0.020869565217391334,-0.00031982047974593586,-0.009988866778742223,0.10358856115716153,0.09933755227975094,0.06199099625386656,0.05276040894117684,1,1778710518.0,hltv_2394170_107998_b8_vs_vitality_m2_dust2,de_dust2,0.4830042703267212
1,0.2673196518449569,0.03363812072554262,0.5168918918918919,0.03275362318840579,-0.020869565217391334,-0.00031982047974593586,-0.009988866778742223,0.10358856115716153,0.09933755227975094,0.06199099625386656,0.05276040894117684,0,1778710518.0,hltv_2394170_107998_b8_vs_vitality_m2_dust2,de_dust2,0.47684622090010825
0,-0.43261121982719697,-0.10098176718092566,0.40116279069767447,-0.012500000000000004,-0.16249999999999998,0.25150293714496386,0.30328297379580677,-0.03802421920907556,0.04219573884866268,-0.030407158984875504,0.02676356600139762,1,1778710955.0,hltv_2394169_107999_betboom_vs_pain_m2_nuke,de_nuke,0.4294693946648038
1,-0.43261121982719697,-0.10098176718092566,0.5988372093023255,-0.012500000000000004,-0.16249999999999998,0.25150293714496386,0.30328297379580677,-0.03802421920907556,0.04219573884866268,-0.030407158984875504,0.02676356600139762,1,1778710955.0,hltv_2394169_107999_betboom_vs_pain_m2_nuke,de_nuke,0.3865214253006242
0,-0.11962563030859241,-0.14150943396226418,0.46084337349397586,-0.026666666666666658,-0.06999999999999999,0.08088283710649641,-0.13602206652010185,0.02947307690808354,-0.026674688917794565,0.024545624487596562,0.024195041782958726,1,1778715231.0,hltv_2394172_108000_gamerlegion_vs_astralis_m1_mirage,de_mirage,0.49690903510956436
1,-0.11962563030859241,-0.14150943396226418,0.5391566265060241,-0.026666666666666658,-0.06999999999999999,0.08088283710649641,-0.13602206652010185,0.02947307690808354,-0.026674688917794565,0.024545624487596562,0.024195041782958726,1,1778715231.0,hltv_2394172_108000_gamerlegion_vs_astralis_m1_mirage,de_mirage,0.4956126794995967
1,-0.26550414095376373,-0.012141405014682638,0.4780701754385965,0.09875776397515526,0.13322981366459624,0.09876876326643524,0.12920349035054263,0.09813388508888893,0.06123358751488317,-0.021255901627313056,0.04495462354886842,1,1778718777.0,hltv_2394171_108002_natus_vincere_vs_legacy_m1_inferno,de_inferno,0.5188811285230469
0,-0.26550414095376373,-0.012141405014682638,0.5219298245614035,0.09875776397515526,0.13322981366459624,0.09876876326643524,0.12920349035054263,0.09813388508888893,0.06123358751488317,-0.021255901627313056,0.04495462354886842,1,1778718777.0,hltv_2394171_108002_natus_vincere_vs_legacy_m1_inferno,de_inferno,0.5256430749964613
0,-0.05178983472459733,-0.07038411174159759,0.4776785714285714,-0.011730205278592379,-0.07243401759530793,0.00996789593724845,0.06290185923429159,0.06924623513387684,0.10607660327195967,0.037614489695279085,0.031340722122776554,0,1778718899.0,hltv_2394172_108000_gamerlegion_vs_astralis_m2_ancient,de_ancient,0.5446046188963941
1,-0.05178983472459733,-0.07038411174159759,0.5223214285714286,-0.011730205278592379,-0.07243401759530793,0.00996789593724845,0.06290185923429159,0.06924623513387684,0.10607660327195967,0.037614489695279085,0.031340722122776554,1,1778718899.0,hltv_2394172_108000_gamerlegion_vs_astralis_m2_ancient,de_ancient,0.5514273277405081
1,-0.12511744929570673,0.06302521008403361,0.5307017543859649,0.10239361702127661,0.12446808510638295,0.0005050963971487965,-0.0192724153406591,0.025966027246342616,-0.007812832407804504,0.00778235915352693,0.012778266465451549,1,1778722331.0,hltv_2394171_108002_natus_vincere_vs_legacy_m2_ancient,de_ancient,0.5454615246846829
0,-0.12511744929570673,0.06302521008403361,0.4692982456140351,0.10239361702127661,0.12446808510638295,0.0005050963971487965,-0.0192724153406591,0.025966027246342616,-0.007812832407804504,0.00778235915352693,0.012778266465451549,0,1778722331.0,hltv_2394171_108002_natus_vincere_vs_legacy_m2_ancient,de_ancient,0.5351690382352835
0,0.03182604264654039,0.00011835720203579037,0.49,0.032862173287705194,0.10820314437335714,-0.3127302396706653,-0.3373496165470241,0.0006414029241312291,0.04469410695993303,-0.004527475241232981,0.04286301804755405,1,1778826200.8691208,hltv_2394149_108024_mouz_vs_aurora_m1_dust2,de_dust2,0.45622565067133597
1,0.03182604264654039,0.00011835720203579037,0.51,0.032862173287705194,0.10820314437335714,-0.3127302396706653,-0.3373496165470241,0.0006414029241312291,0.04469410695993303,-0.004527475241232981,0.04286301804755405,1,1778826200.8691208,hltv_2394149_108024_mouz_vs_aurora_m1_dust2,de_dust2,0.45715922289016514
1,0.02055259831260644,0.027126900142773136,0.5965909090909091,0.0325,0.10041666666666665,0.005426372650972788,-0.013514078063340373,0.015047357387376337,-0.003972863700390017,0.008898039821974901,0.00734135636848926,0,1778829476.3772542,hltv_2394149_108024_mouz_vs_aurora_m2_nuke,de_nuke,0.5331954324875097
0,0.02055259831260644,0.027126900142773136,0.40340909090909094,0.0325,0.10041666666666665,0.005426372650972788,-0.013514078063340373,0.015047357387376337,-0.003972863700390017,0.008898039821974901,0.00734135636848926,0,1778829476.3772542,hltv_2394149_108024_mouz_vs_aurora_m2_nuke,de_nuke,0.5387587677425487
1,0.2072280960083103,-0.08620689655172414,0.5386904761904762,0.045454545454545456,0.09870129870129869,0.009265992445564253,0.03843953074401596,0.0014545149738591778,0.034165471685203785,0.034142039427164705,-0.011440163948025717,1,1778855899.1071777,hltv_2394151_108031_9z_vs_magic_m2_mirage,de_mirage,0.5040498512854584
0,0.2072280960083103,-0.08620689655172414,0.46130952380952384,0.045454545454545456,0.09870129870129869,0.009265992445564253,0.03843953074401596,0.0014545149738591778,0.034165471685203785,0.034142039427164705,-0.011440163948025717,1,1778855899.1071777,hltv_2394151_108031_9z_vs_magic_m2_mirage,de_mirage,0.5121294298486497
0,0.2072280960083103,0.018456995201181214,0.4901315789473685,0.041666666666666664,0.09166666666666665,-0.002790478538898633,-0.018442151334341184,0.20095173969497296,0.15366109264423974,0.11916657011624365,0.09615148822725728,0,1778855917.0391116,hltv_2394151_108031_9z_vs_magic_m1_dust2,de_dust2,0.5042997771310491
1,0.2072280960083103,0.018456995201181214,0.5098684210526315,0.041666666666666664,0.09166666666666665,-0.002790478538898633,-0.018442151334341184,0.20095173969497296,0.15366109264423974,0.11916657011624365,0.09615148822725728,0,1778855917.0391116,hltv_2394151_108031_9z_vs_magic_m1_dust2,de_dust2,0.5043644294744953
0,0.08522735949668535,-0.07588506782236726,0.40555555555555556,0.02617638175777711,0.0643571931944025,0.20110260454272733,-0.13764020079871614,0.14439708669688206,0.07429977900997503,-0.008242647416377424,0.02234455552585074,1,1778871908.7960496,hltv_2394152_108042_furia_vs_falcons_m2_nuke,de_nuke,0.5206555899637217
1,0.08522735949668535,-0.07588506782236726,0.5944444444444444,0.02617638175777711,0.0643571931944025,0.20110260454272733,-0.13764020079871614,0.14439708669688206,0.07429977900997503,-0.008242647416377424,0.02234455552585074,0,1778871908.7960496,hltv_2394152_108042_furia_vs_falcons_m2_nuke,de_nuke,0.48431532489456275
1,0.08776204412100169,-0.07371076233183854,0.5097402597402597,0.025316463871451075,0.05991694437985998,-0.003010736372347389,-0.004235954583301893,0.03256067353783676,0.027448318810154082,0.01818119886559727,0.015082486971939646,1,1778875513.4945235,hltv_2394152_108042_furia_vs_falcons_m3_dust2,de_dust2,0.510834465679889
0,0.08776204412100169,-0.07371076233183854,0.4902597402597403,0.025316463871451075,0.05991694437985998,-0.003010736372347389,-0.004235954583301893,0.03256067353783676,0.027448318810154082,0.01818119886559727,0.015082486971939646,0,1778875513.4945235,hltv_2394152_108042_furia_vs_falcons_m3_dust2,de_dust2,0.5092400691854297
0,-0.0729251251608944,-0.03444272445820429,0.4184782608695652,-0.0258411507191995,-0.04482801751094434,0.2193972414112204,0.034853476838056174,0.02961811590823893,0.02350196237677543,-0.019766359907321895,-0.04733677638858075,0,1778931068.2829156,hltv_2394153_108057_mouz_vs_spirit_m2_nuke,de_nuke,0.4955536995120767
1,-0.0729251251608944,-0.03444272445820429,0.5815217391304348,-0.0258411507191995,-0.04482801751094434,0.2193972414112204,0.034853476838056174,0.02961811590823893,0.02350196237677543,-0.019766359907321895,-0.04733677638858075,0,1778931068.2829156,hltv_2394153_108057_mouz_vs_spirit_m2_nuke,de_nuke,0.45691676566359846
1,0.22776003518168184,0.06069364161849711,0.5387931034482759,0.062158944658944656,0.04734341484341486,0.11889628187997814,0.10615822502143685,-0.006544971748267736,-0.037474602610987895,-0.031176228474515177,-0.036884500197757575,0,1778941668.255329,hltv_2394154_108061_magic_vs_falcons_m1_ancient,de_ancient,0.5373025886678464
0,0.22776003518168184,0.06069364161849711,0.4612068965517241,0.062158944658944656,0.04734341484341486,0.11889628187997814,0.10615822502143685,-0.006544971748267736,-0.037474602610987895,-0.031176228474515177,-0.036884500197757575,1,1778941668.255329,hltv_2394154_108061_magic_vs_falcons_m1_ancient,de_ancient,0.5582974391519402
1,0.18014031127736574,0.0589887640449438,0.5160256410256411,0.040432748538011695,0.03281871345029239,0.00613698476427571,-0.009431417148241805,0.06329818628533229,0.04271606684413237,0.039264753095526184,0.03533306613527987,1,1778942670.7816467,hltv_2394154_108061_magic_vs_falcons_m2_dust2,de_dust2,0.5098940780952756
0,0.18014031127736574,0.0589887640449438,0.4839743589743589,0.040432748538011695,0.03281871345029239,0.00613698476427571,-0.009431417148241805,0.06329818628533229,0.04271606684413237,0.039264753095526184,0.03533306613527987,0,1778942670.7816467,hltv_2394154_108061_magic_vs_falcons_m2_dust2,de_dust2,0.5128416916362986
1,-0.016766498044829242,0.240299823633157,0.5797872340425532,0.07666666666666666,0.03083333333333335,0.024078563262240227,0.06557863998897495,0.06898912862508971,0.10191306804722572,0.015651602802799647,0.026005220017818687,1,1778971775.0,hltv_2394175_108078_betboom_vs_natus_vincere_m2_nuke,de_nuke,0.48905233066322235
0,-0.016766498044829242,0.240299823633157,0.42021276595744683,0.07666666666666666,0.03083333333333335,0.024078563262240227,0.06557863998897495,0.06898912862508971,0.10191306804722572,0.015651602802799647,0.026005220017818687,0,1778971775.0,hltv_2394175_108078_betboom_vs_natus_vincere_m2_nuke,de_nuke,0.5484354484963402
0,0.32681038036563576,-0.035031847133757954,0.521551724137931,0.03181818181818182,0.025541125541125545,-0.01850631986576401,-0.06378948388603323,-0.04791275927866934,-0.10069919101246028,0.03517998331439359,0.014799317295041692,1,1779010741.801478,hltv_2394155_108081_mouz_vs_magic_m2_inferno,de_inferno,0.4881425125118596
1,0.32681038036563576,-0.035031847133757954,0.47844827586206895,0.03181818181818182,0.025541125541125545,-0.01850631986576401,-0.06378948388603323,-0.04791275927866934,-0.10069919101246028,0.03517998331439359,0.014799317295041692,1,1779010741.801478,hltv_2394155_108081_mouz_vs_magic_m2_inferno,de_inferno,0.5165724571367654
1,-0.08005641813599063,0.025462155563306554,0.5296610169491526,-0.016116417729320945,-0.030043017139791336,0.02811911813879897,0.06924178174118722,0.06245155090362009,0.05384277110238428,-0.04908488875645978,-0.04057741280626992,0,1779027592.3799417,hltv_2394156_108087_spirit_vs_falcons_m3_ancient,de_ancient,0.5567320308664483
0,-0.08005641813599063,0.025462155563306554,0.4703389830508474,-0.016116417729320945,-0.030043017139791336,0.02811911813879897,0.06924178174118722,0.06245155090362009,0.05384277110238428,-0.04908488875645978,-0.04057741280626992,0,1779027592.3799417,hltv_2394156_108087_spirit_vs_falcons_m3_ancient,de_ancient,0.5672787538452733
0,-0.09959279585811076,-0.1515151515151515,0.41145833333333337,0.022222222222222223,0.07777777777777778,0.03642053841789017,0.0024009875781377255,-0.047592586141778415,-0.048385916929255174,0.002798108984950254,0.009703816003442056,1,1779035127.0,hltv_2394177_108090_legacy_vs_betboom_m2_nuke,de_nuke,0.49396115703027904
1,-0.09959279585811076,-0.1515151515151515,0.5885416666666666,0.022222222222222223,0.07777777777777778,0.03642053841789017,0.0024009875781377255,-0.047592586141778415,-0.048385916929255174,0.002798108984950254,0.009703816003442056,1,1779035127.0,hltv_2394177_108090_legacy_vs_betboom_m2_nuke,de_nuke,0.45420481684948827
0,-0.11245768389256394,-0.13984895033282124,0.5833333333333333,-0.035034013605442185,-0.08401360544217686,0.06374257556899698,0.1707298505138894,-0.017095110290659632,0.051528911871766225,-0.046489203004010105,-0.03370861498949895,1,1779048754.0,hltv_2394178_108099_gamerlegion_vs_natus_vincere_m2_anubis,de_anubis,0.5027195103739573
1,-0.11245768389256394,-0.13984895033282124,0.4166666666666667,-0.035034013605442185,-0.08401360544217686,0.06374257556899698,0.1707298505138894,-0.017095110290659632,0.051528911871766225,-0.046489203004010105,-0.03370861498949895,1,1779048754.0,hltv_2394178_108099_gamerlegion_vs_natus_vincere_m2_anubis,de_anubis,0.5365031481766132
0,-0.13521141835411055,-0.0861718205068589,0.41326530612244894,-0.04307692307692307,-0.0756923076923077,-0.005388741300952571,-0.026791138114794277,-0.03271146510571343,-0.051422073745014674,-0.015417132753164253,-0.019562485565102317,1,1779053733.0,hltv_2394178_108099_gamerlegion_vs_natus_vincere_m3_nuke,de_nuke,0.5297098638186863
1,-0.13521141835411055,-0.0861718205068589,0.5867346938775511,-0.04307692307692307,-0.0756923076923077,-0.005388741300952571,-0.026791138114794277,-0.03271146510571343,-0.051422073745014674,-0.015417132753164253,-0.019562485565102317,0,1779053733.0,hltv_2394178_108099_gamerlegion_vs_natus_vincere_m3_nuke,de_nuke,0.5050008969443808
1,0.03215281919642673,0.0610717100078802,0.575,0.016360782447073764,0.0224126206990344,0.09249494005657677,0.12850440659422324,-0.10377589657678743,-0.10280326688007607,-0.02522412211604591,-0.06818634520770317,0,1779540552.0,hltv_2394225_108264_falcons_vs_mouz_m3_nuke,de_nuke,0.501903943301032
0,0.03215281919642673,0.0610717100078802,0.42500000000000004,0.016360782447073764,0.0224126206990344,0.09249494005657677,0.12850440659422324,-0.10377589657678743,-0.10280326688007607,-0.02522412211604591,-0.06818634520770317,0,1779540552.0,hltv_2394225_108264_falcons_vs_mouz_m3_nuke,de_nuke,0.5253385848861367
1,0.13933973422026957,-0.0625,0.4788135593220339,-0.003571428571428569,0.010714285714285716,-0.0019982283787491895,0.023670846010491298,0.05203723515683717,0.09704446913626374,0.02573152159022979,0.037256827275815474,0,1780505125.0,hltv_2394853_108687_tyloo_vs_sinners_m2_inferno,de_inferno,0.5234301401766304
0,0.13933973422026957,-0.0625,0.521186440677966,-0.003571428571428569,0.010714285714285716,-0.0019982283787491895,0.023670846010491298,0.05203723515683717,0.09704446913626374,0.02573152159022979,0.037256827275815474,1,1780505125.0,hltv_2394853_108687_tyloo_vs_sinners_m2_inferno,de_inferno,0.5116850370444895
1,-0.029447382352427734,-0.0390625,0.4713114754098361,-0.08,-0.09999999999999999,-0.0010560173127923678,0.00036829210538774637,-0.03840547623914009,-0.008690705477723826,-0.020760392775641623,-0.022384453376004365,1,1780516133.0,hltv_2394854_108693_m80_vs_b8_m2_inferno,de_inferno,0.5144170633705683
0,-0.029447382352427734,-0.0390625,0.5286885245901639,-0.08,-0.09999999999999999,-0.0010560173127923678,0.00036829210538774637,-0.03840547623914009,-0.008690705477723826,-0.020760392775641623,-0.022384453376004365,0,1780516133.0,hltv_2394854_108693_m80_vs_b8_m2_inferno,de_inferno,0.5056881809102757
1,-0.013248667616155396,-0.14604236343366778,0.5721153846153846,0.0054347826086956555,-0.02724637681159421,-0.04958299119826581,-0.001596053192731095,-0.11851864001213613,-0.06828351486415762,-0.0024158895690280513,-0.049393473672470156,0,1780595174.0,hltv_2394860_108715_liquid_vs_heroic_m1_nuke,de_nuke,0.493228158838671
0,-0.013248667616155396,-0.14604236343366778,0.4278846153846154,0.0054347826086956555,-0.02724637681159421,-0.04958299119826581,-0.001596053192731095,-0.11851864001213613,-0.06828351486415762,-0.0024158895690280513,-0.049393473672470156,1,1780595174.0,hltv_2394860_108715_liquid_vs_heroic_m1_nuke,de_nuke,0.5058502340464273
0,-0.022736325752146822,0.007246376811594235,0.48828125,0.015238095238095238,-0.006666666666666668,-0.12188932342961556,0.02479350632891103,-0.06655939433672486,-0.041769498085813095,0.01702486358823896,0.00784752593464394,0,1780595323.0,hltv_2394861_108714_m80_vs_nrg_m1_ancient,de_ancient,0.5097608527341803
1,-0.022736325752146822,0.007246376811594235,0.51171875,0.015238095238095238,-0.006666666666666668,-0.12188932342961556,0.02479350632891103,-0.06655939433672486,-0.041769498085813095,0.01702486358823896,0.00784752593464394,0,1780595323.0,hltv_2394861_108714_m80_vs_nrg_m1_ancient,de_ancient,0.5101308038947729
1,-0.022736325752146822,-0.09281650071123754,0.48846153846153845,0.016277056277056275,-0.0013852813852813783,-0.005174236210472749,0.020506616236087738,-0.0932125214396356,-0.15846002915485757,-0.04593644409395142,-0.06807445991871702,1,1780599123.0,hltv_2394861_108714_m80_vs_nrg_m2_inferno,de_inferno,0.51619174985248
0,-0.022736325752146822,-0.09281650071123754,0.5115384615384615,0.016277056277056275,-0.0013852813852813783,-0.005174236210472749,0.020506616236087738,-0.0932125214396356,-0.15846002915485757,-0.04593644409395142,-0.06807445991871702,1,1780599123.0,hltv_2394861_108714_m80_vs_nrg_m2_inferno,de_inferno,0.5104290594440005
0,-0.013248667616155396,-0.13570498209052423,0.5113636363636364,0.00560897435897436,-0.02548076923076923,-0.005329982084273821,-0.012544476883955047,0.10685175079515569,0.12251960638472575,0.06856245664515576,0.07167646777999154,1,1780599572.0,hltv_2394860_108715_liquid_vs_heroic_m2_inferno,de_inferno,0.4984957754208878
1,-0.013248667616155396,-0.13570498209052423,0.48863636363636365,0.00560897435897436,-0.02548076923076923,-0.005329982084273821,-0.012544476883955047,0.10685175079515569,0.12251960638472575,0.06856245664515576,0.07167646777999154,0,1780599572.0,hltv_2394860_108715_liquid_vs_heroic_m2_inferno,de_inferno,0.5053807021536155
1,-0.040802357606784606,-0.009184894053315129,0.5436046511627907,-0.006334841628959281,-0.0812217194570136,-0.12021899943892234,0.05331562202383272,-0.026653012663080566,0.0410587897420735,0.008988001913634303,-0.0013030495549553045,1,1780852777.0,hltv_2394885_108789_b8_vs_gamerlegion_m2_mirage,de_mirage,0.5218907311793448
0,-0.040802357606784606,-0.009184894053315129,0.45639534883720934,-0.006334841628959281,-0.0812217194570136,-0.12021899943892234,0.05331562202383272,-0.026653012663080566,0.0410587897420735,0.008988001913634303,-0.0013030495549553045,0,1780852777.0,hltv_2394885_108789_b8_vs_gamerlegion_m2_mirage,de_mirage,0.5291247914802464
1,-0.13217423898385022,-0.12147461724415792,0.5488505747126436,-0.044871794871794865,-0.009599358974358943,-0.13414463941822508,-0.09651264553004713,-0.023160474507928963,-0.04085878549783917,0.000965505288881563,0.018413821120685958,1,1780853928.0,hltv_2394888_108788_spirit_vs_9z_m1_mirage,de_mirage,0.5260856302698674
0,-0.13217423898385022,-0.12147461724415792,0.45114942528735635,-0.044871794871794865,-0.009599358974358943,-0.13414463941822508,-0.09651264553004713,-0.023160474507928963,-0.04085878549783917,0.000965505288881563,0.018413821120685958,0,1780853928.0,hltv_2394888_108788_spirit_vs_9z_m1_mirage,de_mirage,0.5321956047889416
0,-0.20068578399411288,-0.11485076657897125,0.44999999999999996,-0.03990800865800866,0.006412337662337647,0.0006606629107531736,-0.04240382032829665,-0.09634664950156047,-0.12119827641833453,-0.05359382007339031,-0.055510783286100374,0,1780856706.0,hltv_2394888_108788_spirit_vs_9z_m2_nuke,de_nuke,0.5277094846333953
1,-0.20068578399411288,-0.11485076657897125,0.55,-0.03990800865800866,0.006412337662337647,0.0006606629107531736,-0.04240382032829665,-0.09634664950156047,-0.12119827641833453,-0.05359382007339031,-0.055510783286100374,0,1780856706.0,hltv_2394888_108788_spirit_vs_9z_m2_nuke,de_nuke,0.5224439713695599
0,-0.018696202870987368,-0.009350163627863561,0.4508928571428571,-0.014814814814814808,-0.07592592592592591,-0.0034828567228192275,0.01778346756836352,0.06047619440377394,0.06357281551065236,0.04000334079188922,0.029874691417353272,1,1780857014.0,hltv_2394885_108789_b8_vs_gamerlegion_m3_nuke,de_nuke,0.5043324797924285
1,-0.018696202870987368,-0.009350163627863561,0.5491071428571429,-0.014814814814814808,-0.07592592592592591,-0.0034828567228192275,0.01778346756836352,0.06047619440377394,0.06357281551065236,0.04000334079188922,0.029874691417353272,0,1780857014.0,hltv_2394885_108789_b8_vs_gamerlegion_m3_nuke,de_nuke,0.49998581537487047
0,0.04999651386825607,0.025482417804074453,0.6057692307692308,-0.05333333333333333,-0.06712519936204148,0.30373865842782355,0.2874423467217718,0.1025929240220097,0.16552332429636835,-0.01562705125521724,0.039238885731518125,0,1780861805.0,hltv_2394887_108793_g2_vs_fut_m1_anubis,de_anubis,0.4822018509370532
1,0.04999651386825607,0.025482417804074453,0.3942307692307692,-0.05333333333333333,-0.06712519936204148,0.30373865842782355,0.2874423467217718,0.1025929240220097,0.16552332429636835,-0.01562705125521724,0.039238885731518125,0,1780861805.0,hltv_2394887_108793_g2_vs_fut_m1_anubis,de_anubis,0.49693709638469424
0,0.04999651386825607,-0.015873015873015817,0.5060975609756098,-0.05206229143492771,-0.06585687801260662,-0.001158734163310915,0.005944693917195931,-0.029289770984816776,-0.03449124354639094,-0.017006013722291435,-0.009504350767168879,0,1780865545.0,hltv_2394887_108793_g2_vs_fut_m2_overpass,de_overpass,0.4949869740878643
1,0.04999651386825607,-0.015873015873015817,0.49390243902439024,-0.05206229143492771,-0.06585687801260662,-0.001158734163310915,0.005944693917195931,-0.029289770984816776,-0.03449124354639094,-0.017006013722291435,-0.009504350767168879,1,1780865545.0,hltv_2394887_108793_g2_vs_fut_m2_overpass,de_overpass,0.500353394783095
0,0.04999651386825607,-0.015832042677680236,0.4962121212121212,-0.05080128205128205,-0.06451465201465201,0.010046225675541254,0.014509529570425284,0.016729930940771964,0.07618703452616737,0.004846038430067756,0.033266969045465444,1,1780868520.0,hltv_2394887_108793_g2_vs_fut_m3_ancient,de_ancient,0.4922887883358009
1,0.04999651386825607,-0.015832042677680236,0.5037878787878788,-0.05080128205128205,-0.06451465201465201,0.010046225675541254,0.014509529570425284,0.016729930940771964,0.07618703452616737,0.004846038430067756,0.033266969045465444,1,1780868520.0,hltv_2394887_108793_g2_vs_fut_m3_ancient,de_ancient,0.4961903079650425
0,-0.31513935426438733,-0.017271272339290433,0.4605263157894737,-0.06647727272727273,-0.1377840909090909,0.022539532884918945,0.08318345543485361,0.015357750664956815,0.04817449919241057,0.04757944738247222,0.053078956187725346,1,1780923351.0,hltv_2394889_108803_astralis_vs_pain_m1_nuke,de_nuke,0.45463801293671335
1,-0.31513935426438733,-0.017271272339290433,0.5394736842105263,-0.06647727272727273,-0.1377840909090909,0.022539532884918945,0.08318345543485361,0.015357750664956815,0.04817449919241057,0.04757944738247222,0.053078956187725346,1,1780923351.0,hltv_2394889_108803_astralis_vs_pain_m1_nuke,de_nuke,0.4487848412267589
1,-0.21838222449929526,0.04936974789915971,0.5059523809523809,-0.060606060606060615,-0.12575757575757576,-0.0021233681444794428,-0.003864719517319204,-0.0590639677485254,-0.07936470550426139,-0.026212803503214754,-0.041344316092899513,1,1780926388.0,hltv_2394889_108803_astralis_vs_pain_m2_overpass,de_overpass,0.5081514102353082
0,-0.21838222449929526,0.04936974789915971,0.49404761904761907,-0.060606060606060615,-0.12575757575757576,-0.0021233681444794428,-0.003864719517319204,-0.0590639677485254,-0.07936470550426139,-0.026212803503214754,-0.041344316092899513,0,1780926388.0,hltv_2394889_108803_astralis_vs_pain_m2_overpass,de_overpass,0.5078834103529195
0,0.10668461484948562,0.3677234927234927,0.4612068965517241,-0.03620689655172414,-0.11206896551724137,-0.00220288877187802,-0.020065713815967168,0.05563945657599556,0.030850842171193216,0.03790029539114992,0.01901552138563012,0,1780926529.0,hltv_2394890_108804_mibr_vs_b8_m2_nuke,de_nuke,0.49843161972570255
1,0.10668461484948562,0.3677234927234927,0.5387931034482759,-0.03620689655172414,-0.11206896551724137,-0.00220288877187802,-0.020065713815967168,0.05563945657599556,0.030850842171193216,0.03790029539114992,0.01901552138563012,1,1780926529.0,hltv_2394890_108804_mibr_vs_b8_m2_nuke,de_nuke,0.5004628290857548
1,0.0047502715043541595,0.261437908496732,0.503731343283582,0.016666666666666677,-0.13,-0.0033513241663427062,-0.0147183569643069,-0.012999045863137604,-0.029484814574199825,-0.01219163830090958,-0.009876888069587086,1,1780929912.0,hltv_2394890_108804_mibr_vs_b8_m3_ancient,de_ancient,0.5040904478841465
0,0.0047502715043541595,0.261437908496732,0.49626865671641796,0.016666666666666677,-0.13,-0.0033513241663427062,-0.0147183569643069,-0.012999045863137604,-0.029484814574199825,-0.01219163830090958,-0.009876888069587086,1,1780929912.0,hltv_2394890_108804_mibr_vs_b8_m3_ancient,de_ancient,0.505509193174899
0,0.4742807531879175,-0.09865900383141768,0.4533898305084746,-0.02386363636363636,0.04204545454545454,0.020498568729195865,0.07928824196347206,0.07721113358992532,0.13449428973601402,0.05931735367861263,0.06441814890867537,1,1780931748.0,hltv_2394891_108807_monte_vs_betboom_m1_nuke,de_nuke,0.506550171284077
1,0.4742807531879175,-0.09865900383141768,0.5466101694915254,-0.02386363636363636,0.04204545454545454,0.020498568729195865,0.07928824196347206,0.07721113358992532,0.13449428973601402,0.05931735367861263,0.06441814890867537,1,1780931748.0,hltv_2394891_108807_monte_vs_betboom_m1_nuke,de_nuke,0.5089979640488639
0,0.08039719858681957,-0.047766749379652584,0.4825581395348837,0.03128205128205128,0.12564102564102564,-0.16655074460765285,-0.1973045170661311,-0.17425466768954923,-0.17698661930915416,0.001887693156204795,-0.07108924127672622,1,1780934369.0,hltv_2394892_108806_tyloo_vs_9z_m1_overpass,de_overpass,0.5144743403077717
1,0.08039719858681957,-0.047766749379652584,0.5174418604651163,0.03128205128205128,0.12564102564102564,-0.16655074460765285,-0.1973045170661311,-0.17425466768954923,-0.17698661930915416,0.001887693156204795,-0.07108924127672622,1,1780934369.0,hltv_2394892_108806_tyloo_vs_9z_m1_overpass,de_overpass,0.5142273669255732
1,0.4742807531879175,0.012195121951219523,0.5533707865168539,-0.022222222222222223,0.036111111111111115,0.008285803005026848,0.03740193692399463,0.022686391396391503,0.06804485702822483,0.01641640353289564,0.020533645609761897,0,1780934957.0,hltv_2394891_108807_monte_vs_betboom_m2_mirage,de_mirage,0.5222996604466855
0,0.4742807531879175,0.012195121951219523,0.4466292134831461,-0.022222222222222223,0.036111111111111115,0.008285803005026848,0.03740193692399463,0.022686391396391503,0.06804485702822483,0.01641640353289564,0.020533645609761897,1,1780934957.0,hltv_2394891_108807_monte_vs_betboom_m2_mirage,de_mirage,0.5212774308334382
1,0.08039719858681957,0.02184858838338427,0.4891304347826087,0.029464285714285714,0.11785714285714285,0.009510315611329867,0.01034926401823491,0.03614067165288454,0.049860769757818946,0.02710594006710315,-0.018395088771794854,0,1780938041.0,hltv_2394892_108806_tyloo_vs_9z_m2_inferno,de_inferno,0.5245957713805044
0,0.08039719858681957,0.02184858838338427,0.5108695652173914,0.029464285714285714,0.11785714285714285,0.009510315611329867,0.01034926401823491,0.03614067165288454,0.049860769757818946,0.02710594006710315,-0.018395088771794854,1,1780938041.0,hltv_2394892_108806_tyloo_vs_9z_m2_inferno,de_inferno,0.5249694401542203
0,0.4742807531879175,0.010869565217391353,0.47187500000000004,-0.02076923076923077,0.03153846153846153,-0.00469195152824442,-0.002503789445488347,-0.005711377463421319,-0.04746849397013675,-0.004655823009460935,-0.025358820174913144,1,1780938646.0,hltv_2394891_108807_monte_vs_betboom_m3_dust2,de_dust2,0.5180850499461812
1,0.4742807531879175,0.010869565217391353,0.528125,-0.02076923076923077,0.03153846153846153,-0.00469195152824442,-0.002503789445488347,-0.005711377463421319,-0.04746849397013675,-0.004655823009460935,-0.025358820174913144,0,1780938646.0,hltv_2394891_108807_monte_vs_betboom_m3_dust2,de_dust2,0.5184540627895479
0,0.07500747748647199,-0.047169811320754707,0.4783950617283951,-0.015000000000000001,0.0,-0.03565998118919411,0.027702958128027033,0.004369195311221263,0.061094836307585665,0.06297036602962125,0.00430426780311971,1,1780942484.0,hltv_2394894_108812_m80_vs_legacy_m1_dust2,de_dust2,0.5295445086542804
1,0.07500747748647199,-0.047169811320754707,0.5216049382716049,-0.015000000000000001,0.0,-0.03565998118919411,0.027702958128027033,0.004369195311221263,0.061094836307585665,0.06297036602962125,0.00430426780311971,0,1780942484.0,hltv_2394894_108812_m80_vs_legacy_m1_dust2,de_dust2,0.529450659379736
0,0.31434734397665764,0.017857142857142905,0.4541666666666667,0.016483516483516484,-0.020329670329670327,-0.4491135952616449,-0.3587825534366702,0.0375501463520565,0.07826010464983302,0.0888920615169429,0.13451966190701253,1,1781009060.0,hltv_2394895_108825_monte_vs_pain_m1_nuke,de_nuke,0.4849483310210407
1,0.31434734397665764,0.017857142857142905,0.5458333333333333,0.016483516483516484,-0.020329670329670327,-0.4491135952616449,-0.3587825534366702,0.0375501463520565,0.07826010464983302,0.0888920615169429,0.13451966190701253,0,1781009060.0,hltv_2394895_108825_monte_vs_pain_m1_nuke,de_nuke,0.48877485228389145
1,0.31434734397665764,0.016393442622950838,0.5152439024390244,0.014404761904761906,-0.01904761904761905,0.003906300546800079,-0.025255531346410343,-0.0979871345740656,-0.16578504886714499,-0.05540579496686843,-0.06681637279709596,1,1781013382.0,hltv_2394895_108825_monte_vs_pain_m2_dust2,de_dust2,0.5254671784313526
0,0.31434734397665764,0.016393442622950838,0.4847560975609756,0.014404761904761906,-0.01904761904761905,0.003906300546800079,-0.025255531346410343,-0.0979871345740656,-0.16578504886714499,-0.05540579496686843,-0.06681637279709596,1,1781013382.0,hltv_2394895_108825_monte_vs_pain_m2_dust2,de_dust2,0.5253890787306932
0,0.2877529366405927,0.03328544061302685,0.4527777777777777,-0.004242424242424242,0.03878787878787879,0.11952854680343628,0.10364935839689421,-0.03903037573854401,0.012504603912995405,0.02484679088802655,-0.01524809140960709,0,1781018469.0,hltv_2394896_108829_legacy_vs_tyloo_m1_mirage,de_mirage,0.525143256510368
1,0.2877529366405927,0.03328544061302685,0.5472222222222223,-0.004242424242424242,0.03878787878787879,0.11952854680343628,0.10364935839689421,-0.03903037573854401,0.012504603912995405,0.02484679088802655,-0.01524809140960709,0,1781018469.0,hltv_2394896_108829_legacy_vs_tyloo_m1_mirage,de_mirage,0.5216398862937782
1,0.2877529366405927,-0.04040404040404039,0.4823943661971831,-0.0041666666666666675,0.035416666666666666,-0.005897646773126652,0.02395934045225373,0.0005109652056957126,0.03982242509561407,0.005946640155806315,0.008615769253620897,1,1781021694.0,hltv_2394896_108829_legacy_vs_tyloo_m2_inferno,de_inferno,0.5433325151254064
0,0.2877529366405927,-0.04040404040404039,0.5176056338028169,-0.0041666666666666675,0.035416666666666666,-0.005897646773126652,0.02395934045225373,0.0005109652056957126,0.03982242509561407,0.005946640155806315,0.008615769253620897,0,1781021694.0,hltv_2394896_108829_legacy_vs_tyloo_m2_inferno,de_inferno,0.5331568618505939
1,0.2961829283317777,-0.2272727272727273,0.5150602409638554,-0.06458333333333334,-0.11979166666666669,0.003278981166614736,0.029861736737917255,0.025667398174811007,0.12391689959799296,0.02233792829248854,0.054620992974113824,1,1781033897.0,hltv_2394897_108830_big_vs_b8_m3_dust2,de_dust2,0.5380089022327761
0,0.2961829283317777,-0.2272727272727273,0.4849397590361446,-0.06458333333333334,-0.11979166666666669,0.003278981166614736,0.029861736737917255,0.025667398174811007,0.12391689959799296,0.02233792829248854,0.054620992974113824,0,1781033897.0,hltv_2394897_108830_big_vs_b8_m3_dust2,de_dust2,0.5359314814300545
1,0.08311579030501795,-0.03881023348236462,0.5170454545454546,0.07549019607843135,0.049019607843137275,-0.19020597948823403,-0.0839772462801785,-0.16476283901438143,-0.16117637322585388,0.022946845569270735,-0.07104218686260666,0,1781170709.0,hltv_2394903_108851_parivision_vs_9z_m1_overpass,de_overpass,0.5200279968346041
0,0.08311579030501795,-0.03881023348236462,0.4829545454545454,0.07549019607843135,0.049019607843137275,-0.19020597948823403,-0.0839772462801785,-0.16476283901438143,-0.16117637322585388,0.022946845569270735,-0.07104218686260666,0,1781170709.0,hltv_2394903_108851_parivision_vs_9z_m1_overpass,de_overpass,0.5186168759840429
0,0.00831433041013023,-0.07950125829329674,0.47916666666666663,0.07177177177177178,0.04549549549549549,-0.06715049040209814,-0.04412105280422057,-0.10929531797860936,-0.12050906356426694,-0.09304050755576265,-0.08833420981959605,0,1781174454.0,hltv_2394903_108851_parivision_vs_9z_m2_dust2,de_dust2,0.5799694283575706
1,0.00831433041013023,-0.07950125829329674,0.5208333333333334,0.07177177177177178,0.04549549549549549,-0.06715049040209814,-0.04412105280422057,-0.10929531797860936,-0.12050906356426694,-0.09304050755576265,-0.08833420981959605,0,1781174454.0,hltv_2394903_108851_parivision_vs_9z_m2_dust2,de_dust2,0.5792045784905581
1,0.04397545811420272,-0.08179913186648713,0.5467032967032966,-0.08912248421243923,-0.08504242197083278,0.2933214539504033,0.3481987878348307,0.02697426626413013,0.06128405430560524,-0.03234712998250533,-0.0005261954557614357,0,1781175061.0,hltv_2394904_108852_the_mongolz_vs_betboom_m2_mirage,de_mirage,0.511818442606841
0,0.04397545811420272,-0.08179913186648713,0.45329670329670335,-0.08912248421243923,-0.08504242197083278,0.2933214539504033,0.3481987878348307,0.02697426626413013,0.06128405430560524,-0.03234712998250533,-0.0005261954557614357,0,1781175061.0,hltv_2394904_108852_the_mongolz_vs_betboom_m2_mirage,de_mirage,0.5128965079930825
0,0.10002512635439634,-0.14233193277310918,0.48913043478260865,-0.06834498834498834,-0.09005827505827506,0.00011156925511784932,0.003624952027408035,0.0701458838543838,0.10630743321147385,0.04279088066318637,0.034973883167415454,0,1781178876.0,hltv_2394904_108852_the_mongolz_vs_betboom_m3_ancient,de_ancient,0.5128847842683129
1,0.10002512635439634,-0.14233193277310918,0.5108695652173914,-0.06834498834498834,-0.09005827505827506,0.00011156925511784932,0.003624952027408035,0.0701458838543838,0.10630743321147385,0.04279088066318637,0.034973883167415454,1,1781178876.0,hltv_2394904_108852_the_mongolz_vs_betboom_m3_ancient,de_ancient,0.5137571112613474
0,0.11995230472364199,-0.06235622740716401,0.4794117647058823,-0.04263236763236762,-0.03450924075924075,0.08839784550120222,-0.023205949000104198,0.10037767413243404,0.11734550289903345,-0.0039413892042565735,0.032775471316151494,0,1781182457.0,hltv_2394905_108855_mouz_vs_legacy_m1_dust2,de_dust2,0.5198118669208228
1,0.11995230472364199,-0.06235622740716401,0.5205882352941177,-0.04263236763236762,-0.03450924075924075,0.08839784550120222,-0.023205949000104198,0.10037767413243404,0.11734550289903345,-0.0039413892042565735,0.032775471316151494,1,1781182457.0,hltv_2394905_108855_mouz_vs_legacy_m1_dust2,de_dust2,0.5198413250486277
0,0.2520327897345193,0.004946769968229181,0.6018518518518519,0.02719079528336192,0.016430315308295668,0.09417141231604764,0.021489603412673475,0.01689161516317722,-0.04567877176576224,-0.02834725324088333,-0.02695312471153616,1,1781182721.0,hltv_2394898_108857_vitality_vs_fut_m1_anubis,de_anubis,0.5146163784014907
1,0.2520327897345193,0.004946769968229181,0.39814814814814814,0.02719079528336192,0.016430315308295668,0.09417141231604764,0.021489603412673475,0.01689161516317722,-0.04567877176576224,-0.02834725324088333,-0.02695312471153616,0,1781182721.0,hltv_2394898_108857_vitality_vs_fut_m1_anubis,de_anubis,0.5264847364559847
0,0.22362474989539752,0.0053511970826066735,0.4833333333333333,0.031724924012158054,0.015425531914893625,-0.007979199816789073,-0.016437501045610703,-0.1218823440894592,-0.18651206241114646,-0.05993694906271463,-0.07901291871577837,1,1781185750.0,hltv_2394898_108857_vitality_vs_fut_m2_overpass,de_overpass,0.50246342421639
1,0.22362474989539752,0.0053511970826066735,0.5166666666666667,0.031724924012158054,0.015425531914893625,-0.007979199816789073,-0.016437501045610703,-0.1218823440894592,-0.18651206241114646,-0.05993694906271463,-0.07901291871577837,1,1781185750.0,hltv_2394898_108857_vitality_vs_fut_m2_overpass,de_overpass,0.5022184787061549
1,0.24540457571417815,0.03124059018367964,0.5368852459016393,0.03601750261233021,0.01616379310344826,0.06829358969277122,0.024450586516116618,0.09979837175450246,0.07700404125478033,0.06861683788128808,0.0544998732991811,1,1781189235.0,hltv_2394898_108857_vitality_vs_fut_m3_nuke,de_nuke,0.5119434464102305
0,0.24540457571417815,0.03124059018367964,0.46311475409836067,0.03601750261233021,0.01616379310344826,0.06829358969277122,0.024450586516116618,0.09979837175450246,0.07700404125478033,0.06861683788128808,0.0544998732991811,1,1781189235.0,hltv_2394898_108857_vitality_vs_fut_m3_nuke,de_nuke,0.5127293018653578
1,0.1068503936077285,-0.010964912280701733,0.5461956521739131,0.0018181818181818299,-0.025656565656565655,0.10836958249664541,0.12710214462751573,0.013693530315908031,0.007616117983478499,-0.016925353441888835,-0.011167494433131975,0,1781190573.0,hltv_2394901_108860_furia_vs_b8_m1_mirage,de_mirage,0.5341049844280504
0,0.1068503936077285,-0.010964912280701733,0.4538043478260869,0.0018181818181818299,-0.025656565656565655,0.10836958249664541,0.12710214462751573,0.013693530315908031,0.007616117983478499,-0.016925353441888835,-0.011167494433131975,0,1781190573.0,hltv_2394901_108860_furia_vs_b8_m1_mirage,de_mirage,0.5294662512378013
1,-0.02187792174800718,-0.05811676390192155,0.4895833333333333,0.03724136934323449,0.024949999958109238,-0.07170124668897371,-0.03048457333347604,-0.11404085474627107,-0.11255405636385224,0.0010898589315767038,-0.030471457012507752,1,1781193716.0,hltv_2394899_108862_falcons_vs_g2_m1_inferno,de_inferno,0.5274159732313437
0,-0.02187792174800718,-0.05811676390192155,0.5104166666666667,0.03724136934323449,0.024949999958109238,-0.07170124668897371,-0.03048457333347604,-0.11404085474627107,-0.11255405636385224,0.0010898589315767038,-0.030471457012507752,1,1781193716.0,hltv_2394899_108862_falcons_vs_g2_m1_inferno,de_inferno,0.5331738057084509
1,0.11338817072534454,-0.03591009451983429,0.4897260273972603,-0.0034526854219948805,-0.026854219948849123,0.0010866431650943809,0.008066458487277162,-0.001702712549100427,0.06147518433712351,0.004434660103693033,0.024746668838429298,1,1781194037.0,hltv_2394901_108860_furia_vs_b8_m2_inferno,de_inferno,0.5219320914650726
0,0.11338817072534454,-0.03591009451983429,0.5102739726027397,-0.0034526854219948805,-0.026854219948849123,0.0010866431650943809,0.008066458487277162,-0.001702712549100427,0.06147518433712351,0.004434660103693033,0.024746668838429298,1,1781194037.0,hltv_2394901_108860_furia_vs_b8_m2_inferno,de_inferno,0.5288345136670933
0,-0.030901168419145447,-0.023989898989899006,0.47383720930232553,0.036349278368334625,0.030081669691470067,-0.0007655581847396675,0.00491817998063232,-0.0938287961590516,-0.10426724994789688,-0.04548223239213356,-0.06128700527242137,1,1781197632.0,hltv_2394899_108862_falcons_vs_g2_m2_dust2,de_dust2,0.522456311529273
1,-0.030901168419145447,-0.023989898989899006,0.5261627906976745,0.036349278368334625,0.030081669691470067,-0.0007655581847396675,0.00491817998063232,-0.0938287961590516,-0.10426724994789688,-0.04548223239213356,-0.06128700527242137,0,1781197632.0,hltv_2394899_108862_falcons_vs_g2_m2_dust2,de_dust2,0.5238746648604226
1,0.46466670369896257,0.009959191605130202,0.5362903225806451,0.058673469387755105,0.1177295918367347,-0.00901331121051241,-0.045436259876190876,-0.06172172200982923,-0.07667877447311056,0.018341128022799857,0.007179234840162474,1,1781198541.0,hltv_2394902_108861_aurora_vs_monte_m1_nuke,de_nuke,0.5362557715735751
0,0.46466670369896257,0.009959191605130202,0.46370967741935487,0.058673469387755105,0.1177295918367347,-0.00901331121051241,-0.045436259876190876,-0.06172172200982923,-0.07667877447311056,0.018341128022799857,0.007179234840162474,0,1781198541.0,hltv_2394902_108861_aurora_vs_monte_m1_nuke,de_nuke,0.5320100788242921
1,0.40079652073527433,0.008646245059288515,0.38392857142857145,0.05458823529411764,0.10882352941176471,0.0008008418094063718,-0.013554455448822278,0.04231351066329331,-0.0073638709434576954,0.02890959655711678,0.021018070306723202,1,1781202396.0,hltv_2394902_108861_aurora_vs_monte_m2_anubis,de_anubis,0.5322236031123466
0,0.40079652073527433,0.008646245059288515,0.6160714285714286,0.05458823529411764,0.10882352941176471,0.0008008418094063718,-0.013554455448822278,0.04231351066329331,-0.0073638709434576954,0.02890959655711678,0.021018070306723202,1,1781202396.0,hltv_2394902_108861_aurora_vs_monte_m2_anubis,de_anubis,0.5511824421355737
1,-0.0033960191442554757,-0.022634928625364092,0.5178571428571429,0.028152769899792027,0.03199113958307848,-0.004704929176238881,0.05381797619949191,0.06097245761394787,0.03206478073705665,0.03395988673823225,0.024289445980897106,0,1781202452.0,hltv_2394899_108862_falcons_vs_g2_m3_ancient,de_ancient,0.5556883123354666
0,-0.0033960191442554757,-0.022634928625364092,0.4821428571428571,0.028152769899792027,0.03199113958307848,-0.004704929176238881,0.05381797619949191,0.06097245761394787,0.03206478073705665,0.03395988673823225,0.024289445980897106,0,1781202452.0,hltv_2394899_108862_falcons_vs_g2_m3_ancient,de_ancient,0.5559718172969733
1,-0.06344389830764664,-0.012447823494335153,0.5201149425287356,0.03529411764705881,0.04803921568627448,0.067434885007842,0.13426245860620756,-0.05556685799467875,-0.12503034267991076,-0.04848008819267946,-0.05934081364491722,0,1781205746.0,hltv_2394900_108864_natus_vincere_vs_spirit_m1_dust2,de_dust2,0.5454809728907573
0,-0.06344389830764664,-0.012447823494335153,0.4798850574712644,0.03529411764705881,0.04803921568627448,0.067434885007842,0.13426245860620756,-0.05556685799467875,-0.12503034267991076,-0.04848008819267946,-0.05934081364491722,0,1781205746.0,hltv_2394900_108864_natus_vincere_vs_spirit_m1_dust2,de_dust2,0.5454746548301186
1,-0.08550642963436636,-0.03651134780247034,0.3879310344827586,0.030463980463980453,0.03952991452991453,-0.009190235047877193,-0.042660708502809785,-0.161412217916294,-0.15551184804926854,-0.09128362189530154,-0.062040337768881015,1,1781209761.0,hltv_2394900_108864_natus_vincere_vs_spirit_m2_anubis,de_anubis,0.5387042604873471
0,-0.08550642963436636,-0.03651134780247034,0.6120689655172413,0.030463980463980453,0.03952991452991453,-0.009190235047877193,-0.042660708502809785,-0.161412217916294,-0.15551184804926854,-0.09128362189530154,-0.062040337768881015,1,1781209761.0,hltv_2394900_108864_natus_vincere_vs_spirit_m2_anubis,de_anubis,0.5379171640937893
0,-0.0083226333242667,-0.1028368794326241,0.45430107526881724,-0.0036584440227703935,0.0018227161832474748,0.03334716102187152,-0.14535529231392724,0.0028492274654370875,-0.09296407914340316,-0.016632578057987235,-0.0037083260306073895,0,1781258589.0,hltv_2394972_108871_the_mongolz_vs_b8_m1_mirage,de_mirage,0.5434314892709528
1,-0.0083226333242667,-0.1028368794326241,0.5456989247311828,-0.0036584440227703935,0.0018227161832474748,0.03334716102187152,-0.14535529231392724,0.0028492274654370875,-0.09296407914340316,-0.016632578057987235,-0.0037083260306073895,1,1781258589.0,hltv_2394972_108871_the_mongolz_vs_b8_m1_mirage,de_mirage,0.5418412876678523
0,0.13927834446066498,0.00036536353671901,0.5101351351351351,0.03598760903236326,0.05721558077865532,0.039155604767202146,-0.006828555883215237,-0.008579402040348239,0.01764907696181517,-0.0029775557538345154,0.0350402474975936,1,1781261316.0,hltv_2394971_108874_furia_vs_mouz_m2_inferno,de_inferno,0.5317613301260486
1,0.13927834446066498,0.00036536353671901,0.48986486486486486,0.03598760903236326,0.05721558077865532,0.039155604767202146,-0.006828555883215237,-0.008579402040348239,0.01764907696181517,-0.0029775557538345154,0.0350402474975936,0,1781261316.0,hltv_2394971_108874_furia_vs_mouz_m2_inferno,de_inferno,0.5431113280018265
1,-0.009167644277822063,-0.09931506849315064,0.5163043478260869,-0.003182997557997544,-0.00299755799755802,-0.0010303971042206483,0.004252779667332285,0.016595410918704978,0.046242327991224186,0.007739031968077181,0.016009416621458605,0,1781261599.0,hltv_2394972_108871_the_mongolz_vs_b8_m2_overpass,de_overpass,0.5227801014561861
0,-0.009167644277822063,-0.09931506849315064,0.4836956521739131,-0.003182997557997544,-0.00299755799755802,-0.0010303971042206483,0.004252779667332285,0.016595410918704978,0.046242327991224186,0.007739031968077181,0.016009416621458605,0,1781261599.0,hltv_2394972_108871_the_mongolz_vs_b8_m2_overpass,de_overpass,0.5173531327551476
1,0.11688633564261583,0.00029394473838917357,0.5159574468085106,0.03101449275362321,0.058876811594202924,0.004646558199227879,-0.018825680858962635,-0.0655984071561172,-0.16606296033022405,-0.04156093417749457,-0.0668844467208396,1,1781265094.0,hltv_2394971_108874_furia_vs_mouz_m3_overpass,de_overpass,0.5470548174330181
0,0.11688633564261583,0.00029394473838917357,0.48404255319148937,0.03101449275362321,0.058876811594202924,0.004646558199227879,-0.018825680858962635,-0.0655984071561172,-0.16606296033022405,-0.04156093417749457,-0.0668844467208396,0,1781265094.0,hltv_2394971_108874_furia_vs_mouz_m3_overpass,de_overpass,0.5412341774855209
0,-0.31841541253785005,0.06281687002061398,0.44946808510638303,-0.08538011695906432,-0.12426900584795322,-0.10203738066196999,0.049380694712255646,-0.13136680174613952,-0.07584804671970047,0.008472692049731834,-0.009812307200767312,1,1781266680.0,hltv_2394974_108877_parivision_vs_monte_m1_mirage,de_mirage,0.48271092629218737
1,-0.31841541253785005,0.06281687002061398,0.550531914893617,-0.08538011695906432,-0.12426900584795322,-0.10203738066196999,0.049380694712255646,-0.13136680174613952,-0.07584804671970047,0.008472692049731834,-0.009812307200767312,1,1781266680.0,hltv_2394974_108877_parivision_vs_monte_m1_mirage,de_mirage,0.464496013101873
0,-0.31211942975615825,0.10075242218099362,0.5166666666666666,-0.07341430499325238,-0.11943319838056682,-0.002779644906309997,-0.001299980837001835,-0.07426095335129512,-0.07337464919787656,-0.042173426534386216,-0.029675321308705982,1,1781274113.0,hltv_2394974_108877_parivision_vs_monte_m3_inferno,de_inferno,0.5084851204366819
1,-0.31211942975615825,0.10075242218099362,0.48333333333333334,-0.07341430499325238,-0.11943319838056682,-0.002779644906309997,-0.001299980837001835,-0.07426095335129512,-0.07337464919787656,-0.042173426534386216,-0.029675321308705982,1,1781274113.0,hltv_2394974_108877_parivision_vs_monte_m3_inferno,de_inferno,0.534590627398978
0,0.037991853794479113,0.06267188932411039,0.44999999999999996,-0.032131122719358016,-0.061659358129946384,0.10414391334208795,0.20049365133671315,0.060881104588167256,0.14575906776468311,-0.0072644789833214984,0.04505627433041681,1,1781275880.0,hltv_2394973_108878_fut_vs_g2_m3_mirage,de_mirage,0.557230359562976
1,0.037991853794479113,0.06267188932411039,0.55,-0.032131122719358016,-0.061659358129946384,0.10414391334208795,0.20049365133671315,0.060881104588167256,0.14575906776468311,-0.0072644789833214984,0.04505627433041681,1,1781275880.0,hltv_2394973_108878_fut_vs_g2_m3_mirage,de_mirage,0.5454660918300338
1,-0.01768925837381092,0.11513494172970767,0.48355263157894735,0.10983827493261455,0.13221024258760106,0.0860945039642218,0.1549399994292595,0.057376787990356004,0.06602199922869495,0.0403828839622829,0.05155339498354061,1,1781277823.0,hltv_2394976_108879_natus_vincere_vs_legacy_m1_inferno,de_inferno,0.4976791229110318
0,-0.01768925837381092,0.11513494172970767,0.5164473684210527,0.10983827493261455,0.13221024258760106,0.0860945039642218,0.1549399994292595,0.057376787990356004,0.06602199922869495,0.0403828839622829,0.05155339498354061,1,1781277823.0,hltv_2394976_108879_natus_vincere_vs_legacy_m1_inferno,de_inferno,0.4785443130432033
1,-0.06488028421137901,0.05922919293820933,0.5436507936507936,0.016953745179551623,0.026061035738455085,-0.01668706758410976,-0.03554030122414925,-0.038465498792924824,-0.02408040456709809,-0.0077324185406653645,-0.0018069895640031586,0,1781280214.0,hltv_2394975_108882_falcons_vs_betboom_m1_nuke,de_nuke,0.5335062951550691
0,-0.06488028421137901,0.05922919293820933,0.4563492063492064,0.016953745179551623,0.026061035738455085,-0.01668706758410976,-0.03554030122414925,-0.038465498792924824,-0.02408040456709809,-0.0077324185406653645,-0.0018069895640031586,1,1781280214.0,hltv_2394975_108882_falcons_vs_betboom_m1_nuke,de_nuke,0.5372475758904411
0,0.10591239980871593,0.15109890109890112,0.4823943661971831,0.11185185185185184,0.13333333333333336,-0.000951464756655529,0.0030386587640428564,0.14998844634143715,0.19814699925717916,0.08966446486904661,0.10065999329200376,1,1781281787.0,hltv_2394976_108879_natus_vincere_vs_legacy_m2_ancient,de_ancient,0.5265605651668716
1,0.10591239980871593,0.15109890109890112,0.5176056338028169,0.11185185185185184,0.13333333333333336,-0.000951464756655529,0.0030386587640428564,0.14998844634143715,0.19814699925717916,0.08966446486904661,0.10065999329200376,1,1781281787.0,hltv_2394976_108879_natus_vincere_vs_legacy_m2_ancient,de_ancient,0.5295932651166764
0,-0.06227148954892593,0.05612462654716177,0.48263888888888884,0.016380813953488366,0.032852297895902556,-0.004220269946826338,0.03149181561847625,0.05364581524971962,0.09987868214514894,0.023695669041672307,0.029193826605490136,0,1781284061.0,hltv_2394975_108882_falcons_vs_betboom_m2_ancient,de_ancient,0.5399108883334932
1,-0.06227148954892593,0.05612462654716177,0.5173611111111112,0.016380813953488366,0.032852297895902556,-0.004220269946826338,0.03149181561847625,0.05364581524971962,0.09987868214514894,0.023695669041672307,0.029193826605490136,1,1781284061.0,hltv_2394975_108882_falcons_vs_betboom_m2_ancient,de_ancient,0.5425988959102624
1,0.30985239498305994,0.07056451612903225,0.4837662337662338,0.05961331901181527,0.030290010741138573,-0.19019345016141453,-0.14037160336410343,-0.01100122578018653,0.05781064674512926,0.0707645113730726,0.04604723064032651,1,1781285355.0,hltv_2394978_108889_vitality_vs_9z_m1_inferno,de_inferno,0.5542879085797608
0,0.30985239498305994,0.07056451612903225,0.5162337662337662,0.05961331901181527,0.030290010741138573,-0.19019345016141453,-0.14037160336410343,-0.01100122578018653,0.05781064674512926,0.0707645113730726,0.04604723064032651,0,1781285355.0,hltv_2394978_108889_vitality_vs_9z_m1_inferno,de_inferno,0.552436723413566
1,-0.10843438503515458,-0.06691883814327082,0.5198863636363636,0.004403164774681806,0.01744066047471618,-0.09463301820791292,-0.0604002945140496,0.02780971261473797,0.04965372675997909,0.04368979849273319,0.026314552115722034,1,1781288436.0,hltv_2394977_108891_aurora_vs_spirit_m1_dust2,de_dust2,0.5512077505797517
0,-0.10843438503515458,-0.06691883814327082,0.48011363636363635,0.004403164774681806,0.01744066047471618,-0.09463301820791292,-0.0604002945140496,0.02780971261473797,0.04965372675997909,0.04368979849273319,0.026314552115722034,0,1781288436.0,hltv_2394977_108891_aurora_vs_spirit_m1_dust2,de_dust2,0.5511557636748325
0,0.34764074710410237,0.06916996047430835,0.45052083333333337,0.05699999999999998,0.024999999999999967,-0.010217507201117804,0.02131812167488678,0.12115823858027036,0.2280756958812707,0.07911026673201305,0.1006316176324123,0,1781289084.0,hltv_2394978_108889_vitality_vs_9z_m2_mirage,de_mirage,0.5512736196972813
1,0.34764074710410237,0.06916996047430835,0.5494791666666666,0.05699999999999998,0.024999999999999967,-0.010217507201117804,0.02131812167488678,0.12115823858027036,0.2280756958812707,0.07911026673201305,0.1006316176324123,0,1781289084.0,hltv_2394978_108889_vitality_vs_9z_m2_mirage,de_mirage,0.5508200290736006
1,-0.09601679544828923,-0.06506125897760884,0.39166666666666666,0.0024844074844074804,0.013856548856548856,-0.0009370972791798993,-0.005243770295814132,0.016240563260630614,-0.01259811656447396,0.013984945936927229,-0.002427865399500906,0,1781291889.0,hltv_2394977_108891_aurora_vs_spirit_m2_anubis,de_anubis,0.543330505925751
0,-0.09601679544828923,-0.06506125897760884,0.6083333333333334,0.0024844074844074804,0.013856548856548856,-0.0009370972791798993,-0.005243770295814132,0.016240563260630614,-0.01259811656447396,0.013984945936927229,-0.002427865399500906,0,1781291889.0,hltv_2394977_108891_aurora_vs_spirit_m2_anubis,de_anubis,0.545521488605156
1,0.3197056656363517,0.03499138673557278,0.5252808988764045,0.04789915966386557,0.017366946778711506,0.0007040615215763713,0.012004121733095563,0.01019373047110872,0.08196016113938354,0.004219526514306349,0.02138641525824242,1,1781293198.0,hltv_2394978_108889_vitality_vs_9z_m3_dust2,de_dust2,0.5378051960043444
0,0.3197056656363517,0.03499138673557278,0.4747191011235955,0.04789915966386557,0.017366946778711506,0.0007040615215763713,0.012004121733095563,0.01019373047110872,0.08196016113938354,0.004219526514306349,0.02138641525824242,1,1781293198.0,hltv_2394978_108889_vitality_vs_9z_m3_dust2,de_dust2,0.5380790032327323
1,-0.10408729011202977,-0.08683853459972868,0.53515625,0.0008275405494869298,0.011204899040052979,-0.0036086649006925597,-0.09023106027004457,-0.060559802538266316,-0.08756324764519074,-0.025971742817202825,-0.010652800410794527,1,1781295276.0,hltv_2394977_108891_aurora_vs_spirit_m3_nuke,de_nuke,0.5496701919304268
0,-0.10408729011202977,-0.08683853459972868,0.46484375,0.0008275405494869298,0.011204899040052979,-0.0036086649006925597,-0.09023106027004457,-0.060559802538266316,-0.08756324764519074,-0.025971742817202825,-0.010652800410794527,0,1781295276.0,hltv_2394977_108891_aurora_vs_spirit_m3_nuke,de_nuke,0.5499799339185966
1,0.08063625185510835,-0.049633141169183825,0.5423076923076923,0.02988215488215487,0.0025883838383838342,0.16268222809226773,0.1687776616139416,-0.08392560251964831,-0.11129542683512583,-0.08331649980672051,-0.04016725841154006,0,1781344144.0,hltv_2394979_108913_natus_vincere_vs_the_mongolz_m1_nuke,de_nuke,0.5515440452769677
0,0.08063625185510835,-0.049633141169183825,0.45769230769230773,0.02988215488215487,0.0025883838383838342,0.16268222809226773,0.1687776616139416,-0.08392560251964831,-0.11129542683512583,-0.08331649980672051,-0.04016725841154006,0,1781344144.0,hltv_2394979_108913_natus_vincere_vs_the_mongolz_m1_nuke,de_nuke,0.5519449338977925
1,-0.025221915938424714,-0.01329787234042551,0.525,0.021845808942583173,0.028033379001120934,-0.09728848290566194,-0.324239237758874,0.0155720844351806,-0.039848846274691374,-0.012302091887689992,-0.030743755094123415,0,1781344209.0,hltv_2394980_108910_b8_vs_fut_m1_dust2,de_dust2,0.541850954038664
0,-0.025221915938424714,-0.01329787234042551,0.475,0.021845808942583173,0.028033379001120934,-0.09728848290566194,-0.324239237758874,0.0155720844351806,-0.039848846274691374,-0.012302091887689992,-0.030743755094123415,0,1781344209.0,hltv_2394980_108910_b8_vs_fut_m1_dust2,de_dust2,0.541957737160241
0,-0.01418680527936721,-0.039873216198222705,0.4510309278350515,0.02092470760233918,0.024159356725146186,0.007261964132102117,0.05563824849107302,0.049178079352587556,0.12465534512096238,0.03273822874145077,0.04308218037046829,1,1781347848.0,hltv_2394980_108910_b8_vs_fut_m2_mirage,de_mirage,0.5369610895354457
1,-0.01418680527936721,-0.039873216198222705,0.5489690721649485,0.02092470760233918,0.024159356725146186,0.007261964132102117,0.05563824849107302,0.049178079352587556,0.12465534512096238,0.03273822874145077,0.04308218037046829,0,1781347848.0,hltv_2394980_108910_b8_vs_fut_m2_mirage,de_mirage,0.5376555369181404
0,0.07827886481636169,-0.07199646643109536,0.476027397260274,0.03029752441517146,0.006927095162389263,-0.006787433961696454,-0.006019735768889589,0.02525991227735669,0.04991075129893524,0.01623132466730065,0.021752204085337623,0,1781348777.0,hltv_2394979_108913_natus_vincere_vs_the_mongolz_m2_ancient,de_ancient,0.5272380868381172
1,0.07827886481636169,-0.07199646643109536,0.523972602739726,0.03029752441517146,0.006927095162389263,-0.006787433961696454,-0.006019735768889589,0.02525991227735669,0.04991075129893524,0.01623132466730065,0.021752204085337623,1,1781348777.0,hltv_2394979_108913_natus_vincere_vs_the_mongolz_m2_ancient,de_ancient,0.5282432560427149
1,-0.015919770010169202,-0.038839481774264384,0.5304054054054054,0.02566622566622566,0.015573615573615557,-0.0034811431457223985,-0.0049801359014308155,-0.004338363728872752,-0.05727981702506202,-0.007660294422145275,-0.021989639049001586,0,1781351736.0,hltv_2394980_108910_b8_vs_fut_m3_ancient,de_ancient,0.5296237125937319
0,-0.015919770010169202,-0.038839481774264384,0.4695945945945946,0.02566622566622566,0.015573615573615557,-0.0034811431457223985,-0.0049801359014308155,-0.004338363728872752,-0.05727981702506202,-0.007660294422145275,-0.021989639049001586,0,1781351736.0,hltv_2394980_108910_b8_vs_fut_m3_ancient,de_ancient,0.5288971031598023
1,0.08596548945919075,-0.06903467908902683,0.5433673469387755,0.02976550571831879,0.006513698038198956,0.0014224763952679353,-0.018792388468657217,0.016549623732353025,-0.03829385171560451,0.007518592993073003,0.0011568865599759781,0,1781352156.0,hltv_2394979_108913_natus_vincere_vs_the_mongolz_m3_mirage,de_mirage,0.5101086372237607
0,0.08596548945919075,-0.06903467908902683,0.45663265306122447,0.02976550571831879,0.006513698038198956,0.0014224763952679353,-0.018792388468657217,0.016549623732353025,-0.03829385171560451,0.007518592993073003,0.0011568865599759781,0,1781352156.0,hltv_2394979_108913_natus_vincere_vs_the_mongolz_m3_mirage,de_mirage,0.5156617321741579
1,0.30492917061754116,0.025229357798165153,0.49038461538461536,0.03206192358366272,0.038148880105401836,-0.21583928004991293,-0.1426043246572174,-0.1094836553080405,-0.11150205824736326,0.023387493872526255,-0.037002459395058585,0,1781356164.0,hltv_2394982_108924_falcons_vs_monte_m1_inferno,de_inferno,0.5773255611639266
0,0.30492917061754116,0.025229357798165153,0.5096153846153846,0.03206192358366272,0.038148880105401836,-0.21583928004991293,-0.1426043246572174,-0.1094836553080405,-0.11150205824736326,0.023387493872526255,-0.037002459395058585,0,1781356164.0,hltv_2394982_108924_falcons_vs_monte_m1_inferno,de_inferno,0.5542371931287499
1,-0.0014428694500733495,-0.11015175300889585,0.5260416666666666,0.04852029062555379,0.08327130958709905,0.17961201850605757,-0.06273763068179683,-0.06378752364500906,-0.15715246788372222,-0.06087494213401512,-0.09482143308746344,0,1781356366.0,hltv_2394981_108922_aurora_vs_g2_m1_overpass,de_overpass,0.47623169505643903
0,-0.0014428694500733495,-0.11015175300889585,0.47395833333333337,0.04852029062555379,0.08327130958709905,0.17961201850605757,-0.06273763068179683,-0.06378752364500906,-0.15715246788372222,-0.06087494213401512,-0.09482143308746344,1,1781356366.0,hltv_2394981_108922_aurora_vs_g2_m1_overpass,de_overpass,0.4738251990045644
1,0.01639241725653402,-0.10680140098447555,0.3951612903225806,0.047584878889226696,0.07644138470225427,-0.006942255163328581,-0.003434158955626626,0.03395844402345344,0.010954353581966836,0.028657367904123154,0.017339976316518457,1,1781360175.0,hltv_2394981_108922_aurora_vs_g2_m2_anubis,de_anubis,0.5030862993152809
0,0.01639241725653402,-0.10680140098447555,0.6048387096774194,0.047584878889226696,0.07644138470225427,-0.006942255163328581,-0.003434158955626626,0.03395844402345344,0.010954353581966836,0.028657367904123154,0.017339976316518457,1,1781360175.0,hltv_2394981_108922_aurora_vs_g2_m2_anubis,de_anubis,0.46012657345387104
0,0.31377412820688233,-0.009695233349941823,0.47527472527472525,0.030434868983054204,0.031278383693903095,-0.0011184633816064826,0.0007377404460460202,0.061784989678261015,0.06987871478413327,0.03932121634453467,0.048179132041193784,1,1781360418.0,hltv_2394982_108924_falcons_vs_monte_m2_dust2,de_dust2,0.516423372207433
1,0.31377412820688233,-0.009695233349941823,0.5247252747252747,0.030434868983054204,0.031278383693903095,-0.0011184633816064826,0.0007377404460460202,0.061784989678261015,0.06987871478413327,0.03932121634453467,0.048179132041193784,0,1781360418.0,hltv_2394982_108924_falcons_vs_monte_m2_dust2,de_dust2,0.5171659557856398
1,0.2807876546693435,0.07684920230488806,0.5429292929292929,0.06040599757140596,0.07078858449645574,0.3283746659126209,0.3111786515209647,0.015533036927784571,0.08486193662129654,-0.06939608985970491,0.007878056854512205,1,1781364387.0,hltv_2394983_108931_vitality_vs_mouz_m1_mirage,de_mirage,0.5194108128932796
0,0.2807876546693435,0.07684920230488806,0.45707070707070707,0.06040599757140596,0.07078858449645574,0.3283746659126209,0.3111786515209647,0.015533036927784571,0.08486193662129654,-0.06939608985970491,0.007878056854512205,1,1781364387.0,hltv_2394983_108931_vitality_vs_mouz_m1_mirage,de_mirage,0.522087802931423
1,0.24088275660656036,-0.008965999068467623,0.5425,0.02821099190664407,0.031759599096555624,0.005491837642258135,-0.011475756454988773,-0.08019581225846656,-0.10825680106057067,-0.0436621786570513,-0.04454001102296279,0,1781364463.0,hltv_2394982_108924_falcons_vs_monte_m3_mirage,de_mirage,0.5372891828528664
0,0.24088275660656036,-0.008965999068467623,0.4575,0.02821099190664407,0.031759599096555624,0.005491837642258135,-0.011475756454988773,-0.08019581225846656,-0.10825680106057067,-0.0436621786570513,-0.04454001102296279,1,1781364463.0,hltv_2394982_108924_falcons_vs_monte_m3_mirage,de_mirage,0.5406932800005763
1,0.29021196341659566,0.09723993099827494,0.49050632911392406,0.0592374213836478,0.07090801886792453,-0.00401513967409195,-0.002044203862912597,0.0830336211907386,0.09644697258201995,0.045314183901704275,0.050173473940309965,1,1781371462.0,hltv_2394983_108931_vitality_vs_mouz_m3_inferno,de_inferno,0.5272566509413469
0,0.29021196341659566,0.09723993099827494,0.509493670886076,0.0592374213836478,0.07090801886792453,-0.00401513967409195,-0.002044203862912597,0.0830336211907386,0.09644697258201995,0.045314183901704275,0.050173473940309965,1,1781371462.0,hltv_2394983_108931_vitality_vs_mouz_m3_inferno,de_inferno,0.5195448348579129
0,-0.006293961185741631,0.018088368923216747,0.48469387755102045,0.034047619047619056,0.06273809523809523,-0.26381748284678685,-0.24041155569551903,-0.003330441303617815,0.016707308867612125,0.045661762067677136,0.027317222221992288,1,1781375360.0,hltv_2394985_108937_betboom_vs_furia_m1_overpass,de_overpass,0.5341478518851471
1,-0.006293961185741631,0.018088368923216747,0.5153061224489796,0.034047619047619056,0.06273809523809523,-0.26381748284678685,-0.24041155569551903,-0.003330441303617815,0.016707308867612125,0.045661762067677136,0.027317222221992288,1,1781375360.0,hltv_2394985_108937_betboom_vs_furia_m1_overpass,de_overpass,0.5362248961223527
1,0.03631378295986342,0.05921052631578949,0.5190217391304348,0.040777777777777774,0.06263888888888888,0.02022110240485331,0.03433910812372312,0.058597989613767054,0.056037944511421356,0.04392482740246495,0.016016643598840086,1,1781378741.0,hltv_2394985_108937_betboom_vs_furia_m2_dust2,de_dust2,0.5257266679877685
0,0.03631378295986342,0.05921052631578949,0.4809782608695652,0.040777777777777774,0.06263888888888888,0.02022110240485331,0.03433910812372312,0.058597989613767054,0.056037944511421356,0.04392482740246495,0.016016643598840086,1,1781378741.0,hltv_2394985_108937_betboom_vs_furia_m2_dust2,de_dust2,0.5239501055024101
0,-0.2138564361782935,-0.06629834254143652,0.485,-0.026573426573426567,-0.0167832167832168,-0.033558151548759185,-0.04809304250081292,-0.02882681895361322,0.008251896413919213,-0.071949693340638,-0.012197533645282255,1,1781380847.0,hltv_2394986_108946_spirit_vs_9z_m1_overpass,de_overpass,0.5475100954104264
1,-0.2138564361782935,-0.06629834254143652,0.515,-0.026573426573426567,-0.0167832167832168,-0.033558151548759185,-0.04809304250081292,-0.02882681895361322,0.008251896413919213,-0.071949693340638,-0.012197533645282255,1,1781380847.0,hltv_2394986_108946_spirit_vs_9z_m1_overpass,de_overpass,0.5484344702840999
1,-0.18217998129045782,-0.0298888281392381,0.5371287128712872,-0.017717391304347838,-0.024891304347826104,-0.009197957654544009,-0.01833583761390467,0.02008408569709752,0.007016940848171671,0.02170946096796006,0.014671536512086636,0,1781385460.0,hltv_2394986_108946_spirit_vs_9z_m2_mirage,de_mirage,0.5317365706122389
0,-0.18217998129045782,-0.0298888281392381,0.46287128712871284,-0.017717391304347838,-0.024891304347826104,-0.009197957654544009,-0.01833583761390467,0.02008408569709752,0.007016940848171671,0.02170946096796006,0.014671536512086636,1,1781385460.0,hltv_2394986_108946_spirit_vs_9z_m2_mirage,de_mirage,0.5338623389718433
0,-0.18800613262082938,-0.029413016643255352,0.48118279569892475,-0.022764227642276424,-0.02225609756097563,0.0032745640156785494,0.004738534460219823,-0.016767390212384714,-0.021559789556770292,-0.011956184161102446,-0.017378337085991402,1,1781390380.0,hltv_2394986_108946_spirit_vs_9z_m3_dust2,de_dust2,0.537098951271135
1,-0.18800613262082938,-0.029413016643255352,0.5188172043010753,-0.022764227642276424,-0.02225609756097563,0.0032745640156785494,0.004738534460219823,-0.016767390212384714,-0.021559789556770292,-0.011956184161102446,-0.017378337085991402,1,1781390380.0,hltv_2394986_108946_spirit_vs_9z_m3_dust2,de_dust2,0.5383751287702557
0,-0.1751624122697917,-0.11134367980396154,0.45833333333333337,-0.04454018267519412,-0.07819896731796047,0.05911257231533795,0.14565578414752062,0.04444867039605249,0.08822362798672989,0.0359032072391296,0.061794132242888766,1,1781441737.0,hltv_2394988_108960_the_mongolz_vs_monte_m1_nuke,de_nuke,0.5359053983889605
1,-0.1751624122697917,-0.11134367980396154,0.5416666666666666,-0.04454018267519412,-0.07819896731796047,0.05911257231533795,0.14565578414752062,0.04444867039605249,0.08822362798672989,0.0359032072391296,0.061794132242888766,0,1781441737.0,hltv_2394988_108960_the_mongolz_vs_monte_m1_nuke,de_nuke,0.5331210576915272
1,-0.05800353681796851,-0.06076875194522258,0.53,-0.019010475003398482,-0.06832474616640916,-0.006816449650544842,-0.07552707081782511,-0.014977509677125633,-0.10223194557849508,-0.03420399603788027,-0.007977067308140184,0,1781442013.0,hltv_2394987_108961_mouz_vs_fut_m1_ancient,de_ancient,0.5593214670627863
0,-0.05800353681796851,-0.06076875194522258,0.47,-0.019010475003398482,-0.06832474616640916,-0.006816449650544842,-0.07552707081782511,-0.014977509677125633,-0.10223194557849508,-0.03420399603788027,-0.007977067308140184,1,1781442013.0,hltv_2394987_108961_mouz_vs_fut_m1_ancient,de_ancient,0.5593790787140238
1,-0.13604014991874233,-0.10832976750820134,0.490625,-0.03504577157802964,-0.07440496948561463,0.007073665335348589,0.01162116332299823,0.025022749078245643,0.03907214080897359,0.013405535921280465,0.009563872232446924,1,1781445153.0,hltv_2394988_108960_the_mongolz_vs_monte_m2_inferno,de_inferno,0.5533711277487319
0,-0.13604014991874233,-0.10832976750820134,0.509375,-0.03504577157802964,-0.07440496948561463,0.007073665335348589,0.01162116332299823,0.025022749078245643,0.03907214080897359,0.013405535921280465,0.009563872232446924,0,1781445153.0,hltv_2394988_108960_the_mongolz_vs_monte_m2_inferno,de_inferno,0.545405075922488
0,-0.05800353681796851,-0.059266018842795865,0.46641791044776115,-0.018249515190691665,-0.06662521791933555,0.0034457509519961738,0.017344467238167516,0.033542333585645345,0.01831965647449213,0.014712971784175743,0.017499955320260774,1,1781445947.0,hltv_2394987_108961_mouz_vs_fut_m2_nuke,de_nuke,0.5517889563647398
1,-0.05800353681796851,-0.059266018842795865,0.5335820895522388,-0.018249515190691665,-0.06662521791933555,0.0034457509519961738,0.017344467238167516,0.033542333585645345,0.01831965647449213,0.014712971784175743,0.017499955320260774,1,1781445947.0,hltv_2394987_108961_mouz_vs_fut_m2_nuke,de_nuke,0.5509084992056045
0,-0.14683822299141971,-0.10546875,0.4813829787234043,-0.032720757686900165,-0.06695293874931231,0.0010958517709646065,-0.003878831306512842,-0.03183615468395501,0.017908529034193654,-0.022377675648073914,-0.0004469147672014895,0,1781449308.0,hltv_2394988_108960_the_mongolz_vs_monte_m3_dust2,de_dust2,0.5658877398493922
1,-0.14683822299141971,-0.10546875,0.5186170212765957,-0.032720757686900165,-0.06695293874931231,0.0010958517709646065,-0.003878831306512842,-0.03183615468395501,0.017908529034193654,-0.022377675648073914,-0.0004469147672014895,0,1781449308.0,hltv_2394988_108960_the_mongolz_vs_monte_m3_dust2,de_dust2,0.5673960436005399
1,-0.05800353681796851,-0.0335908514535293,0.5318627450980392,-0.017537348272642382,-0.06499573742540496,-0.00279259983453517,-0.021170050206879343,-0.04937493920705316,-0.045857804821342885,-0.024056374220281174,-0.020636700779756878,0,1781449439.0,hltv_2394987_108961_mouz_vs_fut_m3_mirage,de_mirage,0.5676261078613378
0,-0.05800353681796851,-0.0335908514535293,0.4681372549019608,-0.017537348272642382,-0.06499573742540496,-0.00279259983453517,-0.021170050206879343,-0.04937493920705316,-0.045857804821342885,-0.024056374220281174,-0.020636700779756878,1,1781449439.0,hltv_2394987_108961_mouz_vs_fut_m3_mirage,de_mirage,0.5678142927798817
1,0.08883284813713127,-0.047896422261484106,0.5330882352941176,0.025285714285714272,0.020214285714285685,-0.014972743083523588,0.07690571850212657,-0.009161797573071284,-0.008855505256437635,0.0443515132990413,0.024743434373203588,1,1781452240.0,hltv_2394990_108964_aurora_vs_9z_m1_nuke,de_nuke,0.5661160235501448
0,0.08883284813713127,-0.047896422261484106,0.46691176470588236,0.025285714285714272,0.020214285714285685,-0.014972743083523588,0.07690571850212657,-0.009161797573071284,-0.008855505256437635,0.0443515132990413,0.024743434373203588,1,1781452240.0,hltv_2394990_108964_aurora_vs_9z_m1_nuke,de_nuke,0.5662168469647868
0,0.21407335197210417,0.1688373355040022,0.4852941176470589,0.06355119825708061,0.08520697167755993,-0.07931174917590322,-0.07241574958764779,0.12232825794352659,0.1767674512584198,0.055203864933600466,0.0953368282363698,1,1781453541.0,hltv_2394989_108968_betboom_vs_vitality_m1_overpass,de_overpass,0.5654991789802672
1,0.21407335197210417,0.1688373355040022,0.5147058823529411,0.06355119825708061,0.08520697167755993,-0.07931174917590322,-0.07241574958764779,0.12232825794352659,0.1767674512584198,0.055203864933600466,0.0953368282363698,0,1781453541.0,hltv_2394989_108968_betboom_vs_vitality_m1_overpass,de_overpass,0.5648607751011918
0,0.12248936719704172,-0.018796992481203034,0.4815789473684211,0.01848852901484478,0.01659919028340079,-0.006030997694740581,-0.0007151580158512583,0.10771105635902678,0.19400946971300317,0.07704642223544023,0.08449064536098039,0,1781455323.0,hltv_2394990_108964_aurora_vs_9z_m2_dust2,de_dust2,0.5703798460131726
1,0.12248936719704172,-0.018796992481203034,0.5184210526315789,0.01848852901484478,0.01659919028340079,-0.006030997694740581,-0.0007151580158512583,0.10771105635902678,0.19400946971300317,0.07704642223544023,0.08449064536098039,0,1781455323.0,hltv_2394990_108964_aurora_vs_9z_m2_dust2,de_dust2,0.5696995113466029
1,0.24781833234784573,0.16233060063577048,0.532608695652174,0.061212121212121204,0.07353535353535354,0.009506224802911745,-0.002388414747575618,0.05535715582796341,0.015396587635722714,0.027157279572459114,0.016236945292927407,0,1781457696.0,hltv_2394989_108968_betboom_vs_vitality_m2_nuke,de_nuke,0.5540811669652643
0,0.24781833234784573,0.16233060063577048,0.46739130434782605,0.061212121212121204,0.07353535353535354,0.009506224802911745,-0.002388414747575618,0.05535715582796341,0.015396587635722714,0.027157279572459114,0.016236945292927407,1,1781457696.0,hltv_2394989_108968_betboom_vs_vitality_m2_nuke,de_nuke,0.5551231263916405
1,0.0354722593817402,0.19054562197835928,0.5182291666666666,0.02583333333333333,0.030821018062397364,0.0594884384254063,0.16291846716520464,-0.04173491349313807,-0.009229769753982042,0.0087993006621227,0.010198728605447516,1,1781459243.0,hltv_2394992_108969_g2_vs_legacy_m1_dust2,de_dust2,0.5465215715209073
0,0.0354722593817402,0.19054562197835928,0.48177083333333337,0.02583333333333333,0.030821018062397364,0.0594884384254063,0.16291846716520464,-0.04173491349313807,-0.009229769753982042,0.0087993006621227,0.010198728605447516,0,1781459243.0,hltv_2394992_108969_g2_vs_legacy_m1_dust2,de_dust2,0.5433002643798719
0,-0.05242913435495362,-0.029786579560268867,0.4768041237113402,-0.04755208515296558,-0.06322820642074388,0.061367839669029256,0.11020984780267368,-0.05861768731799144,-0.07207414385479793,-0.02248458170364287,-0.011154260795603554,1,1781461279.0,hltv_2394991_108975_natus_vincere_vs_falcons_m1_dust2,de_dust2,0.5455831182587931
1,-0.05242913435495362,-0.029786579560268867,0.5231958762886598,-0.04755208515296558,-0.06322820642074388,0.061367839669029256,0.11020984780267368,-0.05861768731799144,-0.07207414385479793,-0.02248458170364287,-0.011154260795603554,1,1781461279.0,hltv_2394991_108975_natus_vincere_vs_falcons_m1_dust2,de_dust2,0.5482496535068019
0,0.0354722593817402,0.18153759820426485,0.4951923076923077,0.025308464849354374,0.030701447763140724,-0.0074295449650402245,-0.028297835966682006,0.05230824739752249,0.023356211294676466,0.03298823614355478,0.03435282538276291,1,1781462403.0,hltv_2394992_108969_g2_vs_legacy_m2_overpass,de_overpass,0.5462052950028184
1,0.0354722593817402,0.18153759820426485,0.5048076923076923,0.025308464849354374,0.030701447763140724,-0.0074295449650402245,-0.028297835966682006,0.05230824739752249,0.023356211294676466,0.03298823614355478,0.03435282538276291,1,1781462403.0,hltv_2394992_108969_g2_vs_legacy_m2_overpass,de_overpass,0.5512689411686931
1,-0.04078396441077585,-0.010447803282386703,0.5266990291262136,-0.04671041380363414,-0.057835356542983635,0.006115032433280265,0.028188038859794706,0.12366817792217794,0.10948153440410247,0.06275692501098418,0.04997525640261269,1,1781464875.0,hltv_2394991_108975_natus_vincere_vs_falcons_m2_mirage,de_mirage,0.5481362158969865
0,-0.04078396441077585,-0.010447803282386703,0.4733009708737864,-0.04671041380363414,-0.057835356542983635,0.006115032433280265,0.028188038859794706,0.12366817792217794,0.10948153440410247,0.06275692501098418,0.04997525640261269,0,1781464875.0,hltv_2394991_108975_natus_vincere_vs_falcons_m2_mirage,de_mirage,0.5471965924350145
1,-0.0767487648746789,-0.09912723196412843,0.49691358024691357,-0.01493691493691493,-0.023557923557923577,-0.017961460540975915,0.05957328172068893,-0.0963212911946113,-0.08731265927474824,-0.04961398217722318,-0.036744292739448126,0,1781528204.0,hltv_2394993_108984_9z_vs_the_mongolz_m1_inferno,de_inferno,0.5593711857811883
0,-0.0767487648746789,-0.09912723196412843,0.5030864197530864,-0.01493691493691493,-0.023557923557923577,-0.017961460540975915,0.05957328172068893,-0.0963212911946113,-0.08731265927474824,-0.04961398217722318,-0.036744292739448126,1,1781528204.0,hltv_2394993_108984_9z_vs_the_mongolz_m1_inferno,de_inferno,0.5546132471957868
0,-0.05105881504523365,-0.09675539514249187,0.4952830188679245,-0.013616695414262775,-0.016437939179716393,-0.001076165415220931,0.017524481000111003,0.07226086727400222,0.1414975270701717,0.04497159658932959,0.0646821074924861,1,1781532019.0,hltv_2394993_108984_9z_vs_the_mongolz_m2_overpass,de_overpass,0.5423689582941575
1,-0.05105881504523365,-0.09675539514249187,0.5047169811320755,-0.013616695414262775,-0.016437939179716393,-0.001076165415220931,0.017524481000111003,0.07226086727400222,0.1414975270701717,0.04497159658932959,0.0646821074924861,1,1781532019.0,hltv_2394993_108984_9z_vs_the_mongolz_m2_overpass,de_overpass,0.5439156657487502
1,-0.00860739614435876,-0.0891779788838612,0.53125,-0.008154078340214421,-0.05543200453341664,0.07759254999596132,-0.17419605433179824,-0.009253535591328632,-0.0995735200491864,-0.024643970514845515,-0.03303153166826167,1,1781536373.0,hltv_2394994_108988_betboom_vs_fut_m1_mirage,de_mirage,0.553023682726728
0,-0.00860739614435876,-0.0891779788838612,0.46875,-0.008154078340214421,-0.05543200453341664,0.07759254999596132,-0.17419605433179824,-0.009253535591328632,-0.0995735200491864,-0.024643970514845515,-0.03303153166826167,0,1781536373.0,hltv_2394994_108988_betboom_vs_fut_m1_mirage,de_mirage,0.5530167364503522
0,-0.00860739614435876,-0.08487838915470497,0.4770408163265306,-0.01008097165991903,-0.05643242722190088,0.00031116355267052365,-0.013823688881410001,0.02592945146441117,-0.018739402710583386,0.023273829489374176,0.008087412590594423,0,1781540160.0,hltv_2394994_108988_betboom_vs_fut_m2_dust2,de_dust2,0.5516727423922464
1,-0.00860739614435876,-0.08487838915470497,0.5229591836734694,-0.01008097165991903,-0.05643242722190088,0.00031116355267052365,-0.013823688881410001,0.02592945146441117,-0.018739402710583386,0.023273829489374176,0.008087412590594423,0,1781540160.0,hltv_2394994_108988_betboom_vs_fut_m2_dust2,de_dust2,0.5517805398198297
0,-0.07760009708951054,0.04783502302326048,0.4772727272727273,-0.08243589743589742,-0.09116586779279627,0.049681733805567396,-0.16710910681788244,0.11657584771986829,-0.012853015463343609,0.04140858299587835,0.052158729845021845,0,1781546478.0,hltv_2394995_108991_natus_vincere_vs_g2_m1_dust2,de_dust2,0.5359265061976287
1,-0.07760009708951054,0.04783502302326048,0.5227272727272727,-0.08243589743589742,-0.09116586779279627,0.049681733805567396,-0.16710910681788244,0.11657584771986829,-0.012853015463343609,0.04140858299587835,0.052158729845021845,1,1781546478.0,hltv_2394995_108991_natus_vincere_vs_g2_m1_dust2,de_dust2,0.5365608544199971
1,-0.07547066930181516,0.04602083962549086,0.49085365853658536,-0.07953149489558183,-0.09010745400375594,-0.00582279172539113,0.010714122820478178,-0.018073463952356372,-0.033788702257460446,-0.007281810362787355,-0.01191541702688248,0,1781551751.0,hltv_2394995_108991_natus_vincere_vs_g2_m2_inferno,de_inferno,0.5471339283477787
0,-0.07547066930181516,0.04602083962549086,0.5091463414634146,-0.07953149489558183,-0.09010745400375594,-0.00582279172539113,0.010714122820478178,-0.018073463952356372,-0.033788702257460446,-0.007281810362787355,-0.01191541702688248,0,1781551751.0,hltv_2394995_108991_natus_vincere_vs_g2_m2_inferno,de_inferno,0.5418853048292832
1,0.06721353349760414,0.08552698273240289,0.3984375,0.036206896551724155,0.07816091954022991,0.02281832223635616,0.09427202682663949,0.029893021850091295,0.09405940154343456,0.004200232858328767,0.0033118228295188623,1,1781797082.0,hltv_2394996_109018_aurora_vs_betboom_m2_anubis,de_anubis,0.5492577743505841
0,0.06721353349760414,0.08552698273240289,0.6015625,0.036206896551724155,0.07816091954022991,0.02281832223635616,0.09427202682663949,0.029893021850091295,0.09405940154343456,0.004200232858328767,0.0033118228295188623,1,1781797082.0,hltv_2394996_109018_aurora_vs_betboom_m2_anubis,de_anubis,0.5297976563577191
1,0.16785239361690585,-0.040985753195055485,0.5046296296296297,0.012373225152129796,-0.0001352265043948475,0.3713141595235749,0.3019362717451233,0.04302215970227291,0.03678229198706018,-0.04581898525001604,0.008063718693410604,0,1781813675.0,hltv_2394997_109024_9z_vs_furia_m3_overpass,de_overpass,0.537361395590329
0,0.16785239361690585,-0.040985753195055485,0.49537037037037035,0.012373225152129796,-0.0001352265043948475,0.3713141595235749,0.3019362717451233,0.04302215970227291,0.03678229198706018,-0.04581898525001604,0.008063718693410604,0,1781813675.0,hltv_2394997_109024_9z_vs_furia_m3_overpass,de_overpass,0.5343613131581918
0,-0.13037959791174566,0.026432606941081516,0.4954545454545455,-0.04780519480519481,-0.0802857142857143,-0.0880441482326838,-0.11447043592534412,0.023414593333568656,-0.013225610364679508,0.01804099582732599,0.022586019416148573,0,1781894848.1963546,hltv_2394998_109032_g2_vs_spirit_m1_overpass,de_overpass,0.531411262868019
1,-0.13037959791174566,0.026432606941081516,0.5045454545454545,-0.04780519480519481,-0.0802857142857143,-0.0880441482326838,-0.11447043592534412,0.023414593333568656,-0.013225610364679508,0.01804099582732599,0.022586019416148573,1,1781894848.1963546,hltv_2394998_109032_g2_vs_spirit_m1_overpass,de_overpass,0.5325919195152959
1,-0.118000450593646,0.025613689792794325,0.5275,-0.045876224608240264,-0.08108630748991144,-0.005915020846493313,0.02513664273765731,0.028781220236929306,0.0771798401253001,0.026529450666200993,0.03522603646263833,1,1781894860.304443,hltv_2394998_109032_g2_vs_spirit_m2_dust2,de_dust2,0.5288899336627703
0,-0.118000450593646,0.025613689792794325,0.47250000000000003,-0.045876224608240264,-0.08108630748991144,-0.005915020846493313,0.02513664273765731,0.028781220236929306,0.0771798401253001,0.026529450666200993,0.03522603646263833,1,1781894860.304443,hltv_2394998_109032_g2_vs_spirit_m2_dust2,de_dust2,0.5293724489370827
0,0.21773415444706656,0.05687155549738987,0.5090361445783133,0.04369142393799626,0.0466110128261831,0.17044490235853715,-0.06330175946273414,0.03031378718554839,0.0423683667481658,0.012138268744853187,0.020243546363636178,0,1781910799.8054693,hltv_2394999_109038_falcons_vs_vitality_m2_inferno,de_inferno,0.5473518514965777
1,0.21773415444706656,0.05687155549738987,0.49096385542168675,0.04369142393799626,0.0466110128261831,0.17044490235853715,-0.06330175946273414,0.03031378718554839,0.0423683667481658,0.012138268744853187,0.020243546363636178,0,1781910799.8054693,hltv_2394999_109038_falcons_vs_vitality_m2_inferno,de_inferno,0.5459101983760165
1,0.21738075977476284,0.037186379928315416,0.5272277227722773,0.0429217273954116,0.04379352226720645,0.0022088247201681455,0.007892888113942786,0.06623982828970115,0.017080809803216412,0.03406472306667124,0.004977055505696493,0,1781910804.2193758,hltv_2394999_109038_falcons_vs_vitality_m3_dust2,de_dust2,0.5383874991905285
0,0.21738075977476284,0.037186379928315416,0.47277227722772275,0.0429217273954116,0.04379352226720645,0.0022088247201681455,0.007892888113942786,0.06623982828970115,0.017080809803216412,0.03406472306667124,0.004977055505696493,1,1781910804.2193758,hltv_2394999_109038_falcons_vs_vitality_m3_dust2,de_dust2,0.5384185215606108
0,0.06082304467108008,0.0,0.475,0.00032594524119945734,-0.02053455019556713,-0.27741346976863535,-0.2927287939850618,0.010255438569122866,-0.022523647676343683,0.022308209927717093,0.02204489349663208,0,1781970037.0,hltv_2395000_109049_aurora_vs_furia_m2_nuke,de_nuke,0.5393246640553806
1,0.06082304467108008,0.0,0.525,0.00032594524119945734,-0.02053455019556713,-0.27741346976863535,-0.2927287939850618,0.010255438569122866,-0.022523647676343683,0.022308209927717093,0.02204489349663208,1,1781970037.0,hltv_2395000_109049_aurora_vs_furia_m2_nuke,de_nuke,0.5393302514472439
1,-0.09519676871757485,0.009775893165509086,0.5357142857142857,-0.010966453286098118,-0.048134461522363836,0.07715130734299791,0.12446128915756255,0.03298383157593865,0.035195573001802316,-0.023417772481370613,-0.019833759260955264,1,1781983253.0,hltv_2395001_109056_spirit_vs_falcons_m2_mirage,de_mirage,0.5446147274702796
0,-0.09519676871757485,0.009775893165509086,0.4642857142857143,-0.010966453286098118,-0.048134461522363836,0.07715130734299791,0.12446128915756255,0.03298383157593865,0.035195573001802316,-0.023417772481370613,-0.019833759260955264,1,1781983253.0,hltv_2395001_109056_spirit_vs_falcons_m2_mirage,de_mirage,0.5448450060908923
0,-0.100328619417165,0.031219001432822635,0.4779411764705882,-0.015944092041653007,-0.0465207917646942,0.0015687272871334201,0.009814214761429796,-0.009569338471467903,-0.024303166064430393,-0.0034258450338232604,-0.0169047402632983,0,1781988035.0,hltv_2395001_109056_spirit_vs_falcons_m3_dust2,de_dust2,0.5504534680926998
1,-0.100328619417165,0.031219001432822635,0.5220588235294118,-0.015944092041653007,-0.0465207917646942,0.0015687272871334201,0.009814214761429796,-0.009569338471467903,-0.024303166064430393,-0.0034258450338232604,-0.0169047402632983,1,1781988035.0,hltv_2395001_109056_spirit_vs_falcons_m3_dust2,de_dust2,0.5504858057423369
0,0.09172235807381045,-0.03992395437262353,0.5089285714285714,0.015958506901903147,0.026757330719594907,-0.04804587254312853,-0.12367758182493538,0.02112687799432189,0.0052107528433123496,0.06681036583689925,0.017296980439654774,1,1782065350.0,hltv_2395002_109068_furia_vs_falcons_m3_inferno,de_inferno,0.5330897068244306
1,0.09172235807381045,-0.03992395437262353,0.49107142857142855,0.015958506901903147,0.026757330719594907,-0.04804587254312853,-0.12367758182493538,0.02112687799432189,0.0052107528433123496,0.06681036583689925,0.017296980439654774,0,1782065350.0,hltv_2395002_109068_furia_vs_falcons_m3_inferno,de_inferno,0.5443020705051954
1,-0.2997933084011319,-0.27433024491848024,0.5266990291262136,0.06343554443053817,0.02208459979736574,0.0010700310021349857,-0.06895410872836044,-0.14339961803253537,-0.1748188901298387,-0.08288435096495972,-0.06157092305001033,1,1785422634.9006433,hltv_2396018_109851_liquid_vs_spirit_m1_dust2,de_dust2,0.5626618889823108
0,-0.2997933084011319,-0.27433024491848024,0.4733009708737864,0.06343554443053817,0.02208459979736574,0.0010700310021349857,-0.06895410872836044,-0.14339961803253537,-0.1748188901298387,-0.08288435096495972,-0.06157092305001033,0,1785422634.9006433,hltv_2396018_109851_liquid_vs_spirit_m1_dust2,de_dust2,0.5627895427273982
1,-0.31155190550506334,0.0175756420035596,0.5316901408450704,-0.041509433962264156,-0.015962264150943394,0.0050851580689603715,0.00026902625243785394,-0.029357228462164875,-0.011526659631898806,-0.016443675148091474,-0.010977925829379787,1,1785435280.2599058,hltv_2396017_109861_3dmax_vs_mouz_m2_nuke,de_nuke,0.5587330830847499
0,-0.31155190550506334,0.0175756420035596,0.4683098591549296,-0.041509433962264156,-0.015962264150943394,0.0050851580689603715,0.00026902625243785394,-0.029357228462164875,-0.011526659631898806,-0.016443675148091474,-0.010977925829379787,0,1785435280.2599058,hltv_2396017_109861_3dmax_vs_mouz_m2_nuke,de_nuke,0.5591993665476059
1,-0.15315589813350797,0.06064776585007797,0.4852941176470588,-0.03967320261437909,-0.12294117647058825,0.31618625259810246,0.25172423549079903,0.017738772626226307,0.05338471519900345,-0.058401598426182255,-0.03770874309781913,0,1785525506.8214593,hltv_2396015_109896_pain_vs_astralis_m2_inferno,de_inferno,0.5581205285529428
0,-0.15315589813350797,0.06064776585007797,0.5147058823529411,-0.03967320261437909,-0.12294117647058825,0.31618625259810246,0.25172423549079903,0.017738772626226307,0.05338471519900345,-0.058401598426182255,-0.03770874309781913,0,1785525506.8214593,hltv_2396015_109896_pain_vs_astralis_m2_inferno,de_inferno,0.5529222644553347
1,-0.24028260431188134,0.06424691141680539,0.530952380952381,-0.030957550514002133,-0.06568075741462838,-0.2006126491833115,-0.203412826951285,-0.11430499028392443,-0.11856249236089206,0.011574000179899901,0.00156903757961796,1,1785590698.034012,hltv_2396020_109915_faze_vs_spirit_m1_dust2,de_dust2,0.5627799983777804
0,-0.24028260431188134,0.06424691141680539,0.46904761904761905,-0.030957550514002133,-0.06568075741462838,-0.2006126491833115,-0.203412826951285,-0.11430499028392443,-0.11856249236089206,0.011574000179899901,0.00156903757961796,0,1785590698.034012,hltv_2396020_109915_faze_vs_spirit_m1_dust2,de_dust2,0.5631646959675646
0,-0.26940436587285094,0.060708159764763625,0.44999999999999996,0.01662561576354679,-0.07001891273750879,-0.006594978277894681,-0.016429674032056474,-0.1450663043902769,-0.14012913805539357,-0.0743565027575035,-0.06100087284551531,0,1785590701.477583,hltv_2396020_109915_faze_vs_spirit_m2_cache,de_cache,0.574858225086084
1,-0.26940436587285094,0.060708159764763625,0.55,0.01662561576354679,-0.07001891273750879,-0.006594978277894681,-0.016429674032056474,-0.1450663043902769,-0.14012913805539357,-0.0743565027575035,-0.06100087284551531,1,1785590701.477583,hltv_2396020_109915_faze_vs_spirit_m2_cache,de_cache,0.5664293239472993
1,-0.025642417321040528,0.009539961840152655,0.535377358490566,0.03925925925925926,0.09512820512820515,0.1495333628765103,0.08867163115026139,0.08298270028034488,0.0702994127576903,-0.04316178080154759,0.003725324392843621,0,1785601012.0294986,hltv_2396019_109924_astralis_vs_mouz_m2_mirage,de_mirage,0.5489137787948407
0,-0.025642417321040528,0.009539961840152655,0.464622641509434,0.03925925925925926,0.09512820512820515,0.1495333628765103,0.08867163115026139,0.08298270028034488,0.0702994127576903,-0.04316178080154759,0.003725324392843621,1,1785601012.0294986,hltv_2396019_109924_astralis_vs_mouz_m2_mirage,de_mirage,0.5501084039491125
0,-0.04150648626018455,0.009380272468585527,0.4769736842105263,0.03626262626262627,0.09348484848484848,0.003746804346803856,0.011648805163440024,-0.05757132916309987,-0.03531441011851649,-0.036841767400063286,-0.03687963578849068,1,1785601013.8698611,hltv_2396019_109924_astralis_vs_mouz_m1_ancient,de_ancient,0.5475915083340334
1,-0.04150648626018455,0.009380272468585527,0.5230263157894737,0.03626262626262627,0.09348484848484848,0.003746804346803856,0.011648805163440024,-0.05757132916309987,-0.03531441011851649,-0.036841767400063286,-0.03687963578849068,1,1785601013.8698611,hltv_2396019_109924_astralis_vs_mouz_m1_ancient,de_ancient,0.5492089344257287
1,-0.14168541838245005,-0.05285158039395321,0.535377358490566,-0.0237796913231696,-0.08254376058723886,0.23520611162963806,0.08559468655482588,0.03178009227977496,0.047189180479358106,-0.0350413048698609,-0.07124530372923005,1,1785681878.0166228,hltv_2396021_109950_spirit_vs_mouz_m1_dust2,de_dust2,0.5249063108449095
0,-0.14168541838245005,-0.05285158039395321,0.464622641509434,-0.0237796913231696,-0.08254376058723886,0.23520611162963806,0.08559468655482588,0.03178009227977496,0.047189180479358106,-0.0350413048698609,-0.07124530372923005,1,1785681878.0166228,hltv_2396021_109950_spirit_vs_mouz_m1_dust2,de_dust2,0.5268081189764924
0,-0.11206791132700215,-0.03032518690478364,0.46962616822429903,-0.021168730650154788,-0.08145083804846803,0.0017501951024481155,-0.0005953990990407165,0.11852993457341088,0.12750564298463762,0.06255455149263128,0.061209966405582905,0,1785681880.9464283,hltv_2396021_109950_spirit_vs_mouz_m2_mirage,de_mirage,0.5536100635808309
1,-0.11206791132700215,-0.03032518690478364,0.530373831775701,-0.021168730650154788,-0.08145083804846803,0.0017501951024481155,-0.0005953990990407165,0.11852993457341088,0.12750564298463762,0.06255455149263128,0.061209966405582905,1,1785681880.9464283,hltv_2396021_109950_spirit_vs_mouz_m2_mirage,de_mirage,0.5534570305475907
1,-0.07956817144885564,-0.029681805438744102,0.5227272727272727,-0.02202728306176581,-0.08240596185423772,0.00433289678647697,0.037224669529728416,0.14167430923860655,0.10783252311280267,0.08143189011933288,0.05790095984479393,0,1785681888.0112762,hltv_2396021_109950_spirit_vs_mouz_m3_ancient,de_ancient,0.5451287718642949
0,-0.07956817144885564,-0.029681805438744102,0.4772727272727273,-0.02202728306176581,-0.08240596185423772,0.00433289678647697,0.037224669529728416,0.14167430923860655,0.10783252311280267,0.08143189011933288,0.05790095984479393,1,1785681888.0112762,hltv_2396021_109950_spirit_vs_mouz_m3_ancient,de_ancient,0.5444685733123125
0,-0.0831271853000406,-0.029065173903541963,0.45547945205479456,-0.01830520774396692,-0.07926998846462002,-0.003973687878336407,-0.02500418227451845,-0.007093984317982083,-0.043140864605197615,-0.0012611728884507345,-0.01164756287317159,1,1785681890.46879,hltv_2396021_109950_spirit_vs_mouz_m4_nuke,de_nuke,0.5492088537872724
1,-0.0831271853000406,-0.029065173903541963,0.5445205479452054,-0.01830520774396692,-0.07926998846462002,-0.003973687878336407,-0.02500418227451845,-0.007093984317982083,-0.043140864605197615,-0.0012611728884507345,-0.01164756287317159,0,1785681890.46879,hltv_2396021_109950_spirit_vs_mouz_m4_nuke,de_nuke,0.5481454134433955
0,0.026199421789303214,-0.27722953216374274,0.375,-0.011904761904761906,-0.07273982056590753,-0.03288497281363911,-0.059537020488013126,-0.0006056581258712113,-0.016096039059727507,-0.01954055570656532,-0.007137451132339934,1,1786629524.0,hltv_2396576_110245_big_vs_g2_m1_cache,de_cache,0.5569299588825701
1,0.026199421789303214,-0.27722953216374274,0.625,-0.011904761904761906,-0.07273982056590753,-0.03288497281363911,-0.059537020488013126,-0.0006056581258712113,-0.016096039059727507,-0.01954055570656532,-0.007137451132339934,0,1786629524.0,hltv_2396576_110245_big_vs_g2_m1_cache,de_cache,0.5483543682145682
0,0.07213796171999677,0.012552301255230103,0.46100917431192656,0.0523015873015873,0.10698412698412697,-0.21505722143668893,-0.19177287798405324,-0.11895250273198288,-0.1352703600884972,-0.0051241809990394405,-0.019332617279338826,0,1786632471.0,hltv_2396578_110242_aurora_vs_m80_m1_dust2,de_dust2,0.5708608770107112
1,0.07213796171999677,0.012552301255230103,0.5389908256880734,0.0523015873015873,0.10698412698412697,-0.21505722143668893,-0.19177287798405324,-0.11895250273198288,-0.1352703600884972,-0.0051241809990394405,-0.019332617279338826,1,1786632471.0,hltv_2396578_110242_aurora_vs_m80_m1_dust2,de_dust2,0.5688790145975083
1,0.026199421789303214,-0.2515998127048541,0.509493670886076,-0.012858422939068099,-0.06136603806473402,-0.0023637046177896748,-0.01519256993371254,-0.16038147821933124,-0.15907110428597945,-0.0961816841102408,-0.0808863116885799,1,1786633932.0,hltv_2396576_110245_big_vs_g2_m2_ancient,de_ancient,0.5670123932433333
0,0.026199421789303214,-0.2515998127048541,0.490506329113924,-0.012858422939068099,-0.06136603806473402,-0.0023637046177896748,-0.01519256993371254,-0.16038147821933124,-0.15907110428597945,-0.0961816841102408,-0.0808863116885799,1,1786633932.0,hltv_2396576_110245_big_vs_g2_m2_ancient,de_ancient,0.563777945873441
1,-0.05653062007275868,0.2290156009668205,0.5347222222222222,0.08793650793650792,0.048888888888888885,0.0018806755689317889,0.0808640533914835,-0.026811037147329853,0.05540513579167905,0.014373608597238463,0.022599164160936658,0,1786646049.0,hltv_2396580_110247_legacy_vs_faze_m2_mirage,de_mirage,0.5476466176257573
0,-0.05653062007275868,0.2290156009668205,0.4652777777777778,0.08793650793650792,0.048888888888888885,0.0018806755689317889,0.0808640533914835,-0.026811037147329853,0.05540513579167905,0.014373608597238463,0.022599164160936658,0,1786646049.0,hltv_2396580_110247_legacy_vs_faze_m2_mirage,de_mirage,0.548850385705711
0,0.14989995473598272,0.28063725490196084,0.5955882352941176,-0.03233695652173913,-0.009782608695652173,0.010035092487130415,0.044205063968039415,0.17176684377717705,0.17480925234360617,0.10046045377608703,0.07722090078904348,0,1786711329.0,hltv_2396582_110259_ninjas_in_pyjamas_m2_anubis,de_anubis,0.5335994417980566
1,0.14989995473598272,0.28063725490196084,0.40441176470588236,-0.03233695652173913,-0.009782608695652173,0.010035092487130415,0.044205063968039415,0.17176684377717705,0.17480925234360617,0.10046045377608703,0.07722090078904348,0,1786711329.0,hltv_2396582_110259_ninjas_in_pyjamas_m2_anubis,de_anubis,0.5495163987917568
1,0.04953675393518175,-0.036286157024793375,0.509375,0.01083599331205351,-0.049237852763844556,-0.027625923108578476,0.053836979599211854,0.04805780539431265,0.0738397492842019,0.0753392210547143,0.055896892563909006,0,1786716582.0,hltv_2396584_110273_fut_vs_mouz_m1_ancient,de_ancient,0.5409365821742947
0,0.04953675393518175,-0.036286157024793375,0.490625,0.01083599331205351,-0.049237852763844556,-0.027625923108578476,0.053836979599211854,0.04805780539431265,0.0738397492842019,0.0753392210547143,0.055896892563909006,0,1786716582.0,hltv_2396584_110273_fut_vs_mouz_m1_ancient,de_ancient,0.537625188363936
1,0.2697538990787476,0.10520519847341081,0.5344036697247706,0.015344827586206894,-0.005172413793103431,0.0965703884491631,0.02934031241806323,0.007658107056076613,-0.008541154731073475,-0.026342301573667515,0.029386687168611203,1,1786717640.0,hltv_2396583_110274_b8_vs_vitality_m1_mirage,de_mirage,0.5496544682823128
0,0.2697538990787476,0.10520519847341081,0.4655963302752294,0.015344827586206894,-0.005172413793103431,0.0965703884491631,0.02934031241806323,0.007658107056076613,-0.008541154731073475,-0.026342301573667515,0.029386687168611203,0,1786717640.0,hltv_2396583_110274_b8_vs_vitality_m1_mirage,de_mirage,0.5504227727716783
0,0.04953675393518175,-0.05828315419552399,0.45666666666666667,0.010768693965415264,-0.047380124429304754,-0.0019043218532728279,-0.03236283358271452,-0.03613507321053644,-0.08800717939366914,-0.01313102762556112,-0.027114316208493305,0,1786721176.0,hltv_2396584_110273_fut_vs_mouz_m2_nuke,de_nuke,0.5395724454224247
1,0.04953675393518175,-0.05828315419552399,0.5433333333333333,0.010768693965415264,-0.047380124429304754,-0.0019043218532728279,-0.03236283358271452,-0.03613507321053644,-0.08800717939366914,-0.01313102762556112,-0.027114316208493305,1,1786721176.0,hltv_2396584_110273_fut_vs_mouz_m2_nuke,de_nuke,0.5378224688488087
1,0.09580522520551055,-0.07030011823601923,0.48546511627906974,0.07284690220174089,0.0855248335893497,0.14814628563192594,0.07649438412932935,0.06044092970706211,0.044442684954944134,-0.048307276645516095,-0.01581574389008239,0,1786794244.0,hltv_2396587_110300_the_mongolz_vs_natus_vincere_m1_inferno,de_inferno,0.5403606584707339
0,0.09580522520551055,-0.07030011823601923,0.5145348837209303,0.07284690220174089,0.0855248335893497,0.14814628563192594,0.07649438412932935,0.06044092970706211,0.044442684954944134,-0.048307276645516095,-0.01581574389008239,1,1786794244.0,hltv_2396587_110300_the_mongolz_vs_natus_vincere_m1_inferno,de_inferno,0.5347876943818214
0,0.11518562804290702,-0.0667524299599771,0.4907407407407407,0.023724059896961802,0.036333397531577494,-0.005342848217798513,0.015423251745832534,0.10339858087014359,0.15835527375280334,0.05466231533956295,0.06352118225997899,0,1786797733.0,hltv_2396587_110300_the_mongolz_vs_natus_vincere_m2_ancient,de_ancient,0.5324524317706174
1,0.11518562804290702,-0.0667524299599771,0.5092592592592593,0.023724059896961802,0.036333397531577494,-0.005342848217798513,0.015423251745832534,0.10339858087014359,0.15835527375280334,0.05466231533956295,0.06352118225997899,1,1786797733.0,hltv_2396587_110300_the_mongolz_vs_natus_vincere_m2_ancient,de_ancient,0.5347835926630529
0,0.18387448109232452,-0.065359477124183,0.4613636363636363,0.012222222222222218,-0.004074074074074091,0.2118470727921533,0.22910616974532286,0.010926861660522758,-0.03260406144609601,-0.07475773459096019,-0.05508628029361179,1,1786811369.0,hltv_2396588_110311_furia_vs_9z_m2_mirage,de_mirage,0.5450016011432846
1,0.18387448109232452,-0.065359477124183,0.5386363636363637,0.012222222222222218,-0.004074074074074091,0.2118470727921533,0.22910616974532286,0.010926861660522758,-0.03260406144609601,-0.07475773459096019,-0.05508628029361179,0,1786811369.0,hltv_2396588_110311_furia_vs_9z_m2_mirage,de_mirage,0.5439902432548211
0,-0.089565253163331,-0.11182950191570878,0.40625,-0.07075491759702286,-0.10249335459861773,-0.09174282886604279,-0.059443612792742795,-0.07610387044101796,-0.08801423519125962,-0.02119443096123974,-0.04833802346248611,1,1786820463.0,hltv_2396591_110320_spirit_vs_big_m1_cache,de_cache,0.5500950767522971
1,-0.089565253163331,-0.11182950191570878,0.59375,-0.07075491759702286,-0.10249335459861773,-0.09174282886604279,-0.059443612792742795,-0.07610387044101796,-0.08801423519125962,-0.02119443096123974,-0.04833802346248611,0,1786820463.0,hltv_2396591_110320_spirit_vs_big_m1_cache,de_cache,0.5429269234791869
0,1.164606567245839,0.17470225283397905,0.5142045454545454,0.08666666666666667,0.11833333333333337,0.002153171904287876,0.016322575060671418,0.07855592753973095,0.22572871899721886,0.052517148570225325,0.09573021470401616,1,1786883449.0,hltv_2396596_110327_lynn_vision_vs_vitality_m2_inferno,de_inferno,0.5823966968180192
1,1.164606567245839,0.17470225283397905,0.48579545454545453,0.08666666666666667,0.11833333333333337,0.002153171904287876,0.016322575060671418,0.07855592753973095,0.22572871899721886,0.052517148570225325,0.09573021470401616,1,1786883449.0,hltv_2396596_110327_lynn_vision_vs_vitality_m2_inferno,de_inferno,0.5892263866569132
1,-0.03820186436417847,-0.08218978102189778,0.4859550561797753,-0.04130198579510219,-0.15364129916695624,0.07723472260607145,-0.041182651673116466,0.07543046064494002,0.0014963868775016431,-0.018855021787523407,0.01979633631133032,0,1786884186.0,hltv_2396598_110329_the_mongolz_vs_pain_m2_inferno,de_inferno,0.5539383096358791
0,-0.03820186436417847,-0.08218978102189778,0.5140449438202247,-0.04130198579510219,-0.15364129916695624,0.07723472260607145,-0.041182651673116466,0.07543046064494002,0.0014963868775016431,-0.018855021787523407,0.01979633631133032,0,1786884186.0,hltv_2396598_110329_the_mongolz_vs_pain_m2_inferno,de_inferno,0.5343719085829634
0,-0.03814922674292695,-0.09914434523809523,0.4486607142857143,0.010545592663935538,0.02841544007928465,0.11626226351228686,0.18180234909897108,0.08016978123664681,0.08079124279505162,-0.017406657724705732,0.042016041186168696,0,1786888713.0,hltv_2396595_110336_mouz_vs_parivision_m1_dust2,de_dust2,0.5168837467074824
1,-0.03814922674292695,-0.09914434523809523,0.5513392857142857,0.010545592663935538,0.02841544007928465,0.11626226351228686,0.18180234909897108,0.08016978123664681,0.08079124279505162,-0.017406657724705732,0.042016041186168696,1,1786888713.0,hltv_2396595_110336_mouz_vs_parivision_m1_dust2,de_dust2,0.5093378717240468
1,0.2758261811045705,0.10297367892304604,0.5152439024390244,0.057526881720430106,0.09892473118279571,-0.11511405745167824,0.11552083320444334,-0.07766547426148185,-0.019774708333675506,0.07688249344973536,0.0034080724533707696,0,1786891561.0,hltv_2396597_110342_magic_vs_9z_m1_ancient,de_ancient,0.5223070399028841
0,0.2758261811045705,0.10297367892304604,0.4847560975609756,0.057526881720430106,0.09892473118279571,-0.11511405745167824,0.11552083320444334,-0.07766547426148185,-0.019774708333675506,0.07688249344973536,0.0034080724533707696,0,1786891561.0,hltv_2396597_110342_magic_vs_9z_m1_ancient,de_ancient,0.5156610907971557
1,-0.03814922674292695,-0.09487727099850796,0.4861111111111111,0.010158730158730152,0.027619047619047613,-0.0012629805522061943,0.012278079295864941,-0.07877261688738946,-0.12498077169514188,-0.05822631798118871,-0.07770779455190868,0,1786893317.0,hltv_2396595_110336_mouz_vs_parivision_m2_inferno,de_inferno,0.5333247992963367
0,-0.03814922674292695,-0.09487727099850796,0.5138888888888888,0.010158730158730152,0.027619047619047613,-0.0012629805522061943,0.012278079295864941,-0.07877261688738946,-0.12498077169514188,-0.05822631798118871,-0.07770779455190868,1,1786893317.0,hltv_2396595_110336_mouz_vs_parivision_m2_inferno,de_inferno,0.5083191581613549
0,-0.030713936943166993,-0.29827586206896556,0.5192307692307692,-0.036973684210526325,-0.10511278195488721,0.14043878799305476,0.2213693571233822,0.024507508190805105,0.0062636839364274,-0.010100092597253418,-0.03330864430025693,0,1786909389.0,hltv_2396593_110347_legacy_vs_mibr_m2_inferno,de_inferno,0.44084336298348575
1,-0.030713936943166993,-0.29827586206896556,0.4807692307692308,-0.036973684210526325,-0.10511278195488721,0.14043878799305476,0.2213693571233822,0.024507508190805105,0.0062636839364274,-0.010100092597253418,-0.03330864430025693,0,1786909389.0,hltv_2396593_110347_legacy_vs_mibr_m2_inferno,de_inferno,0.46716923067224614
1,0.3177666387950238,0.027227722772277252,0.5150602409638554,0.03654520917678813,0.07917228969860549,-0.09816792034957827,-0.16226449058620968,-0.048339015454770984,-0.05239637615325626,0.022116133149386652,0.014882408786977608,0,1787151953.0,hltv_2396601_110410_fut_vs_magic_m1_ancient,de_ancient,0.5728231251956806
0,0.3177666387950238,0.027227722772277252,0.4849397590361446,0.03654520917678813,0.07917228969860549,-0.09816792034957827,-0.16226449058620968,-0.048339015454770984,-0.05239637615325626,0.022116133149386652,0.014882408786977608,1,1787151953.0,hltv_2396601_110410_fut_vs_magic_m1_ancient,de_ancient,0.5638965782477725
1,0.12419825924950657,0.17456925561986808,0.48097826086956524,0.09763888888888889,0.134375,-0.11949541721888302,-0.002639704941120702,-0.10623723619522357,-0.04937729013000952,0.013134195673072224,-0.040626029248047535,0,1787226852.0,hltv_2396603_110424_natus_vincere_vs_legacy_m1_inferno,de_inferno,0.5523508633743598
0,0.12419825924950657,0.17456925561986808,0.5190217391304348,0.09763888888888889,0.134375,-0.11949541721888302,-0.002639704941120702,-0.10623723619522357,-0.04937729013000952,0.013134195673072224,-0.040626029248047535,1,1787226852.0,hltv_2396603_110424_natus_vincere_vs_legacy_m1_inferno,de_inferno,0.5181910088314007
0,0.06183584423978252,-0.07701807862097954,0.44469026548672563,0.002818804116233739,-0.04316219327388238,-0.07970041245831472,0.03483268278431373,-0.04818201527043997,-0.006123865467705436,-0.0024036789292214422,0.006997127611242326,0,1787229476.0,hltv_2396604_110422_falcons_vs_the_mongolz_m2_dust2,de_dust2,0.5474197972678132
1,0.06183584423978252,-0.07701807862097954,0.5553097345132744,0.002818804116233739,-0.04316219327388238,-0.07970041245831472,0.03483268278431373,-0.04818201527043997,-0.006123865467705436,-0.0024036789292214422,0.006997127611242326,0,1787229476.0,hltv_2396604_110422_falcons_vs_the_mongolz_m2_dust2,de_dust2,0.531497975250698
0,0.08430060933321751,0.16697573547900424,0.4910714285714286,0.09417582417582418,0.1312820512820513,0.0008379051232895174,0.00788538556920082,-0.0023385960995269683,-0.013861548168548676,-0.0066822173036037436,-0.0008512221268040521,0,1787229890.0,hltv_2396603_110424_natus_vincere_vs_legacy_m2_ancient,de_ancient,0.5065322850816544
1,0.08430060933321751,0.16697573547900424,0.5089285714285714,0.09417582417582418,0.1312820512820513,0.0008379051232895174,0.00788538556920082,-0.0023385960995269683,-0.013861548168548676,-0.0066822173036037436,-0.0008512221268040521,0,1787229890.0,hltv_2396603_110424_natus_vincere_vs_legacy_m2_ancient,de_ancient,0.5207148113338977
0,0.13628558691221163,0.04357648930017355,0.4451754385964912,-0.012463146609488066,-0.0036004645760743803,0.11126181282001435,0.04500200724768333,-0.030590461592529428,-0.04674251135479246,-0.005937471777039238,-0.017316020534981658,1,1787235910.0,hltv_2396606_110429_b8_vs_spirit_m1_dust2,de_dust2,0.4871192190328717
1,0.13628558691221163,0.04357648930017355,0.5548245614035088,-0.012463146609488066,-0.0036004645760743803,0.11126181282001435,0.04500200724768333,-0.030590461592529428,-0.04674251135479246,-0.005937471777039238,-0.017316020534981658,0,1787235910.0,hltv_2396606_110429_b8_vs_spirit_m1_dust2,de_dust2,0.4751776061004212
0,0.35548828781061875,0.02132781012091356,0.44999999999999996,0.01671734531993653,0.0673948968799577,0.21135986872256896,-0.020821017319230473,0.1650698310791699,0.12635629535871967,-0.02572820867802611,0.0031515668592246304,1,1787236185.0,hltv_2396605_110428_faze_vs_vitality_m1_dust2,de_dust2,0.49928632693529235
1,0.35548828781061875,0.02132781012091356,0.55,0.01671734531993653,0.0673948968799577,0.21135986872256896,-0.020821017319230473,0.1650698310791699,0.12635629535871967,-0.02572820867802611,0.0031515668592246304,0,1787236185.0,hltv_2396605_110428_faze_vs_vitality_m1_dust2,de_dust2,0.49126104816636196
1,0.340403940075822,0.022298207166055017,0.5277777777777778,0.022393263757115756,0.0728771347248577,-0.006268699852246651,0.014520007781643529,0.009455868998808181,0.06416158993373289,0.010418778359639114,0.022184990705660657,1,1787239568.0,hltv_2396605_110428_faze_vs_vitality_m2_cache,de_cache,0.5391927969214327
0,0.340403940075822,0.022298207166055017,0.4722222222222222,0.022393263757115756,0.0728771347248577,-0.006268699852246651,0.014520007781643529,0.009455868998808181,0.06416158993373289,0.010418778359639114,0.022184990705660657,1,1787239568.0,hltv_2396605_110428_faze_vs_vitality_m2_cache,de_cache,0.5347892313816145
1,0.13667037839081034,0.04259134140637183,0.5337837837837838,-0.007581453634085231,-0.003464912280701782,0.005099975848019356,0.02876190662188416,0.051464486176143354,0.07375303371887815,0.01852522172282689,0.022814333150739774,0,1787239678.0,hltv_2396606_110429_b8_vs_spirit_m2_mirage,de_mirage,0.5151772531807386
0,0.13667037839081034,0.04259134140637183,0.46621621621621623,-0.007581453634085231,-0.003464912280701782,0.005099975848019356,0.02876190662188416,0.051464486176143354,0.07375303371887815,0.01852522172282689,0.022814333150739774,0,1787239678.0,hltv_2396606_110429_b8_vs_spirit_m2_mirage,de_mirage,0.5142121281615011
1,0.1200503889122288,-0.058441558441558406,0.40714285714285714,0.0663313882063882,0.025829079471320848,-0.08019772200904335,0.019657800063231257,-0.05778460768558541,-0.06465760662520098,0.037220938077043186,-0.0008836152008684373,0,1787248478.0,hltv_2396607_110436_g2_vs_furia_m2_anubis,de_anubis,0.5214812020610132
0,0.1200503889122288,-0.058441558441558406,0.5928571428571429,0.0663313882063882,0.025829079471320848,-0.08019772200904335,0.019657800063231257,-0.05778460768558541,-0.06465760662520098,0.037220938077043186,-0.0008836152008684373,0,1787248478.0,hltv_2396607_110436_g2_vs_furia_m2_anubis,de_anubis,0.4590376978851891
0,0.04953675393518175,-0.05519600250765205,0.45474137931034486,0.009327664796633946,-0.04544218482156772,0.06917840199953407,-0.017593552255213196,0.0667231590318833,0.02098008596588191,0.004993227754158391,0.03194596459397264,1,1787314119.0,hltv_2396608_110449_fut_vs_mouz_m1_dust2,de_dust2,0.4848096445812936
1,0.04953675393518175,-0.05519600250765205,0.5452586206896551,0.009327664796633946,-0.04544218482156772,0.06917840199953407,-0.017593552255213196,0.0667231590318833,0.02098008596588191,0.004993227754158391,0.03194596459397264,0,1787314119.0,hltv_2396608_110449_fut_vs_mouz_m1_dust2,de_dust2,0.47994659161715664
1,0.04953675393518175,-0.05403328386686451,0.5088235294117647,0.009307244174265462,-0.04392011429245473,0.0003526303686399723,-0.009625357234551601,-0.017537763431824616,-0.04439828014343988,-0.005402882118564933,-0.016371003123838823,0,1787317213.0,hltv_2396608_110449_fut_vs_mouz_m2_ancient,de_ancient,0.4981447097364483
0,0.04953675393518175,-0.05403328386686451,0.4911764705882353,0.009307244174265462,-0.04392011429245473,0.0003526303686399723,-0.009625357234551601,-0.017537763431824616,-0.04439828014343988,-0.005402882118564933,-0.016371003123838823,1,1787317213.0,hltv_2396608_110449_fut_vs_mouz_m2_ancient,de_ancient,0.48427798646902365
1,-0.011239114492639275,0.1273432449903038,0.5334821428571429,0.05094098883572567,0.06329346092503986,0.05199142688912706,0.03898321722996273,-0.002006258940307093,-0.03605897266976332,-0.062343017480636476,-0.057616858171896046,0,1787322810.0,hltv_2396609_110456_legacy_vs_falcons_m1_mirage,de_mirage,0.5141883078098876
0,-0.011239114492639275,0.1273432449903038,0.4665178571428571,0.05094098883572567,0.06329346092503986,0.05199142688912706,0.03898321722996273,-0.002006258940307093,-0.03605897266976332,-0.062343017480636476,-0.057616858171896046,0,1787322810.0,hltv_2396609_110456_legacy_vs_falcons_m1_mirage,de_mirage,0.511721902404855
0,-0.042156230114085154,0.08987763060579573,0.45940170940170943,0.03830519264177436,0.05874176007234478,0.0006056823664577493,-0.005532134094418717,-0.019592806218276526,-0.04813278464457882,-0.011038710762413029,-0.023550634207548382,0,1787326969.0,hltv_2396609_110456_legacy_vs_falcons_m2_dust2,de_dust2,0.49022716119686083
1,-0.042156230114085154,0.08987763060579573,0.5405982905982906,0.03830519264177436,0.05874176007234478,0.0006056823664577493,-0.005532134094418717,-0.019592806218276526,-0.04813278464457882,-0.011038710762413029,-0.023550634207548382,0,1787326969.0,hltv_2396609_110456_legacy_vs_falcons_m2_dust2,de_dust2,0.488990701718131
0,0.1414565525320664,0.0804279464041564,0.5902777777777778,0.029687479140801262,-0.0011928124207350455,0.00033652395100403076,-0.03312565051783878,0.04150920265934399,-0.018973648332100412,0.018839237369448092,-0.004698636001736645,0,1787333650.0,hltv_2396610_110462_vitality_vs_spirit_m1_anubis,de_anubis,0.4530811862232467
1,0.1414565525320664,0.0804279464041564,0.4097222222222222,0.029687479140801262,-0.0011928124207350455,0.00033652395100403076,-0.03312565051783878,0.04150920265934399,-0.018973648332100412,0.018839237369448092,-0.004698636001736645,0,1787333650.0,hltv_2396610_110462_vitality_vs_spirit_m1_anubis,de_anubis,0.5203424404046295
0,0.03146664824972131,0.035808934881373045,0.45065789473684215,0.04890109890109889,0.07916666666666666,0.020517695610702824,0.03457211311916558,-0.08014666715777907,-0.09053902542379216,-0.02077249463068409,-0.055909997396756006,1,1787483399.4438183,hltv_2396613_110491_furia_vs_legacy_m2_nuke,de_nuke,0.4809989262402941
1,0.03146664824972131,0.035808934881373045,0.5493421052631579,0.04890109890109889,0.07916666666666666,0.020517695610702824,0.03457211311916558,-0.08014666715777907,-0.09053902542379216,-0.02077249463068409,-0.055909997396756006,0,1787483399.4438183,hltv_2396613_110491_furia_vs_legacy_m2_nuke,de_nuke,0.4733737962137895
1,0.12395586250542644,-0.018228184397395708,0.41216216216216217,0.035522140289089434,0.042996551471127756,0.001685946622302259,0.023002260688009146,-0.04957428245635337,-0.02048001044310649,0.0006116386855133937,-0.010210775302506858,0,1787497232.708665,hltv_2396614_110499_fut_vs_spirit_m2_anubis,de_anubis,0.5256534772071532
0,0.12395586250542644,-0.018228184397395708,0.5878378378378378,0.035522140289089434,0.042996551471127756,0.001685946622302259,0.023002260688009146,-0.04957428245635337,-0.02048001044310649,0.0006116386855133937,-0.010210775302506858,1,1787497232.708665,hltv_2396614_110499_fut_vs_spirit_m2_anubis,de_anubis,0.46103081197727636
1,0.13432535791023545,-0.017781767781767766,0.502906976744186,0.03236193365111464,0.040834451070620364,-0.000309656164008576,-0.01752638426745806,0.008348993543412508,-0.009851226027138005,0.0036768530888217077,0.002493059371482864,0,1787504275.047972,hltv_2396614_110499_fut_vs_spirit_m3_ancient,de_ancient,0.5021514316796349
0,0.13432535791023545,-0.017781767781767766,0.49709302325581395,0.03236193365111464,0.040834451070620364,-0.000309656164008576,-0.01752638426745806,0.008348993543412508,-0.009851226027138005,0.0036768530888217077,0.002493059371482864,1,1787504275.047972,hltv_2396614_110499_fut_vs_spirit_m3_ancient,de_ancient,0.4876402969359801
0,-0.06301801129119873,0.05413848446635339,0.5986842105263157,-0.02878906372256764,-0.06250265529328082,0.01752609331151389,0.12605888301136636,0.01027025215893268,0.06086496104997563,0.055367812293754315,0.0258793701112065,0,1787743105.8793056,hltv_2396923_110581_aurora_vs_g2_m2_anubis,de_anubis,0.4410347448300672
1,-0.06301801129119873,0.05413848446635339,0.40131578947368424,-0.02878906372256764,-0.06250265529328082,0.01752609331151389,0.12605888301136636,0.01027025215893268,0.06086496104997563,0.055367812293754315,0.0258793701112065,0,1787743105.8793056,hltv_2396923_110581_aurora_vs_g2_m2_anubis,de_anubis,0.49496991826874753
0,0.05538888233509289,0.03003003003003002,0.5961538461538461,0.0996969696969697,0.12212121212121213,-0.09203771499170332,0.0028729814948205146,-0.10878170076788363,-0.10414504835066579,-0.008041319843730799,-0.034366519810296925,0,1787764503.9989128,hltv_2396925_110600_natus_vincere_vs_m80_m1_anubis,de_anubis,0.47039747632339995
1,0.05538888233509289,0.03003003003003002,0.40384615384615385,0.0996969696969697,0.12212121212121213,-0.09203771499170332,0.0028729814948205146,-0.10878170076788363,-0.10414504835066579,-0.008041319843730799,-0.034366519810296925,1,1787764503.9989128,hltv_2396925_110600_natus_vincere_vs_m80_m1_anubis,de_anubis,0.5544713918117762
0,0.05538888233509289,0.029585798816568087,0.4668141592920354,0.09972862957937587,0.12333785617367705,0.0023531516015581344,0.011776964495470388,0.10684704575692222,0.07569774362405846,0.06175808373281727,0.0490973871713411,0,1787764508.1896257,hltv_2396925_110600_natus_vincere_vs_m80_m2_mirage,de_mirage,0.4371035835116332
1,0.05538888233509289,0.029585798816568087,0.5331858407079646,0.09972862957937587,0.12333785617367705,0.0023531516015581344,0.011776964495470388,0.10684704575692222,0.07569774362405846,0.06175808373281727,0.0490973871713411,0,1787764508.1896257,hltv_2396925_110600_natus_vincere_vs_m80_m2_mirage,de_mirage,0.4399983929972108
1,0.24213972884152304,0.024214181286549674,0.5328947368421053,0.039076858813700904,0.07932330827067667,-0.0361688572816784,0.028399378409704357,-0.04110957747365901,-0.05911724034142629,0.057374413845797334,-0.014877643558671771,1,1787772423.1643293,hltv_2396926_110604_furia_vs_pain_m1_mirage,de_mirage,0.45170550464473863
0,0.24213972884152304,0.024214181286549674,0.4671052631578947,0.039076858813700904,0.07932330827067667,-0.0361688572816784,0.028399378409704357,-0.04110957747365901,-0.05911724034142629,0.057374413845797334,-0.014877643558671771,1,1787772423.1643293,hltv_2396926_110604_furia_vs_pain_m1_mirage,de_mirage,0.4499747147527572
0,0.24213972884152304,0.06172839506172839,0.4772727272727273,0.04142293731676672,0.08162431941923774,-0.0030790233218531138,0.02691561284158356,0.2099556145267955,0.28857228591233464,0.12946189769732702,0.14336805562118127,1,1787772982.074159,hltv_2396926_110604_furia_vs_pain_m2_cache,de_cache,0.44614060925346033
1,0.24213972884152304,0.06172839506172839,0.5227272727272727,0.04142293731676672,0.08162431941923774,-0.0030790233218531138,0.02691561284158356,0.2099556145267955,0.28857228591233464,0.12946189769732702,0.14336805562118127,1,1787772982.074159,hltv_2396926_110604_furia_vs_pain_m2_cache,de_cache,0.4565411409817699
1,0.09147721162563502,-0.07358579935041498,0.5192307692307693,-0.014299242424242423,-0.06911383572567782,0.06930546170545937,0.08707963259693408,0.004466061446094682,-0.020982386767580408,-0.00039703043449706987,0.014939114318824442,0,1787838982.8138494,hltv_2396928_110630_mouz_vs_9z_m1_cache,de_cache,0.5004617034526421
0,0.09147721162563502,-0.07358579935041498,0.4807692307692307,-0.014299242424242423,-0.06911383572567782,0.06930546170545937,0.08707963259693408,0.004466061446094682,-0.020982386767580408,-0.00039703043449706987,0.014939114318824442,0,1787838982.8138494,hltv_2396928_110630_mouz_vs_9z_m1_cache,de_cache,0.48939681687131203
0,0.1295627169201319,-0.06494400995378596,0.4597457627118644,-0.008060331825037702,-0.0792760180995475,0.0017226242705721262,-0.03863691496624155,0.024685962910954984,-0.016937244545203622,0.012086042732851243,0.005001983287605483,1,1787848576.648805,hltv_2396929_110642_legacy_vs_fut_m2_dust2,de_dust2,0.49006836589053826
1,0.1295627169201319,-0.06494400995378596,0.5402542372881356,-0.008060331825037702,-0.0792760180995475,0.0017226242705721262,-0.03863691496624155,0.024685962910954984,-0.016937244545203622,0.012086042732851243,0.005001983287605483,1,1787848576.648805,hltv_2396929_110642_legacy_vs_fut_m2_dust2,de_dust2,0.4844921669543756
1,0.6195665636472568,0.18917213528520943,0.47580645161290325,0.03110369881963567,0.060019392623046196,-0.016518226230639588,0.09801603147317317,-0.023726287237759047,0.04681180675542923,0.044063503148229266,0.06749273514110915,1,1787855282.566313,hltv_2396930_110648_falcons_vs_lynn_vision_m1_inferno,de_inferno,0.6254940778741022
0,0.6195665636472568,0.18917213528520943,0.5241935483870968,0.03110369881963567,0.060019392623046196,-0.016518226230639588,0.09801603147317317,-0.023726287237759047,0.04681180675542923,0.044063503148229266,0.06749273514110915,1,1787855282.566313,hltv_2396930_110648_falcons_vs_lynn_vision_m1_inferno,de_inferno,0.5854427970202225
0,0.6195665636472568,0.2463699494949495,0.4971910112359551,0.03655416972364881,0.06494986549278553,-0.0016784752317574592,-0.009831697015340146,0.1116783488710924,0.20067058004566476,0.07496982031653793,0.09261331106263704,1,1787859279.3678331,hltv_2396930_110648_falcons_vs_lynn_vision_m2_ancient,de_ancient,0.5927187944135083
1,0.6195665636472568,0.2463699494949495,0.5028089887640449,0.03655416972364881,0.06494986549278553,-0.0016784752317574592,-0.009831697015340146,0.1116783488710924,0.20067058004566476,0.07496982031653793,0.09261331106263704,1,1787859279.3678331,hltv_2396930_110648_falcons_vs_lynn_vision_m2_ancient,de_ancient,0.6172226211307706
1,-0.08741286380590141,0.024041483343808845,0.5399159663865546,-0.03868787648838799,-0.057799287384965134,0.1160727303106911,0.016546411318503262,-0.010750907705952994,-0.02351152848268695,-0.04238551905045451,-0.040119470657000555,1,1787925378.780091,hltv_2396932_110675_g2_vs_spirit_m1_dust2,de_dust2,0.4680143140909815
0,-0.08741286380590141,0.024041483343808845,0.4600840336134454,-0.03868787648838799,-0.057799287384965134,0.1160727303106911,0.016546411318503262,-0.010750907705952994,-0.02351152848268695,-0.04238551905045451,-0.040119470657000555,0,1787925378.780091,hltv_2396932_110675_g2_vs_spirit_m1_dust2,de_dust2,0.47813396423364485
1,-0.08741286380590141,0.02287581699346397,0.5178571428571429,-0.03893996960486322,-0.06075624664759521,-0.0009598346242108979,-0.0026774059370501258,0.03936495744720325,0.02483023343209656,0.02438622839906951,0.0250187532521578,1,1787925385.6183238,hltv_2396932_110675_g2_vs_spirit_m2_cache,de_cache,0.4619952800899549
0,-0.08741286380590141,0.02287581699346397,0.4821428571428571,-0.03893996960486322,-0.06075624664759521,-0.0009598346242108979,-0.0026774059370501258,0.03936495744720325,0.02483023343209656,0.02438622839906951,0.0250187532521578,0,1787925385.6183238,hltv_2396932_110675_g2_vs_spirit_m2_cache,de_cache,0.45046951326990003
0,-0.2039980383017312,-0.10907519153840933,0.45779220779220775,-0.07292250233426704,-0.12013071895424837,-0.0003575588320349765,-0.027248490249418278,0.029163520828996703,0.0860486088081178,0.032861452079176456,0.04423779451251675,1,1787931553.471241,hltv_2396933_110682_natus_vincere_vs_pain_m1_nuke,de_nuke,0.4349515223959819
1,-0.2039980383017312,-0.10907519153840933,0.5422077922077922,-0.07292250233426704,-0.12013071895424837,-0.0003575588320349765,-0.027248490249418278,0.029163520828996703,0.0860486088081178,0.032861452079176456,0.04423779451251675,1,1787931553.471241,hltv_2396933_110682_natus_vincere_vs_pain_m1_nuke,de_nuke,0.42218497161183444
1,-0.2039980383017312,-0.069312871037009,0.5323275862068966,-0.07401656314699792,-0.12078674948240167,0.003972252101788198,0.06348720109760364,-0.08652592796802938,-0.04598663718991186,-0.0463545160616638,-0.040122460052698705,1,1787934855.2367826,hltv_2396933_110682_natus_vincere_vs_pain_m2_mirage,de_mirage,0.4955806602098993
0,-0.2039980383017312,-0.069312871037009,0.4676724137931034,-0.07401656314699792,-0.12078674948240167,0.003972252101788198,0.06348720109760364,-0.08652592796802938,-0.04598663718991186,-0.0463545160616638,-0.040122460052698705,0,1787934855.2367826,hltv_2396933_110682_natus_vincere_vs_pain_m2_mirage,de_mirage,0.49799338416775013
0,0.09353057287488474,-0.031293277937573194,0.45625000000000004,0.06977401129943503,0.08700564971751415,-0.0024640554279699023,-0.038648268317220236,-0.06292386860124971,-0.10713717805175799,-0.024781990535267306,-0.03939639102550313,0,1787944624.4668846,hltv_2396934_110690_m80_vs_furia_m2_dust2,de_dust2,0.503689095408706
1,0.09353057287488474,-0.031293277937573194,0.54375,0.06977401129943503,0.08700564971751415,-0.0024640554279699023,-0.038648268317220236,-0.06292386860124971,-0.10713717805175799,-0.024781990535267306,-0.03939639102550313,1,1787944624.4668846,hltv_2396934_110690_m80_vs_furia_m2_dust2,de_dust2,0.49121894783246506
1,0.09353057287488474,-0.028513880799844626,0.55,0.06961538461538462,0.08756410256410256,-0.003380497492161738,0.07356767379150886,0.145501052656136,0.20205821651074718,0.07884006101052188,0.07668565415410361,0,1787944626.7094939,hltv_2396934_110690_m80_vs_furia_m1_cache,de_cache,0.4313101211586407
0,0.09353057287488474,-0.028513880799844626,0.44999999999999996,0.06961538461538462,0.08756410256410256,-0.003380497492161738,0.07356767379150886,0.145501052656136,0.20205821651074718,0.07884006101052188,0.07668565415410361,0,1787944626.7094939,hltv_2396934_110690_m80_vs_furia_m1_cache,de_cache,0.45170404069539954
1,0.3101015298431077,0.005388471177944831,0.5475206611570248,0.025252525252525276,-0.00555555555555555,0.10379292916938965,0.08140129364157161,0.04749587668656047,0.02865211270640894,0.0412042645391163,0.016764360564567815,1,1787999730.464401,hltv_2396935_110710_vitality_vs_9z_m1_dust2,de_dust2,0.42376682497455287
0,0.3101015298431077,0.005388471177944831,0.4524793388429752,0.025252525252525276,-0.00555555555555555,0.10379292916938965,0.08140129364157161,0.04749587668656047,0.02865211270640894,0.0412042645391163,0.016764360564567815,1,1787999730.464401,hltv_2396935_110710_vitality_vs_9z_m1_dust2,de_dust2,0.4440739007788309
0,0.3101015298431077,0.029061191947378995,0.45833333333333337,0.025675800563744744,-0.004091770250912605,-0.008819380401331345,-0.0499894003370388,0.12655735966594822,0.13738022716409615,0.07914231876147482,0.07959348567645808,1,1787999734.655552,hltv_2396935_110710_vitality_vs_9z_m2_nuke,de_nuke,0.4916944068917949
1,0.3101015298431077,0.029061191947378995,0.5416666666666666,0.025675800563744744,-0.004091770250912605,-0.008819380401331345,-0.0499894003370388,0.12655735966594822,0.13738022716409615,0.07914231876147482,0.07959348567645808,1,1787999734.655552,hltv_2396935_110710_vitality_vs_9z_m2_nuke,de_nuke,0.4751412718541805
1,-0.5743602811112664,-0.27581612258494337,0.42073170731707316,-0.021428571428571432,-0.07142857142857142,-0.1963840310947454,-0.13032279860446905,-0.020899504080597153,0.02967124098905477,0.044060843136758454,0.017805063421648726,0,1788017115.0428796,hltv_2396937_110727_fut_vs_lynn_vision_m2_anubis,de_anubis,0.4351371607123998
0,-0.5743602811112664,-0.27581612258494337,0.5792682926829269,-0.021428571428571432,-0.07142857142857142,-0.1963840310947454,-0.13032279860446905,-0.020899504080597153,0.02967124098905477,0.044060843136758454,0.017805063421648726,0,1788017115.0428796,hltv_2396937_110727_fut_vs_lynn_vision_m2_anubis,de_anubis,0.33511971152303843
1,-0.08435643438414143,0.042009636619152746,0.5363247863247863,0.02774015158531689,0.07438447408230683,-0.20515389302236697,-0.1851162272385008,-0.07712009981957707,-0.11298287414040831,0.019356387378449802,-0.022098833358219494,1,1788024988.5095618,hltv_2396938_110733_legacy_vs_falcons_m1_mirage,de_mirage,0.4852983025877175
0,-0.08435643438414143,0.042009636619152746,0.4636752136752137,0.02774015158531689,0.07438447408230683,-0.20515389302236697,-0.1851162272385008,-0.07712009981957707,-0.11298287414040831,0.019356387378449802,-0.022098833358219494,0,1788024988.5095618,hltv_2396938_110733_legacy_vs_falcons_m1_mirage,de_mirage,0.5002351772150877
0,-0.08435643438414143,0.04086432917267763,0.5027472527472527,0.028500626056874374,0.0735582620144832,-0.004044755777232012,-0.01960148031794562,0.0859610613596406,0.04577193486810782,0.05421758463508586,0.03244311236914932,0,1788029118.1212158,hltv_2396938_110733_legacy_vs_falcons_m2_ancient,de_ancient,0.3745436385564578
1,-0.08435643438414143,0.04086432917267763,0.49725274725274726,0.028500626056874374,0.0735582620144832,-0.004044755777232012,-0.01960148031794562,0.0859610613596406,0.04577193486810782,0.05421758463508586,0.03244311236914932,0,1788029118.1212158,hltv_2396938_110733_legacy_vs_falcons_m2_ancient,de_ancient,0.40382582445494075
0,-0.046268931906294844,0.030139491519345918,0.523936170212766,-0.07365341258454601,-0.08347309155056645,0.15823083870693583,0.10481233484070046,-0.031497747855391,-0.022435498235796436,-0.025053612354485444,-0.007411476074868528,1,1788090776.6349225,hltv_2396940_110759_g2_vs_natus_vincere_m2_inferno,de_inferno,0.40933157606055715
1,-0.046268931906294844,0.030139491519345918,0.47606382978723405,-0.07365341258454601,-0.08347309155056645,0.15823083870693583,0.10481233484070046,-0.031497747855391,-0.022435498235796436,-0.025053612354485444,-0.007411476074868528,1,1788090776.6349225,hltv_2396940_110759_g2_vs_natus_vincere_m2_inferno,de_inferno,0.46961836351217245
0,0.07213796171999677,-0.056682127062884335,0.4528688524590164,0.0558115719406042,0.11336405529953918,-0.02815205976630758,-0.02401785714609711,0.032500985923487824,-0.025609803021178823,7.217533109660224e-05,-0.008866200552580084,1,1788099494.5382078,hltv_2396939_110768_aurora_vs_m80_m1_dust2,de_dust2,0.48571158509464357
1,0.07213796171999677,-0.056682127062884335,0.5471311475409836,0.0558115719406042,0.11336405529953918,-0.02815205976630758,-0.02401785714609711,0.032500985923487824,-0.025609803021178823,7.217533109660224e-05,-0.008866200552580084,1,1788099494.5382078,hltv_2396939_110768_aurora_vs_m80_m1_dust2,de_dust2,0.45839669471582667
1,0.07213796171999677,-0.010815760815760855,0.4763157894736842,0.05541666666666667,0.11239583333333333,0.0032936273856083442,0.036651890181471636,0.15220704097718107,0.10812963655931368,0.08148717532039029,0.06656631081615266,1,1788099496.7999547,hltv_2396939_110768_aurora_vs_m80_m2_inferno,de_inferno,0.4205486302665455
0,0.07213796171999677,-0.010815760815760855,0.5236842105263158,0.05541666666666667,0.11239583333333333,0.0032936273856083442,0.036651890181471636,0.15220704097718107,0.10812963655931368,0.08148717532039029,0.06656631081615266,0,1788099496.7999547,hltv_2396939_110768_aurora_vs_m80_m2_inferno,de_inferno,0.3644551294686945
0,0.1445669165158326,0.07073244552058111,0.459375,0.05440838404327249,0.09372210953346857,-0.10492391234331822,-0.20800503532357434,-0.04038686655520429,-0.037761188898331965,0.03293524808661369,-0.009719440670353297,0,1788113983.7296095,hltv_2396941_110806_vitality_vs_legacy_m1_nuke,de_nuke,0.5152057537559998
1,0.1445669165158326,0.07073244552058111,0.540625,0.05440838404327249,0.09372210953346857,-0.10492391234331822,-0.20800503532357434,-0.04038686655520429,-0.037761188898331965,0.03293524808661369,-0.009719440670353297,1,1788113983.7296095,hltv_2396941_110806_vitality_vs_legacy_m1_nuke,de_nuke,0.49309917642190404
1,-0.0030022413598147085,-0.022508038585209,0.546875,0.00530527532576712,-0.015850147120638952,-0.05669095710041033,-0.0116604038192209,-0.04106896047624109,-0.024766535498522035,0.0009108692921321326,0.008170831271869683,0,1788173236.1868203,hltv_2396943_110821_spirit_vs_furia_m2_cache,de_cache,0.5020691431887128
0,-0.0030022413598147085,-0.022508038585209,0.453125,0.00530527532576712,-0.015850147120638952,-0.05669095710041033,-0.0116604038192209,-0.04106896047624109,-0.024766535498522035,0.0009108692921321326,0.008170831271869683,0,1788173236.1868203,hltv_2396943_110821_spirit_vs_furia_m2_cache,de_cache,0.5322548581568981
1,-0.0030022413598147085,-0.03805051158652489,0.49728260869565216,0.005263630378837758,-0.015570451054322032,-7.718499898073938e-05,-0.029919242411137248,-0.11224589131172208,-0.1296279347307921,-0.061902775746888294,-0.06544036587809549,1,1788173246.8706045,hltv_2396943_110821_spirit_vs_furia_m1_ancient,de_ancient,0.5374162290906304
0,-0.0030022413598147085,-0.03805051158652489,0.5027173913043479,0.005263630378837758,-0.015570451054322032,-7.718499898073938e-05,-0.029919242411137248,-0.11224589131172208,-0.1296279347307921,-0.061902775746888294,-0.06544036587809549,1,1788173246.8706045,hltv_2396943_110821_spirit_vs_furia_m1_ancient,de_ancient,0.5086278688229537
0,-0.06301801129119873,0.03744887525562368,0.5773809523809523,-0.029642819642819652,-0.0705928554985159,0.12505986249455336,0.10376031437600652,0.05805451439648718,-0.016050897296854938,-0.007305906639077098,0.003488259505831537,0,1788188255.1754515,hltv_2396944_110828_g2_vs_aurora_m1_anubis,de_anubis,0.37390217514454294
1,-0.06301801129119873,0.03744887525562368,0.4226190476190476,-0.029642819642819652,-0.0705928554985159,0.12505986249455336,0.10376031437600652,0.05805451439648718,-0.016050897296854938,-0.007305906639077098,0.003488259505831537,0,1788188255.1754515,hltv_2396944_110828_g2_vs_aurora_m1_anubis,de_anubis,0.49274072896100285
0,-0.06301801129119873,0.011926889714993782,0.5182291666666667,-0.02968492615695438,-0.07111797651073337,-0.0017363141590913678,0.009853372199806032,-0.023726151130342432,-0.01762825743584573,-0.019243101778821048,-0.016681935418259408,1,1788188455.149085,hltv_2396944_110828_g2_vs_aurora_m2_inferno,de_inferno,0.4745046630800129
1,-0.06301801129119873,0.011926889714993782,0.4817708333333333,-0.02968492615695438,-0.07111797651073337,-0.0017363141590913678,0.009853372199806032,-0.023726151130342432,-0.01762825743584573,-0.019243101778821048,-0.016681935418259408,0,1788188455.149085,hltv_2396944_110828_g2_vs_aurora_m2_inferno,de_inferno,0.5246906836235599
0,-0.01029903268250133,0.05361280808931962,0.5026881720430108,0.011099080069186147,0.036698075951692145,0.07986694496265967,0.15540694839169378,-0.037623514871026054,-0.046889179821724136,-0.05862569620131458,-0.041657020883063944,1,1788198754.7946482,hltv_2396945_110839_mouz_vs_falcons_m2_ancient,de_ancient,0.5044229421243035
1,-0.01029903268250133,0.05361280808931962,0.49731182795698925,0.011099080069186147,0.036698075951692145,0.07986694496265967,0.15540694839169378,-0.037623514871026054,-0.046889179821724136,-0.05862569620131458,-0.041657020883063944,0,1788198754.7946482,hltv_2396945_110839_mouz_vs_falcons_m2_ancient,de_ancient,0.5315089417431134
1,-0.01029903268250133,0.05270034843205579,0.5462962962962963,0.011065678024365415,0.036256017546872105,-0.004187788971926953,-0.005219094159212179,-0.03816293043793362,-0.07365646638893997,-0.02658407117038497,-0.021175308133733917,1,1788198846.0819056,hltv_2396945_110839_mouz_vs_falcons_m1_nuke,de_nuke,0.49493203036967826
0,-0.01029903268250133,0.05270034843205579,0.4537037037037037,0.011065678024365415,0.036256017546872105,-0.004187788971926953,-0.005219094159212179,-0.03816293043793362,-0.07365646638893997,-0.02658407117038497,-0.021175308133733917,0,1788198846.0819056,hltv_2396945_110839_mouz_vs_falcons_m1_nuke,de_nuke,0.5264786074310759
0,0.27412963343596447,0.04658730158730162,0.4532520325203252,0.043372599414578404,0.01881734457446599,-0.015886391553447732,0.03628155105502617,-0.051620435260962605,-0.044837450249401334,-0.02054777007370251,-0.00416750719870479,1,1788207898.579855,hltv_2396946_110851_fut_vs_vitality_m2_dust2,de_dust2,0.5994510277029828
1,0.27412963343596447,0.04658730158730162,0.5467479674796748,0.043372599414578404,0.01881734457446599,-0.015886391553447732,0.03628155105502617,-0.051620435260962605,-0.044837450249401334,-0.02054777007370251,-0.00416750719870479,0,1788207898.579855,hltv_2396946_110851_fut_vs_vitality_m2_dust2,de_dust2,0.5694546975562188
1,0.27412963343596447,0.04592077565860819,0.42441860465116277,0.04287878787878788,0.018852813852813843,0.010932566795580856,0.051562544990471526,0.04571375478749862,0.11288289764487269,0.019376530032914563,0.031338253944278804,0,1788208244.1998298,hltv_2396946_110851_fut_vs_vitality_m1_anubis,de_anubis,0.5809414538209952
0,0.27412963343596447,0.04592077565860819,0.5755813953488372,0.04287878787878788,0.018852813852813843,0.010932566795580856,0.051562544990471526,0.04571375478749862,0.11288289764487269,0.019376530032914563,0.031338253944278804,1,1788208244.1998298,hltv_2396946_110851_fut_vs_vitality_m1_anubis,de_anubis,0.4698610821573418
