is_ct,form_gap,pistol_rate_gap,call_early_winrate,call_mid_winrate,call_early_alive_end,call_mid_alive_end,call_early_future_kill,call_mid_future_kill,y,mtime,key,map,p_cal
1,0.6678293725756554,0.0,0.0033100662881599963,-0.0016888895367280221,0.07040215388859494,0.052022879075209416,0.03708182687322564,0.02375952652283614,1,1769957970.0,hltv_2389644_103938_falcons_vs_aurora_m2_mirage,de_mirage,
0,0.6678293725756554,0.0,0.0033100662881599963,-0.0016888895367280221,0.07040215388859494,0.052022879075209416,0.03708182687322564,0.02375952652283614,0,1769957970.0,hltv_2389644_103938_falcons_vs_aurora_m2_mirage,de_mirage,
0,-0.10598971419071462,0.0,0.0025356185059350334,0.004912291803800151,-0.04167643102447732,-0.06276148983813906,-0.017574843867717627,-0.029847657452817034,1,1769970577.0,hltv_2389646_103946_the_mongolz_vs_furia_m2_inferno,de_inferno,
1,-0.10598971419071462,0.0,0.0025356185059350334,0.004912291803800151,-0.04167643102447732,-0.06276148983813906,-0.017574843867717627,-0.029847657452817034,0,1769970577.0,hltv_2389646_103946_the_mongolz_vs_furia_m2_inferno,de_inferno,
1,-0.07767966663252784,0.625,0.0014958555669987161,0.0054389269208675595,-0.016639247329080953,-0.01639692644613111,-0.00989684428233123,-0.010476403096824849,0,1769981411.0,hltv_2389647_103949_natus_vincere_vs_spirit_m2_dust2,de_dust2,
0,-0.07767966663252784,0.625,0.0014958555669987161,0.0054389269208675595,-0.016639247329080953,-0.01639692644613111,-0.00989684428233123,-0.010476403096824849,0,1769981411.0,hltv_2389647_103949_natus_vincere_vs_spirit_m2_dust2,de_dust2,
0,1.112575995685496,-0.625,-0.005432436775178573,-0.0013902020105753254,0.14306077889697671,0.1341163603705095,0.07837689875677517,0.07912763788504834,1,1770043438.0,hltv_2389649_103964_3dmax_vs_vitality_m2_dust2,de_dust2,
1,1.112575995685496,-0.625,-0.005432436775178573,-0.0013902020105753254,0.14306077889697671,0.1341163603705095,0.07837689875677517,0.07912763788504834,0,1770043438.0,hltv_2389649_103964_3dmax_vs_vitality_m2_dust2,de_dust2,
1,0.4200522385774805,0.13888888888888884,0.00294628828253507,0.01057443877129094,0.06114436950119412,0.008497080708185833,0.04004172562887198,0.015932463740946867,0,1770044134.0,hltv_2389651_103966_mouz_vs_aurora_m2_inferno,de_inferno,
0,0.4200522385774805,0.13888888888888884,0.00294628828253507,0.01057443877129094,0.06114436950119412,0.008497080708185833,0.04004172562887198,0.015932463740946867,1,1770044134.0,hltv_2389651_103966_mouz_vs_aurora_m2_inferno,de_inferno,
1,0.3770742077145569,0.0,-0.03466140614328106,-0.14863312043797194,0.14718961240881895,0.10040534334564144,0.03821968847479401,0.028937492279552057,0,1770059408.0,hltv_2389653_103979_furia_vs_natus_vincere_m1_mirage,de_mirage,
0,0.3770742077145569,0.0,-0.03466140614328106,-0.14863312043797194,0.14718961240881895,0.10040534334564144,0.03821968847479401,0.028937492279552057,0,1770059408.0,hltv_2389653_103979_furia_vs_natus_vincere_m1_mirage,de_mirage,
0,0.4804423565163537,-0.27777777777777773,0.002074994845144118,-0.002699289634617741,0.08754443996306188,0.058003473256462545,0.052140389377520746,0.03766960910548289,1,1770063573.0,hltv_2389653_103979_furia_vs_natus_vincere_m2_inferno,de_inferno,
1,0.4804423565163537,-0.27777777777777773,0.002074994845144118,-0.002699289634617741,0.08754443996306188,0.058003473256462545,0.052140389377520746,0.03766960910548289,0,1770063573.0,hltv_2389653_103979_furia_vs_natus_vincere_m2_inferno,de_inferno,
0,-0.4402441895939015,0.0,-0.00214837279953195,-0.018567357670979112,-0.058870703152627435,-0.11862277338512905,-0.03329010725344139,-0.04946948689665659,1,1770063667.0,hltv_2389654_103977_fut_vs_astralis_m2_overpass,de_overpass,
1,-0.4402441895939015,0.0,-0.00214837279953195,-0.018567357670979112,-0.058870703152627435,-0.11862277338512905,-0.03329010725344139,-0.04946948689665659,0,1770063667.0,hltv_2389654_103977_fut_vs_astralis_m2_overpass,de_overpass,
0,0.41632512203981104,-0.1923076923076923,-0.19269149111823086,-0.26967188481480847,-0.004788991570818246,-0.006943444358043505,0.057702422919831076,-0.029261137303977724,1,1770126018.0,hltv_2389656_103994_3dmax_vs_falcons_m1_anubis,de_anubis,
1,0.41632512203981104,-0.1923076923076923,-0.19269149111823086,-0.26967188481480847,-0.004788991570818246,-0.006943444358043505,0.057702422919831076,-0.029261137303977724,1,1770126018.0,hltv_2389656_103994_3dmax_vs_falcons_m1_anubis,de_anubis,
0,0.41632512203981104,0.0892857142857143,0.0038933890506807067,0.025201271274618353,0.06904072850385035,0.036600612713445,0.031946981599914714,0.02009273133309003,0,1770129795.0,hltv_2389656_103994_3dmax_vs_falcons_m2_dust2,de_dust2,
1,0.41632512203981104,0.0892857142857143,0.0038933890506807067,0.025201271274618353,0.06904072850385035,0.036600612713445,0.031946981599914714,0.02009273133309003,1,1770129795.0,hltv_2389656_103994_3dmax_vs_falcons_m2_dust2,de_dust2,
1,0.09670523039189287,-0.10869565217391303,0.28484972672528375,0.22956968922910537,-0.0013488378231694687,-0.048425958463411134,-0.09091686164988766,-0.09583184665239047,0,1770135643.0,hltv_2389657_104002_astralis_vs_furia_m1_overpass,de_overpass,
0,0.09670523039189287,-0.10869565217391303,0.28484972672528375,0.22956968922910537,-0.0013488378231694687,-0.048425958463411134,-0.09091686164988766,-0.09583184665239047,1,1770135643.0,hltv_2389657_104002_astralis_vs_furia_m1_overpass,de_overpass,
0,-0.03205073431407572,-0.0892857142857143,-0.01876756099520982,-0.0024469609013502702,-0.05545801758954505,-0.07911388280801201,-0.04037866245482896,-0.05637913470375999,1,1770139710.0,hltv_2389657_104002_astralis_vs_furia_m2_mirage,de_mirage,
1,-0.03205073431407572,-0.0892857142857143,-0.01876756099520982,-0.0024469609013502702,-0.05545801758954505,-0.07911388280801201,-0.04037866245482896,-0.05637913470375999,1,1770139710.0,hltv_2389657_104002_astralis_vs_furia_m2_mirage,de_mirage,
1,-0.41635091575341543,0.0,-0.003647217960146776,0.021531522940061054,-0.047329495035802915,0.014409132147392978,-0.02409375872126196,-0.009127802903900306,1,1770139987.0,hltv_2389659_104003_g2_vs_spirit_m2_overpass,de_overpass,
0,-0.41635091575341543,0.0,-0.003647217960146776,0.021531522940061054,-0.047329495035802915,0.014409132147392978,-0.02409375872126196,-0.009127802903900306,0,1770139987.0,hltv_2389659_104003_g2_vs_spirit_m2_overpass,de_overpass,
1,-0.4128133593587102,0.3010033444816054,-0.1377358800907177,-0.2656182579744799,-0.03521611312867706,-0.032270979554288426,0.002460063743628338,-0.004465532738040179,0,1770154090.0,hltv_2389658_104008_vitality_vs_aurora_m2_overpass,de_overpass,
0,-0.4128133593587102,0.3010033444816054,-0.1377358800907177,-0.2656182579744799,-0.03521611312867706,-0.032270979554288426,0.002460063743628338,-0.004465532738040179,1,1770154090.0,hltv_2389658_104008_vitality_vs_aurora_m2_overpass,de_overpass,
0,0.0038453369322621056,0.1650432900432901,-0.14132877764989638,-0.028069227598007895,-0.10073826791229257,-0.017757317125748573,-0.008733722394297816,-0.01631837265055991,1,1770156369.0,hltv_2389660_104011_falcons_vs_mouz_m2_dust2,de_dust2,
1,0.0038453369322621056,0.1650432900432901,-0.14132877764989638,-0.028069227598007895,-0.10073826791229257,-0.017757317125748573,-0.008733722394297816,-0.01631837265055991,1,1770156369.0,hltv_2389660_104011_falcons_vs_mouz_m2_dust2,de_dust2,
0,0.01222741069417078,-0.0892857142857143,0.03558520050015401,0.2423360223173217,-0.016629462420553465,0.04200627592290518,-0.003535776321154205,-0.04543904771024909,1,1770395646.0,hltv_2389661_104067_furia_vs_aurora_m2_mirage,de_mirage,
1,0.01222741069417078,-0.0892857142857143,0.03558520050015401,0.2423360223173217,-0.016629462420553465,0.04200627592290518,-0.003535776321154205,-0.04543904771024909,1,1770395646.0,hltv_2389661_104067_furia_vs_aurora_m2_mirage,de_mirage,
0,0.5241295893923535,0.012626262626262597,-0.2929839607226858,-0.2167239258229659,0.03227052012910947,0.028454436463309363,0.07410013754376038,0.0497740073105048,0,1770497948.0,hltv_2389664_104113_vitality_vs_mouz_m2_dust2,de_dust2,
1,0.5241295893923535,0.012626262626262597,-0.2929839607226858,-0.2167239258229659,0.03227052012910947,0.028454436463309363,0.07410013754376038,0.0497740073105048,1,1770497948.0,hltv_2389664_104113_vitality_vs_mouz_m2_dust2,de_dust2,
0,-0.282047569614549,-0.13157894736842107,0.3094454597681256,0.3453990221537513,-0.028735006168188137,0.0583147214391308,-0.07780209388996334,-0.01628581838536336,0,1770560071.0,hltv_2389665_104123_spirit_vs_mouz_m2_mirage,de_mirage,
1,-0.282047569614549,-0.13157894736842107,0.3094454597681256,0.3453990221537513,-0.028735006168188137,0.0583147214391308,-0.07780209388996334,-0.01628581838536336,0,1770560071.0,hltv_2389665_104123_spirit_vs_mouz_m2_mirage,de_mirage,
0,-0.33685889847343337,0.17448512585812354,-0.15098947788166744,-0.020700530274176954,-0.07921428839695294,-0.05207360801638117,0.05823950941342271,-0.017101270847758532,0,1770576742.0,hltv_2389666_104141_furia_vs_vitality_m3_nuke,de_nuke,
1,-0.33685889847343337,0.17448512585812354,-0.15098947788166744,-0.020700530274176954,-0.07921428839695294,-0.05207360801638117,0.05823950941342271,-0.017101270847758532,0,1770576742.0,hltv_2389666_104141_furia_vs_vitality_m3_nuke,de_nuke,
1,-0.4683112407194617,0.0,0.004525364594297976,-0.004988542759134629,-0.14036987772082704,-0.23584238873030966,-0.08748150018427714,-0.12327128891455408,0,1770581733.0,hltv_2389666_104141_furia_vs_vitality_m4_overpass,de_overpass,
0,-0.4683112407194617,0.0,0.004525364594297976,-0.004988542759134629,-0.14036987772082704,-0.23584238873030966,-0.08748150018427714,-0.12327128891455408,1,1770581733.0,hltv_2389666_104141_furia_vs_vitality_m4_overpass,de_overpass,
1,-0.13226440328203357,0.0,0.18142935601633486,0.25133315187499117,-0.1109568845721342,-0.0790597014649182,-0.03064832841784837,-0.09079748939117638,0,1771061989.6006212,hltv_2389948_104317_aurora_vs_fut_m1_mirage,de_mirage,
0,-0.13226440328203357,0.0,0.18142935601633486,0.25133315187499117,-0.1109568845721342,-0.0790597014649182,-0.03064832841784837,-0.09079748939117638,0,1771061989.6006212,hltv_2389948_104317_aurora_vs_fut_m1_mirage,de_mirage,
0,0.15512174339572246,-0.19798136645962738,-0.18457524186551116,0.02593417783676094,-0.18014902980066966,-0.11052981717337079,0.011154069703813607,-0.021792927693165987,1,1771061993.6640399,hltv_2389947_104312_natus_vincere_vs_astralis_m1_nuke,de_nuke,
1,0.15512174339572246,-0.19798136645962738,-0.18457524186551116,0.02593417783676094,-0.18014902980066966,-0.11052981717337079,0.011154069703813607,-0.021792927693165987,0,1771061993.6640399,hltv_2389947_104312_natus_vincere_vs_astralis_m1_nuke,de_nuke,
1,0.03579662345585879,-0.16504329004329005,0.005563853248643058,-0.0032252953973729848,-0.07080257788017419,-0.04729185152131393,-0.03589513638123648,-0.031168036305711078,0,1771064686.0282722,hltv_2389947_104312_natus_vincere_vs_astralis_m2_mirage,de_mirage,
0,0.03579662345585879,-0.16504329004329005,0.005563853248643058,-0.0032252953973729848,-0.07080257788017419,-0.04729185152131393,-0.03589513638123648,-0.031168036305711078,0,1771064686.0282722,hltv_2389947_104312_natus_vincere_vs_astralis_m2_mirage,de_mirage,
1,-0.22567024736104602,-0.1744851258581236,-7.670136853760168e-05,-0.027015892767572824,-0.015094198341139231,-0.0978912933246695,-0.00486296358560967,-0.03900497685427079,0,1771068762.756181,hltv_2389948_104317_aurora_vs_fut_m2_anubis,de_anubis,
0,-0.22567024736104602,-0.1744851258581236,-7.670136853760168e-05,-0.027015892767572824,-0.015094198341139231,-0.0978912933246695,-0.00486296358560967,-0.03900497685427079,0,1771068762.756181,hltv_2389948_104317_aurora_vs_fut_m2_anubis,de_anubis,
1,-0.08109435488264498,-0.29485049833887045,0.0015626602995394423,-0.009316398384259073,0.055479450623372784,0.030351363213567184,0.031330894058649805,0.021448962073062905,0,1771068882.9695184,hltv_2389948_104317_aurora_vs_fut_m3_overpass,de_overpass,
0,-0.08109435488264498,-0.29485049833887045,0.0015626602995394423,-0.009316398384259073,0.055479450623372784,0.030351363213567184,0.031330894058649805,0.021448962073062905,0,1771068882.9695184,hltv_2389948_104317_aurora_vs_fut_m3_overpass,de_overpass,
1,0.41632512203981104,0.13157894736842102,0.15320126459263383,0.05086424736292583,0.018866917689332963,-0.018400667130562876,0.0091724667675121,0.007873670334388683,0,1771087171.105233,hltv_2389952_104340_falcons_vs_3dmax_m1_nuke,de_nuke,
0,0.41632512203981104,0.13157894736842102,0.15320126459263383,0.05086424736292583,0.018866917689332963,-0.018400667130562876,0.0091724667675121,0.007873670334388683,1,1771087171.105233,hltv_2389952_104340_falcons_vs_3dmax_m1_nuke,de_nuke,
0,-0.7172637871986012,-0.4910714285714286,-0.018784765308840323,-0.06452595666002803,-0.10808725291311616,-0.16860209981980484,-0.061449198539216265,-0.0693832046246704,1,1771096890.9878044,hltv_2389954_104361_the_mongolz_vs_pain_m1_nuke,de_nuke,
1,-0.7172637871986012,-0.4910714285714286,-0.018784765308840323,-0.06452595666002803,-0.10808725291311616,-0.16860209981980484,-0.061449198539216265,-0.0693832046246704,0,1771096890.9878044,hltv_2389954_104361_the_mongolz_vs_pain_m1_nuke,de_nuke,
0,-0.2803019651541585,-0.3238866396761133,0.0036252606107189944,0.032698274162416774,0.005816086346264404,0.04687855085286868,0.005996107711683463,0.017484008428690245,0,1771098095.7540007,hltv_2389954_104361_the_mongolz_vs_pain_m3_dust2,de_dust2,
1,-0.2803019651541585,-0.3238866396761133,0.0036252606107189944,0.032698274162416774,0.005816086346264404,0.04687855085286868,0.005996107711683463,0.017484008428690245,0,1771098095.7540007,hltv_2389954_104361_the_mongolz_vs_pain_m3_dust2,de_dust2,
0,0.4368096517068203,-0.13157894736842107,-0.1964872748524381,-0.10206017288175906,-0.018202178282834103,-0.009379073795192483,0.010710520831702652,-0.010289373860882911,1,1771147641.8305657,hltv_2389956_104371_3dmax_vs_astralis_m1_overpass,de_overpass,
1,0.4368096517068203,-0.13157894736842107,-0.1964872748524381,-0.10206017288175906,-0.018202178282834103,-0.009379073795192483,0.010710520831702652,-0.010289373860882911,1,1771147641.8305657,hltv_2389956_104371_3dmax_vs_astralis_m1_overpass,de_overpass,
1,0.449264734911323,0.017618040873854823,0.05365711292444947,0.0710333768498464,0.08915457818214667,0.04331990763932825,0.06146118585954147,0.002707450561642677,1,1771150211.4325378,hltv_2389956_104371_3dmax_vs_astralis_m2_nuke,de_nuke,
0,0.449264734911323,0.017618040873854823,0.05365711292444947,0.0710333768498464,0.08915457818214667,0.04331990763932825,0.06146118585954147,0.002707450561642677,0,1771150211.4325378,hltv_2389956_104371_3dmax_vs_astralis_m2_nuke,de_nuke,
0,0.2605155071831522,0.32593375616631426,0.08558115060706661,0.041322696120312474,0.16559819273309206,0.1775025202223951,0.06849658493425864,0.05366617316298272,1,1771150878.538859,hltv_2389955_104372_natus_vincere_vs_mouz_m2_mirage,de_mirage,
1,0.2605155071831522,0.32593375616631426,0.08558115060706661,0.041322696120312474,0.16559819273309206,0.1775025202223951,0.06849658493425864,0.05366617316298272,0,1771150878.538859,hltv_2389955_104372_natus_vincere_vs_mouz_m2_mirage,de_mirage,
0,-0.006580269844881657,0.125,0.3356542049721066,0.3417374906385411,-0.07660773874339027,-0.05412765484277593,-0.07597400208187144,-0.08079296858185914,0,1771160600.947579,hltv_2389958_104377_g2_vs_parivision_m2_inferno,de_inferno,
1,-0.006580269844881657,0.125,0.3356542049721066,0.3417374906385411,-0.07660773874339027,-0.05412765484277593,-0.07597400208187144,-0.08079296858185914,1,1771160600.947579,hltv_2389958_104377_g2_vs_parivision_m2_inferno,de_inferno,
1,-0.17902216248166897,0.09999999999999998,-0.0030007399677259294,-0.014962056238120303,-0.017969454879121383,-0.08172732930154303,-0.018505933565612587,-0.03400148877074555,1,1771160604.0111716,hltv_2389958_104377_g2_vs_parivision_m1_mirage,de_mirage,
0,-0.17902216248166897,0.09999999999999998,-0.0030007399677259294,-0.014962056238120303,-0.017969454879121383,-0.08172732930154303,-0.018505933565612587,-0.03400148877074555,1,1771160604.0111716,hltv_2389958_104377_g2_vs_parivision_m1_mirage,de_mirage,
1,0.0812113600191336,0.3055555555555555,-0.004670807924284093,-0.008193188175457222,0.060115723829656575,0.025044908300334512,0.037565007624405566,0.02710037843005697,1,1771161219.8985984,hltv_2389958_104377_g2_vs_parivision_m3_dust2,de_dust2,
0,0.0812113600191336,0.3055555555555555,-0.004670807924284093,-0.008193188175457222,0.060115723829656575,0.025044908300334512,0.037565007624405566,0.02710037843005697,0,1771161219.8985984,hltv_2389958_104377_g2_vs_parivision_m3_dust2,de_dust2,
1,0.36449286191607666,0.12152777777777779,-0.27102540046299506,-0.20875585412472492,0.08209418599549473,0.08779790955366529,0.10416646507242572,0.11725901490860424,0,1771172163.7666626,hltv_2389960_104385_aurora_vs_pain_m2_anubis,de_anubis,
0,0.36449286191607666,0.12152777777777779,-0.27102540046299506,-0.20875585412472492,0.08209418599549473,0.08779790955366529,0.10416646507242572,0.11725901490860424,1,1771172163.7666626,hltv_2389960_104385_aurora_vs_pain_m2_anubis,de_anubis,
1,0.4362889347396115,0.07588187038556193,0.001713193391839618,-0.005655439438927434,0.1250441190848206,0.14255856352853546,0.07341003031403914,0.080301643991609,1,1771172164.130664,hltv_2389960_104385_aurora_vs_pain_m1_nuke,de_nuke,
0,0.4362889347396115,0.07588187038556193,0.001713193391839618,-0.005655439438927434,0.1250441190848206,0.14255856352853546,0.07341003031403914,0.080301643991609,0,1771172164.130664,hltv_2389960_104385_aurora_vs_pain_m1_nuke,de_nuke,
1,-0.06760841441336536,-0.2272727272727273,0.41965486410915637,0.2562208734082588,0.07262864393601703,-0.007795696155042275,-0.07368128854265404,-0.08090052737432513,0,1771172654.5914345,hltv_2389959_104390_furia_vs_fut_m1_mirage,de_mirage,
0,-0.06760841441336536,-0.2272727272727273,0.41965486410915637,0.2562208734082588,0.07262864393601703,-0.007795696155042275,-0.07368128854265404,-0.08090052737432513,0,1771172654.5914345,hltv_2389959_104390_furia_vs_fut_m1_mirage,de_mirage,
0,-0.09077002721885173,-0.3062613430127042,0.0012972557560586018,-0.005129274416438845,-0.03071779748727599,-0.04296812816051465,-0.013802859128878853,-0.027005671792702746,0,1771172666.5368783,hltv_2389959_104390_furia_vs_fut_m2_overpass,de_overpass,
1,-0.09077002721885173,-0.3062613430127042,0.0012972557560586018,-0.005129274416438845,-0.03071779748727599,-0.04296812816051465,-0.013802859128878853,-0.027005671792702746,1,1771172666.5368783,hltv_2389959_104390_furia_vs_fut_m2_overpass,de_overpass,
0,0.2066822742601377,-0.2741228070175439,0.057574238890467866,0.11613741558766016,-0.03800337545611371,-0.14858140200943282,-0.0025506270549619514,-0.025814789718252296,0,1771185698.216049,hltv_2389961_104404_vitality_vs_the_mongolz_m2_dust2,de_dust2,
1,0.2066822742601377,-0.2741228070175439,0.057574238890467866,0.11613741558766016,-0.03800337545611371,-0.14858140200943282,-0.0025506270549619514,-0.025814789718252296,1,1771185698.216049,hltv_2389961_104404_vitality_vs_the_mongolz_m2_dust2,de_dust2,
1,0.3203167963989277,-0.2305533279871692,0.006680750279905667,0.07016283434252774,0.1278242735898486,0.16321692193746173,0.06251425337230443,0.05921671716059512,1,1771185699.5924711,hltv_2389961_104404_vitality_vs_the_mongolz_m1_mirage,de_mirage,
0,0.3203167963989277,-0.2305533279871692,0.006680750279905667,0.07016283434252774,0.1278242735898486,0.16321692193746173,0.06251425337230443,0.05921671716059512,1,1771185699.5924711,hltv_2389961_104404_vitality_vs_the_mongolz_m1_mirage,de_mirage,
1,0.2369587841580471,-0.07352941176470584,0.0012850845502128116,-0.00971349758357476,-0.017816618292279818,0.006880921156735664,-0.005309610728812364,-0.0025433940177261305,1,1771186052.7896562,hltv_2389961_104404_vitality_vs_the_mongolz_m3_nuke,de_nuke,
0,0.2369587841580471,-0.07352941176470584,0.0012850845502128116,-0.00971349758357476,-0.017816618292279818,0.006880921156735664,-0.005309610728812364,-0.0025433940177261305,0,1771186052.7896562,hltv_2389961_104404_vitality_vs_the_mongolz_m3_nuke,de_nuke,
0,0.01117588194774512,-0.2608892921960072,0.23418107186208653,0.0628465774443655,0.0643210044094204,0.060198982488145925,0.015117259363152724,0.0055246773817762,1,1771237382.2445998,hltv_2389963_104429_natus_vincere_vs_aurora_m1_anubis,de_anubis,
1,0.01117588194774512,-0.2608892921960072,0.23418107186208653,0.0628465774443655,0.0643210044094204,0.060198982488145925,0.015117259363152724,0.0055246773817762,0,1771237382.2445998,hltv_2389963_104429_natus_vincere_vs_aurora_m1_anubis,de_anubis,
0,0.6745457546093998,0.24436090225563906,-0.004223766672689422,-0.045316520505067515,0.21255505801756938,0.14439911639211028,0.11794135584547705,0.08167201289906556,1,1771237387.282328,hltv_2389964_104425_faze_vs_parivision_m2_ancient,de_ancient,
1,0.6745457546093998,0.24436090225563906,-0.004223766672689422,-0.045316520505067515,0.21255505801756938,0.14439911639211028,0.11794135584547705,0.08167201289906556,0,1771237387.282328,hltv_2389964_104425_faze_vs_parivision_m2_ancient,de_ancient,
0,0.23685184822763383,0.20965468639887241,-0.003906596445122035,-0.02616702164353557,0.0021827855273799934,-0.02205293046393103,0.006698481147257684,0.003232037749350658,1,1771238989.727141,hltv_2389964_104425_faze_vs_parivision_m3_inferno,de_inferno,
1,0.23685184822763383,0.20965468639887241,-0.003906596445122035,-0.02616702164353557,0.0021827855273799934,-0.02205293046393103,0.006698481147257684,0.003232037749350658,0,1771238989.727141,hltv_2389964_104425_faze_vs_parivision_m3_inferno,de_inferno,
1,-0.03501847453343297,-0.284641472868217,0.2800560003786005,0.1928289132341655,-0.005227481541359602,-0.00976181369273521,-0.03843304293084754,-0.058690016060263195,1,1771246308.4078553,hltv_2389966_104430_fut_vs_astralis_m2_mirage,de_mirage,
0,-0.03501847453343297,-0.284641472868217,0.2800560003786005,0.1928289132341655,-0.005227481541359602,-0.00976181369273521,-0.03843304293084754,-0.058690016060263195,0,1771246308.4078553,hltv_2389966_104430_fut_vs_astralis_m2_mirage,de_mirage,
0,-0.10193841077282383,-0.2555031446540881,-0.004636873236927852,-0.04616962688181192,-0.07121905710218046,-0.10708540544997164,-0.04183302669870026,-0.04771411931728603,1,1771246316.4557352,hltv_2389966_104430_fut_vs_astralis_m1_overpass,de_overpass,
1,-0.10193841077282383,-0.2555031446540881,-0.004636873236927852,-0.04616962688181192,-0.07121905710218046,-0.10708540544997164,-0.04183302669870026,-0.04771411931728603,0,1771246316.4557352,hltv_2389966_104430_fut_vs_astralis_m1_overpass,de_overpass,
0,-0.03853677670221432,0.1282051282051282,0.018158894126205083,0.014992494542260815,0.06798911974498567,0.08581752198871867,0.027840887325368824,0.0754247188458751,1,1771253443.3200674,hltv_2389965_104434_the_mongolz_vs_b8_m1_ancient,de_ancient,
1,-0.03853677670221432,0.1282051282051282,0.018158894126205083,0.014992494542260815,0.06798911974498567,0.08581752198871867,0.027840887325368824,0.0754247188458751,1,1771253443.3200674,hltv_2389965_104434_the_mongolz_vs_b8_m1_ancient,de_ancient,
1,-0.12600738107928655,0.2777777777777778,0.010190732537213754,-0.02915838568785356,-0.019971418368633087,-0.1412421822766552,-0.00891379745046228,-0.041020690028113316,0,1771253455.694282,hltv_2389965_104434_the_mongolz_vs_b8_m2_mirage,de_mirage,
0,-0.12600738107928655,0.2777777777777778,0.010190732537213754,-0.02915838568785356,-0.019971418368633087,-0.1412421822766552,-0.00891379745046228,-0.041020690028113316,0,1771253455.694282,hltv_2389965_104434_the_mongolz_vs_b8_m2_mirage,de_mirage,
0,-0.06681920014466547,0.05767524401064783,0.003207519857529373,0.002402008040906012,0.024193851185170312,0.07956439370414481,0.026238873096979143,0.03492034215647016,1,1771253459.5579188,hltv_2389965_104434_the_mongolz_vs_b8_m3_nuke,de_nuke,
1,-0.06681920014466547,0.05767524401064783,0.003207519857529373,0.002402008040906012,0.024193851185170312,0.07956439370414481,0.026238873096979143,0.03492034215647016,1,1771253459.5579188,hltv_2389965_104434_the_mongolz_vs_b8_m3_nuke,de_nuke,
0,-0.0735740503071945,0.12651821862348178,-0.010086960050936011,-0.055197939657931794,0.018781250548629502,-0.024788479693288012,0.029883812662480302,0.009449278724777799,0,1771257642.3317566,hltv_2389968_104436_3dmax_vs_heroic_m2_inferno,de_inferno,
1,-0.0735740503071945,0.12651821862348178,-0.010086960050936011,-0.055197939657931794,0.018781250548629502,-0.024788479693288012,0.029883812662480302,0.009449278724777799,0,1771257642.3317566,hltv_2389968_104436_3dmax_vs_heroic_m2_inferno,de_inferno,
1,0.49887256752647813,0.15625,0.21987325613112108,0.08337894966798592,0.01398874885166107,0.011277166790073845,-0.014488691035484502,-0.06607213778894949,1,1771261099.766168,hltv_2389967_104441_mouz_vs_vitality_m2_inferno,de_inferno,
0,0.49887256752647813,0.15625,0.21987325613112108,0.08337894966798592,0.01398874885166107,0.011277166790073845,-0.014488691035484502,-0.06607213778894949,0,1771261099.766168,hltv_2389967_104441_mouz_vs_vitality_m2_inferno,de_inferno,
0,-0.279122819056111,-0.32142857142857145,-0.0359810509220051,-0.02942567813072583,0.012400858305977758,-0.02782244221636626,0.05561505884575718,0.026962334208513683,1,1771264014.588214,hltv_2389970_104443_g2_vs_pain_m1_inferno,de_inferno,
1,-0.279122819056111,-0.32142857142857145,-0.0359810509220051,-0.02942567813072583,0.012400858305977758,-0.02782244221636626,0.05561505884575718,0.026962334208513683,1,1771264014.588214,hltv_2389970_104443_g2_vs_pain_m1_inferno,de_inferno,
1,0.09886527263300551,0.09518678160919541,0.3359922777488777,0.24800017628132387,0.010644341226110465,-0.051691754806646284,-0.08389849972221902,-0.08116109880927841,0,1771328972.217192,hltv_2389972_104462_faze_vs_astralis_m1_ancient,de_ancient,
0,0.09886527263300551,0.09518678160919541,0.3359922777488777,0.24800017628132387,0.010644341226110465,-0.051691754806646284,-0.08389849972221902,-0.08116109880927841,0,1771328972.217192,hltv_2389972_104462_faze_vs_astralis_m1_ancient,de_ancient,
0,-0.07074578197164758,0.0,-0.0032181135936534266,-0.06778551555321288,-0.19694566165851257,-0.2681842940351846,-0.09257445104883277,-0.10723237104263106,1,1771329492.8609884,hltv_2389972_104462_faze_vs_astralis_m2_mirage,de_mirage,
1,-0.07074578197164758,0.0,-0.0032181135936534266,-0.06778551555321288,-0.19694566165851257,-0.2681842940351846,-0.09257445104883277,-0.10723237104263106,0,1771329492.8609884,hltv_2389972_104462_faze_vs_astralis_m2_mirage,de_mirage,
0,-0.24856615866861195,-0.330188679245283,0.27633027037292873,0.0967224657300017,-0.042190848180274076,-0.10578788862515126,-0.08358383937389374,-0.08519766114099764,1,1771330571.5331666,hltv_2389971_104463_mouz_vs_fut_m2_overpass,de_overpass,
1,-0.24856615866861195,-0.330188679245283,0.27633027037292873,0.0967224657300017,-0.042190848180274076,-0.10578788862515126,-0.08358383937389374,-0.08519766114099764,0,1771330571.5331666,hltv_2389971_104463_mouz_vs_fut_m2_overpass,de_overpass,
0,-0.013798238316660404,-0.29761904761904767,0.07315011739820743,0.13909131496244076,-0.001555517268674922,0.038080908827474114,-0.029342577199929054,-0.041415380612029096,1,1771337606.5938463,hltv_2389974_104468_b8_vs_aurora_m1_overpass,de_overpass,
1,-0.013798238316660404,-0.29761904761904767,0.07315011739820743,0.13909131496244076,-0.001555517268674922,0.038080908827474114,-0.029342577199929054,-0.041415380612029096,0,1771337606.5938463,hltv_2389974_104468_b8_vs_aurora_m1_overpass,de_overpass,
1,0.013291070520065135,-0.2618092691622103,-0.0051212467226590674,-0.010039988273583045,0.020136442424413314,0.02094120692697371,0.013749311903402894,0.02102479444469929,1,1771337687.100185,hltv_2389974_104468_b8_vs_aurora_m2_mirage,de_mirage,
0,0.013291070520065135,-0.2618092691622103,-0.0051212467226590674,-0.010039988273583045,0.020136442424413314,0.02094120692697371,0.013749311903402894,0.02102479444469929,0,1771337687.100185,hltv_2389974_104468_b8_vs_aurora_m2_mirage,de_mirage,
1,-0.06393428957485087,0.11627906976744184,0.07354426803582204,0.15417628777985198,0.03884374286997366,0.07550578869384456,-0.005300068710924144,-0.006932009036564546,1,1771341339.3671265,hltv_2389973_104469_natus_vincere_vs_the_mongolz_m3_mirage,de_mirage,
0,-0.06393428957485087,0.11627906976744184,0.07354426803582204,0.15417628777985198,0.03884374286997366,0.07550578869384456,-0.005300068710924144,-0.006932009036564546,0,1771341339.3671265,hltv_2389973_104469_natus_vincere_vs_the_mongolz_m3_mirage,de_mirage,
0,0.2206325644330517,0.0625,-0.12217624602131005,-0.07494528284328739,-0.05240190456842003,-0.015328930338228075,0.013592384187301243,-0.008277724324911861,1,1771345286.096151,hltv_2389976_104472_g2_vs_heroic_m2_ancient,de_ancient,
1,0.2206325644330517,0.0625,-0.12217624602131005,-0.07494528284328739,-0.05240190456842003,-0.015328930338228075,0.013592384187301243,-0.008277724324911861,0,1771345286.096151,hltv_2389976_104472_g2_vs_heroic_m2_ancient,de_ancient,
0,0.031946238207520516,0.09189640768588136,-0.3276610728541719,-0.2293942862095382,-0.12076633351442201,-0.09165587325591307,0.04108804870171523,0.010805096849219376,1,1771351231.5677934,hltv_2389975_104482_furia_vs_parivision_m1_dust2,de_dust2,
1,0.031946238207520516,0.09189640768588136,-0.3276610728541719,-0.2293942862095382,-0.12076633351442201,-0.09165587325591307,0.04108804870171523,0.010805096849219376,1,1771351231.5677934,hltv_2389975_104482_furia_vs_parivision_m1_dust2,de_dust2,
0,0.05761813191050487,0.17441860465116277,0.0013349025792684932,0.008690936301761654,-0.008801422038178186,0.037068391081499674,-0.006864378855403752,0.004537015845185566,1,1771351512.0226896,hltv_2389975_104482_furia_vs_parivision_m2_inferno,de_inferno,
1,0.05761813191050487,0.17441860465116277,0.0013349025792684932,0.008690936301761654,-0.008801422038178186,0.037068391081499674,-0.006864378855403752,0.004537015845185566,0,1771351512.0226896,hltv_2389975_104482_furia_vs_parivision_m2_inferno,de_inferno,
1,0.037068765426524625,0.15625,-0.002706579948118515,-0.0123066427354665,-0.0015870465156485047,0.014338682624108257,-0.0013999082697074283,0.0028206082343542604,1,1771355230.444333,hltv_2389975_104482_furia_vs_parivision_m3_mirage,de_mirage,
0,0.037068765426524625,0.15625,-0.002706579948118515,-0.0123066427354665,-0.0015870465156485047,0.014338682624108257,-0.0013999082697074283,0.0028206082343542604,1,1771355230.444333,hltv_2389975_104482_furia_vs_parivision_m3_mirage,de_mirage,
0,-0.005231049417552525,-0.10273972602739728,0.05388673453888676,0.09913850745348485,-0.015434157624710232,0.013323779275286107,0.008190038840985792,0.0067679891593554475,0,1771416579.6906013,hltv_2389977_104519_aurora_vs_astralis_m2_dust2,de_dust2,
1,-0.005231049417552525,-0.10273972602739728,0.05388673453888676,0.09913850745348485,-0.015434157624710232,0.013323779275286107,0.008190038840985792,0.0067679891593554475,1,1771416579.6906013,hltv_2389977_104519_aurora_vs_astralis_m2_dust2,de_dust2,
1,0.013984475582881767,-0.09615384615384615,-0.00659766034963416,0.0020659238526931634,0.03054681151968508,0.05852306344760694,0.022240057592882778,0.021615256490378987,0,1771416581.443069,hltv_2389977_104519_aurora_vs_astralis_m1_overpass,de_overpass,
0,0.013984475582881767,-0.09615384615384615,-0.00659766034963416,0.0020659238526931634,0.03054681151968508,0.05852306344760694,0.022240057592882778,0.021615256490378987,0,1771416581.443069,hltv_2389977_104519_aurora_vs_astralis_m1_overpass,de_overpass,
0,-0.11553511351804407,-0.36109303838646717,0.20609739332141902,0.35582796239280345,-0.0892162170611176,-0.012201844736060785,-0.04842862976227785,-0.06436497799997304,0,1771429056.0507646,hltv_2389978_104525_fut_vs_parivision_m2_mirage,de_mirage,
1,-0.11553511351804407,-0.36109303838646717,0.20609739332141902,0.35582796239280345,-0.0892162170611176,-0.012201844736060785,-0.04842862976227785,-0.06436497799997304,1,1771429056.0507646,hltv_2389978_104525_fut_vs_parivision_m2_mirage,de_mirage,
0,-0.1386074628648351,-0.331143951833607,-0.004799323590678473,0.008560879392418952,-0.02835580885243394,-0.02173214093745135,-0.018674704351165805,-0.011918275823243285,0,1771429062.0105038,hltv_2389978_104525_fut_vs_parivision_m1_dust2,de_dust2,
1,-0.1386074628648351,-0.331143951833607,-0.004799323590678473,0.008560879392418952,-0.02835580885243394,-0.02173214093745135,-0.018674704351165805,-0.011918275823243285,0,1771429062.0105038,hltv_2389978_104525_fut_vs_parivision_m1_dust2,de_dust2,
0,-0.11894621635949174,-0.38223622782446315,-0.0005178112440439309,-0.008038793090866136,0.014026274063144273,-0.006992697172843343,0.001683129698031638,-0.007711423552042129,1,1771429143.0680265,hltv_2389978_104525_fut_vs_parivision_m3_ancient,de_ancient,
1,-0.11894621635949174,-0.38223622782446315,-0.0005178112440439309,-0.008038793090866136,0.014026274063144273,-0.006992697172843343,0.001683129698031638,-0.007711423552042129,1,1771429143.0680265,hltv_2389978_104525_fut_vs_parivision_m3_ancient,de_ancient,
0,0.02125873723964293,-0.04861111111111105,0.2342529049527618,0.15487784211543026,0.0905960862497524,0.0623357628239925,-0.008623702204296702,-0.024646613997315048,1,1771437366.44137,hltv_2389979_104530_natus_vincere_vs_g2_m1_dust2,de_dust2,
1,0.02125873723964293,-0.04861111111111105,0.2342529049527618,0.15487784211543026,0.0905960862497524,0.0623357628239925,-0.008623702204296702,-0.024646613997315048,0,1771437366.44137,hltv_2389979_104530_natus_vincere_vs_g2_m1_dust2,de_dust2,
1,-0.036925632148500184,-0.04433962264150937,-0.003628056841535554,-0.009303271757753473,-0.032416659429737815,-0.08843171751388812,-0.022239091582591186,-0.033925385942099984,1,1771437615.025999,hltv_2389979_104530_natus_vincere_vs_g2_m2_ancient,de_ancient,
0,-0.036925632148500184,-0.04433962264150937,-0.003628056841535554,-0.009303271757753473,-0.032416659429737815,-0.08843171751388812,-0.022239091582591186,-0.033925385942099984,0,1771437615.025999,hltv_2389979_104530_natus_vincere_vs_g2_m2_ancient,de_ancient,
0,-0.05538721943117282,0.24139844617092115,-0.025485760486203102,-0.10945141223706517,0.006738864226147889,0.07578038353371297,0.04364697537018852,0.054070529912286946,1,1771583682.8114862,hltv_2389980_104594_falcons_vs_parivision_m2_mirage,de_mirage,
1,-0.05538721943117282,0.24139844617092115,-0.025485760486203102,-0.10945141223706517,0.006738864226147889,0.07578038353371297,0.04364697537018852,0.054070529912286946,1,1771583682.8114862,hltv_2389980_104594_falcons_vs_parivision_m2_mirage,de_mirage,
1,0.10484074843175581,0.300543221539915,0.002249242111503569,0.021230009123041294,0.051673155215975264,0.05826897395252867,0.023822892206523727,0.024301089172440893,1,1771583682.8365133,hltv_2389980_104594_falcons_vs_parivision_m1_dust2,de_dust2,
0,0.10484074843175581,0.300543221539915,0.002249242111503569,0.021230009123041294,0.051673155215975264,0.05826897395252867,0.023822892206523727,0.024301089172440893,1,1771583682.8365133,hltv_2389980_104594_falcons_vs_parivision_m1_dust2,de_dust2,
1,0.07436673401349864,0.351037851037851,-0.0022529799269049855,-0.011417261399504774,-0.024992497946338954,0.0076495668279231155,-0.015396253863265819,0.0047569824131533656,1,1771586381.6614192,hltv_2389980_104594_falcons_vs_parivision_m3_ancient,de_ancient,
0,0.07436673401349864,0.351037851037851,-0.0022529799269049855,-0.011417261399504774,-0.024992497946338954,0.0076495668279231155,-0.015396253863265819,0.0047569824131533656,1,1771586381.6614192,hltv_2389980_104594_falcons_vs_parivision_m3_ancient,de_ancient,
1,0.16576572632912817,0.21551724137931028,0.20397437771547855,0.13019340984225922,-0.01908491146590563,-0.046522644802510615,-0.05030298947009865,-0.08929600913362573,0,1771599483.3019154,hltv_2389981_104607_mouz_vs_natus_vincere_m2_inferno,de_inferno,
0,0.16576572632912817,0.21551724137931028,0.20397437771547855,0.13019340984225922,-0.01908491146590563,-0.046522644802510615,-0.05030298947009865,-0.08929600913362573,0,1771599483.3019154,hltv_2389981_104607_mouz_vs_natus_vincere_m2_inferno,de_inferno,
0,0.06741995652953478,0.11904761904761901,-0.001772236419042228,-0.034716464505376965,-0.08721385721874941,-0.10204761956779757,-0.05358217194223419,-0.035053408030116584,1,1771599810.536626,hltv_2389981_104607_mouz_vs_natus_vincere_m3_mirage,de_mirage,
1,0.06741995652953478,0.11904761904761901,-0.001772236419042228,-0.034716464505376965,-0.08721385721874941,-0.10204761956779757,-0.05358217194223419,-0.035053408030116584,1,1771599810.536626,hltv_2389981_104607_mouz_vs_natus_vincere_m3_mirage,de_mirage,
1,-0.3156458808634758,-0.12048192771084337,-0.2719229706348646,-0.09621421258553131,-0.04400821320686521,-0.04984918626282492,0.04919272208215231,0.0053068898229559625,0,1771610315.0472116,hltv_2389982_104615_vitality_vs_aurora_m2_overpass,de_overpass,
0,-0.3156458808634758,-0.12048192771084337,-0.2719229706348646,-0.09621421258553131,-0.04400821320686521,-0.04984918626282492,0.04919272208215231,0.0053068898229559625,1,1771610315.0472116,hltv_2389982_104615_vitality_vs_aurora_m2_overpass,de_overpass,
1,-0.02129180847897262,0.03205128205128205,0.1446251376384135,0.11912677386564624,0.022517582864064134,0.05330280360959677,0.008374665900728218,0.014504899494248047,0,1771623641.062843,hltv_2389983_104623_furia_vs_the_mongolz_m3_nuke,de_nuke,
0,-0.02129180847897262,0.03205128205128205,0.1446251376384135,0.11912677386564624,0.022517582864064134,0.05330280360959677,0.008374665900728218,0.014504899494248047,0,1771623641.062843,hltv_2389983_104623_furia_vs_the_mongolz_m3_nuke,de_nuke,
0,0.012716323284175556,-0.1005492558469171,0.24459431153989375,0.1141723529528702,-0.01414539321899877,-0.06152041565887689,-0.04828793057682673,-0.055955068566960364,1,1771693835.3408601,hltv_2389984_104660_parivision_vs_mouz_m1_dust2,de_dust2,
1,0.012716323284175556,-0.1005492558469171,0.24459431153989375,0.1141723529528702,-0.01414539321899877,-0.06152041565887689,-0.04828793057682673,-0.055955068566960364,0,1771693835.3408601,hltv_2389984_104660_parivision_vs_mouz_m1_dust2,de_dust2,
1,0.006227309693157407,-0.09612391033623907,0.0032522290189609393,-0.026617747064500097,-0.018336012967032134,-0.0655513993672111,-0.008474342623789433,-0.024324567037004086,1,1771693838.6318424,hltv_2389984_104660_parivision_vs_mouz_m2_inferno,de_inferno,
0,0.006227309693157407,-0.09612391033623907,0.0032522290189609393,-0.026617747064500097,-0.018336012967032134,-0.0655513993672111,-0.008474342623789433,-0.024324567037004086,0,1771693838.6318424,hltv_2389984_104660_parivision_vs_mouz_m2_inferno,de_inferno,
0,-0.12795418298191819,-0.13521634615384615,-0.12329294473647834,-0.20947372669044262,0.012225587378660918,-0.015829871311268562,-0.026323606839226188,0.010290846273212806,1,1771768461.9009695,hltv_2389986_104700_mouz_vs_the_mongolz_m2_inferno,de_inferno,
1,-0.12795418298191819,-0.13521634615384615,-0.12329294473647834,-0.20947372669044262,0.012225587378660918,-0.015829871311268562,-0.026323606839226188,0.010290846273212806,0,1771768461.9009695,hltv_2389986_104700_mouz_vs_the_mongolz_m2_inferno,de_inferno,
1,0.3250025074803736,0.1881720430107527,-0.15349560605067847,-0.14660668399979704,-0.014240122036271396,-0.02027561125530397,0.05595548572770359,-0.02285370090457084,1,1771787259.8515732,hltv_2389987_104739_parivision_vs_vitality_m2_dust2,de_dust2,
0,0.3250025074803736,0.1881720430107527,-0.15349560605067847,-0.14660668399979704,-0.014240122036271396,-0.02027561125530397,0.05595548572770359,-0.02285370090457084,0,1771787259.8515732,hltv_2389987_104739_parivision_vs_vitality_m2_dust2,de_dust2,
0,0.3678364184173674,0.17857142857142855,-0.0031444616645741608,0.01953018103529469,0.10776563607684453,0.19467566849271795,0.0725071205479022,0.08885607224603714,1,1771787586.0526726,hltv_2389987_104739_parivision_vs_vitality_m3_inferno,de_inferno,
1,0.3678364184173674,0.17857142857142855,-0.0031444616645741608,0.01953018103529469,0.10776563607684453,0.19467566849271795,0.0725071205479022,0.08885607224603714,0,1771787586.0526726,hltv_2389987_104739_parivision_vs_vitality_m3_inferno,de_inferno,
0,-0.36342672433028644,-0.1642590286425903,0.09173302412775142,-0.008053810707399689,0.04175306314547911,0.051952526219107065,0.007690662276147786,0.000631440608530931,1,1772977852.0,hltv_2391120_105362_fut_vs_3dmax_m1_dust2,de_dust2,
1,-0.36342672433028644,-0.1642590286425903,0.09173302412775142,-0.008053810707399689,0.04175306314547911,0.051952526219107065,0.007690662276147786,0.000631440608530931,1,1772977852.0,hltv_2391120_105362_fut_vs_3dmax_m1_dust2,de_dust2,
1,-0.36342672433028644,-0.07948717948717943,-2.9242754948533012e-05,0.00741410153961064,0.04607858772388207,0.0868981145076364,0.03387392488113877,0.03563008586177335,1,1772981921.0,hltv_2391120_105362_fut_vs_3dmax_m2_ancient,de_ancient,
0,-0.36342672433028644,-0.07948717948717943,-2.9242754948533012e-05,0.00741410153961064,0.04607858772388207,0.0868981145076364,0.03387392488113877,0.03563008586177335,0,1772981921.0,hltv_2391120_105362_fut_vs_3dmax_m2_ancient,de_ancient,
1,-0.04844229262495352,0.042917166866746626,-0.2920824549346059,-0.025312511265757454,-0.15234650904018132,-0.099937198410821,0.0027580912224490217,-0.03153996662940056,1,1773398658.0,hltv_2391134_105601_the_mongolz_vs_natus_vincere_m2_mirage,de_mirage,
0,-0.04844229262495352,0.042917166866746626,-0.2920824549346059,-0.025312511265757454,-0.15234650904018132,-0.099937198410821,0.0027580912224490217,-0.03153996662940056,0,1773398658.0,hltv_2391134_105601_the_mongolz_vs_natus_vincere_m2_mirage,de_mirage,
0,-0.07195133650974658,-0.1807228915662651,0.03778044942208836,-0.02631372615492178,0.09171492301946133,0.055533473161657465,-0.0006375525406074889,0.058814451241406884,0,1773425709.0,hltv_2391136_105627_mouz_vs_fut_m2_overpass,de_overpass,
1,-0.07195133650974658,-0.1807228915662651,0.03778044942208836,-0.02631372615492178,0.09171492301946133,0.055533473161657465,-0.0006375525406074889,0.058814451241406884,1,1773425709.0,hltv_2391136_105627_mouz_vs_fut_m2_overpass,de_overpass,
0,-0.23348126055685886,-0.05723443223443225,-0.04920455767068266,-0.18575434188760348,-0.021864627242786483,-0.12067651337189678,-0.02877641947947862,-0.0981455184148397,1,1773440463.0,hltv_2391137_105640_astralis_vs_spirit_m2_ancient,de_ancient,
1,-0.23348126055685886,-0.05723443223443225,-0.04920455767068266,-0.18575434188760348,-0.021864627242786483,-0.12067651337189678,-0.02877641947947862,-0.0981455184148397,1,1773440463.0,hltv_2391137_105640_astralis_vs_spirit_m2_ancient,de_ancient,
0,-0.07160798886688853,-0.01673412204234115,0.03315281682256266,0.1682226659014768,0.019079585981033764,0.030131896570509076,0.030677195613893427,-0.03850202139731079,1,1773505762.0,hltv_2391139_105666_natus_vincere_vs_fut_m2_ancient,de_ancient,
1,-0.07160798886688853,-0.01673412204234115,0.03315281682256266,0.1682226659014768,0.019079585981033764,0.030131896570509076,0.030677195613893427,-0.03850202139731079,0,1773505762.0,hltv_2391139_105666_natus_vincere_vs_fut_m2_ancient,de_ancient,
0,0.01512592878662787,-0.1738773274917853,-0.2883370082950932,-0.33257785448404165,-0.011693384744776159,-0.10270045061805633,0.015921790695092253,0.05354248739669787,1,1773519034.0,hltv_2391138_105677_aurora_vs_astralis_m2_dust2,de_dust2,
1,0.01512592878662787,-0.1738773274917853,-0.2883370082950932,-0.33257785448404165,-0.011693384744776159,-0.10270045061805633,0.015921790695092253,0.05354248739669787,1,1773519034.0,hltv_2391138_105677_aurora_vs_astralis_m2_dust2,de_dust2,
1,-0.09103791795904956,-0.05223607038123168,0.023534256903474438,-0.007174491112850956,-0.07663660693430091,-0.02529386107047582,-0.04373058697043558,0.01865609313140376,0,1773580659.0,hltv_2391140_105700_fut_vs_astralis_m1_dust2,de_dust2,
0,-0.09103791795904956,-0.05223607038123168,0.023534256903474438,-0.007174491112850956,-0.07663660693430091,-0.02529386107047582,-0.04373058697043558,0.01865609313140376,0,1773580659.0,hltv_2391140_105700_fut_vs_astralis_m1_dust2,de_dust2,
0,-0.11585139130150524,-0.10204081632653061,0.001882137823130292,-0.006094543128503216,-0.06239385510437234,0.004484416011585335,-0.030048677427739978,-0.00870401236783569,1,1773583754.0,hltv_2391140_105700_fut_vs_astralis_m2_ancient,de_ancient,
1,-0.11585139130150524,-0.10204081632653061,0.001882137823130292,-0.006094543128503216,-0.06239385510437234,0.004484416011585335,-0.030048677427739978,-0.00870401236783569,1,1773583754.0,hltv_2391140_105700_fut_vs_astralis_m2_ancient,de_ancient,
0,0.041681701198319675,-0.14474772539288666,0.027102408932366373,-0.0002595200249859708,0.055731067147107294,0.03168251591508087,0.0564565820248496,0.06455485117258042,1,1773599286.0,hltv_2391141_105714_natus_vincere_vs_aurora_m2_anubis,de_anubis,
1,0.041681701198319675,-0.14474772539288666,0.027102408932366373,-0.0002595200249859708,0.055731067147107294,0.03168251591508087,0.0564565820248496,0.06455485117258042,0,1773599286.0,hltv_2391141_105714_natus_vincere_vs_aurora_m2_anubis,de_anubis,
0,0.043807283879641654,-0.1367715761003196,-0.001762661638399221,-0.013527152937485853,-0.0115097972409679,-0.05548786796919869,-0.00010745676392426295,-0.012306061389518508,0,1773607806.0,hltv_2391141_105714_natus_vincere_vs_aurora_m4_dust2,de_dust2,
1,0.043807283879641654,-0.1367715761003196,-0.001762661638399221,-0.013527152937485853,-0.0115097972409679,-0.05548786796919869,-0.00010745676392426295,-0.012306061389518508,0,1773607806.0,hltv_2391141_105714_natus_vincere_vs_aurora_m4_dust2,de_dust2,
0,0.028900258750549294,-0.04635167464114831,0.17307021774236936,-0.03660325221094596,0.062303068605350787,0.015327529047333255,-0.04780863318374229,-0.013218715437285089,1,1773848176.1897273,hltv_2390812_105813_natus_vincere_vs_b8_m2_ancient,de_ancient,
1,0.028900258750549294,-0.04635167464114831,0.17307021774236936,-0.03660325221094596,0.062303068605350787,0.015327529047333255,-0.04780863318374229,-0.013218715437285089,0,1773848176.1897273,hltv_2390812_105813_natus_vincere_vs_b8_m2_ancient,de_ancient,
0,0.10709373537771985,-0.09708737864077671,0.22580733505276318,0.07657408744991157,0.06525788918034275,0.0819169290270696,-0.02986101476530828,0.004777839412788754,0,1773865598.9166288,hltv_2390813_105823_faze_vs_aurora_m2_inferno,de_inferno,
1,0.10709373537771985,-0.09708737864077671,0.22580733505276318,0.07657408744991157,0.06525788918034275,0.0819169290270696,-0.02986101476530828,0.004777839412788754,0,1773865598.9166288,hltv_2390813_105823_faze_vs_aurora_m2_inferno,de_inferno,
1,0.10876069862766852,-0.1554232804232804,-0.007061185924853941,-0.0019077976378127914,0.05451425269738713,0.01537750553177597,0.03983669631257486,0.03249694765435557,1,1773865599.7629843,hltv_2390813_105823_faze_vs_aurora_m1_nuke,de_nuke,
0,0.10876069862766852,-0.1554232804232804,-0.007061185924853941,-0.0019077976378127914,0.05451425269738713,0.01537750553177597,0.03983669631257486,0.03249694765435557,1,1773865599.7629843,hltv_2390813_105823_faze_vs_aurora_m1_nuke,de_nuke,
1,0.17142140791782037,-0.3409090909090909,-6.402465290139547e-05,0.0015975050092784104,0.03383759386626717,0.020146157372113116,0.017823582363652113,0.017083888455926843,1,1773878758.5521114,hltv_2390814_105829_furia_vs_tyloo_m1_mirage,de_mirage,
0,0.17142140791782037,-0.3409090909090909,-6.402465290139547e-05,0.0015975050092784104,0.03383759386626717,0.020146157372113116,0.017823582363652113,0.017083888455926843,0,1773878758.5521114,hltv_2390814_105829_furia_vs_tyloo_m1_mirage,de_mirage,
1,0.12855675297547048,0.16203703703703703,-0.0027553033934996085,0.011495699550334137,0.021564806385788116,0.04577444420996413,0.002249847631871471,0.00983724654384277,1,1773924322.966289,hltv_2390815_105840_parivision_vs_ninjas_in_pyjamas_m2_mirage,de_mirage,
0,0.12855675297547048,0.16203703703703703,-0.0027553033934996085,0.011495699550334137,0.021564806385788116,0.04577444420996413,0.002249847631871471,0.00983724654384277,1,1773924322.966289,hltv_2390815_105840_parivision_vs_ninjas_in_pyjamas_m2_mirage,de_mirage,
1,-0.21644837751350232,-0.18338815789473684,0.0030708388325650926,-0.02105031609197744,-0.07091358766232148,-0.07864562604301906,-0.04028492536391853,-0.028683598999340976,0,1773935923.238122,hltv_2390816_105847_spirit_vs_liquid_m2_ancient,de_ancient,
0,-0.21644837751350232,-0.18338815789473684,0.0030708388325650926,-0.02105031609197744,-0.07091358766232148,-0.07864562604301906,-0.04028492536391853,-0.028683598999340976,0,1773935923.238122,hltv_2390816_105847_spirit_vs_liquid_m2_ancient,de_ancient,
0,-0.08470113847753083,-0.10894704808277539,0.0010099031593044927,-0.002662341894216713,-0.03587817698274892,0.033145642014178855,-0.020483954521544556,-0.0031634822313417743,0,1773945514.4427848,hltv_2390817_105854_mouz_vs_the_mongolz_m2_inferno,de_inferno,
1,-0.08470113847753083,-0.10894704808277539,0.0010099031593044927,-0.002662341894216713,-0.03587817698274892,0.033145642014178855,-0.020483954521544556,-0.0031634822313417743,0,1773945514.4427848,hltv_2390817_105854_mouz_vs_the_mongolz_m2_inferno,de_inferno,
0,0.18993504787388654,-0.037377450980392246,0.0005199111888245511,0.013674980512768664,0.0031529584788698717,0.04872495341000954,0.0020738943113169372,0.014460728102388909,0,1774011325.8048995,hltv_2391755_105877_nrg_vs_b8_m1_inferno,de_inferno,
1,0.18993504787388654,-0.037377450980392246,0.0005199111888245511,0.013674980512768664,0.0031529584788698717,0.04872495341000954,0.0020738943113169372,0.014460728102388909,1,1774011325.8048995,hltv_2391755_105877_nrg_vs_b8_m1_inferno,de_inferno,
1,0.10497429044033008,-0.1923076923076923,0.23921935571656427,-0.06092611622873312,0.06965179020045498,-0.005565583180735023,0.011517947382617078,-0.019510213925120312,0,1774024624.8276017,hltv_2391756_105883_faze_vs_tyloo_m1_mirage,de_mirage,
0,0.10497429044033008,-0.1923076923076923,0.23921935571656427,-0.06092611622873312,0.06965179020045498,-0.005565583180735023,0.011517947382617078,-0.019510213925120312,0,1774024624.8276017,hltv_2391756_105883_faze_vs_tyloo_m1_mirage,de_mirage,
0,0.10497429044033008,-0.31202435312024357,-0.00280193978215737,-0.013655704717738137,-0.006104619046163606,-0.05080397709004347,0.0023691449629875128,-0.01755148432320336,1,1774024628.0001047,hltv_2391756_105883_faze_vs_tyloo_m2_ancient,de_ancient,
1,0.10497429044033008,-0.31202435312024357,-0.00280193978215737,-0.013655704717738137,-0.006104619046163606,-0.05080397709004347,0.0023691449629875128,-0.01755148432320336,0,1774024628.0001047,hltv_2391756_105883_faze_vs_tyloo_m2_ancient,de_ancient,
1,0.0018633310329065605,0.08382852292020371,0.002030060017708224,-0.039891229619788804,-6.679489139760353e-05,-0.013642294430682045,-0.015411068926478921,0.012676712407886204,1,1774037524.3369265,hltv_2391757_105896_falcons_vs_natus_vincere_m1_mirage,de_mirage,
0,0.0018633310329065605,0.08382852292020371,0.002030060017708224,-0.039891229619788804,-6.679489139760353e-05,-0.013642294430682045,-0.015411068926478921,0.012676712407886204,1,1774037524.3369265,hltv_2391757_105896_falcons_vs_natus_vincere_m1_mirage,de_mirage,
0,0.08012145894433628,0.13416477702191998,-0.003929120294355881,-0.006552618447037972,0.06668538665156687,0.04012547867476113,0.03910715351485561,0.03598891933332565,0,1774037529.4397488,hltv_2391757_105896_falcons_vs_natus_vincere_m2_inferno,de_inferno,
1,0.08012145894433628,0.13416477702191998,-0.003929120294355881,-0.006552618447037972,0.06668538665156687,0.04012547867476113,0.03910715351485561,0.03598891933332565,1,1774037529.4397488,hltv_2391757_105896_falcons_vs_natus_vincere_m2_inferno,de_inferno,
1,0.026806992315426895,0.06161385479113146,-0.24083099781735584,0.025984021243705524,0.0014614518481398386,0.018813460700610685,0.03558189189569899,0.04436299427774948,0,1774048488.2879002,hltv_2391758_105904_aurora_vs_furia_m1_dust2,de_dust2,
0,0.026806992315426895,0.06161385479113146,-0.24083099781735584,0.025984021243705524,0.0014614518481398386,0.018813460700610685,0.03558189189569899,0.04436299427774948,1,1774048488.2879002,hltv_2391758_105904_aurora_vs_furia_m1_dust2,de_dust2,
0,0.014878518790655854,0.05923555863023178,0.002851126662758885,-0.005660398557690405,-0.0022471302139092098,-0.009586600886972496,-0.00209030086680545,-0.0007182052914834758,0,1774048554.2193148,hltv_2391758_105904_aurora_vs_furia_m2_inferno,de_inferno,
1,0.014878518790655854,0.05923555863023178,0.002851126662758885,-0.005660398557690405,-0.0022471302139092098,-0.009586600886972496,-0.00209030086680545,-0.0007182052914834758,1,1774048554.2193148,hltv_2391758_105904_aurora_vs_furia_m2_inferno,de_inferno,
1,0.30380918847528493,0.3798076923076923,-0.09365248610593413,0.1289996862911344,0.049157838345421256,0.1039420554255146,0.06210373323675378,0.10892408127795367,1,1774102103.7151794,hltv_2391759_105928_ninjas_vs_pyjamas_m2_mirage,de_mirage,
0,0.30380918847528493,0.3798076923076923,-0.09365248610593413,0.1289996862911344,0.049157838345421256,0.1039420554255146,0.06210373323675378,0.10892408127795367,1,1774102103.7151794,hltv_2391759_105928_ninjas_vs_pyjamas_m2_mirage,de_mirage,
0,0.38658535029146235,-0.4145408163265306,-0.019034117896019942,-0.09256434689362841,0.07154881392610235,-0.02603435056703457,-0.018970165748209755,-0.018407668444765102,1,1774117710.7171476,hltv_2391760_105941_mouz_vs_9z_m2_inferno,de_inferno,
1,0.38658535029146235,-0.4145408163265306,-0.019034117896019942,-0.09256434689362841,0.07154881392610235,-0.02603435056703457,-0.018970165748209755,-0.018407668444765102,1,1774117710.7171476,hltv_2391760_105941_mouz_vs_9z_m2_inferno,de_inferno,
0,-0.10830592500688954,-0.31212628557761296,-0.09793088450344206,0.1184874999381278,-0.12014626424988784,-0.09983823398857916,-0.014539224585659205,0.008898795382847213,1,1774121491.592704,hltv_2391761_105949_parivision_vs_spirit_m1_anubis,de_anubis,
1,-0.10830592500688954,-0.31212628557761296,-0.09793088450344206,0.1184874999381278,-0.12014626424988784,-0.09983823398857916,-0.014539224585659205,0.008898795382847213,1,1774121491.592704,hltv_2391761_105949_parivision_vs_spirit_m1_anubis,de_anubis,
0,-0.06547596624117413,-0.20782889426957224,-0.004532965832385716,-0.0050958139695527205,0.08178259452197167,0.08058917924195808,0.04714338417315045,0.05344598421249841,0,1774125379.5151987,hltv_2391761_105949_parivision_vs_spirit_m2_ancient,de_ancient,
1,-0.06547596624117413,-0.20782889426957224,-0.004532965832385716,-0.0050958139695527205,0.08178259452197167,0.08058917924195808,0.04714338417315045,0.05344598421249841,1,1774125379.5151987,hltv_2391761_105949_parivision_vs_spirit_m2_ancient,de_ancient,
1,0.20710627447560148,-0.10101679929266139,0.0268736800491165,0.09271897163673637,-0.04911255668422726,-0.0711835879624867,0.025692784606523744,-0.013727738466049633,0,1774132063.3917305,hltv_2391762_105958_the_mongolz_vs_vitality_m1_mirage,de_mirage,
0,0.20710627447560148,-0.10101679929266139,0.0268736800491165,0.09271897163673637,-0.04911255668422726,-0.0711835879624867,0.025692784606523744,-0.013727738466049633,1,1774132063.3917305,hltv_2391762_105958_the_mongolz_vs_vitality_m1_mirage,de_mirage,
0,0.25169488024444825,-0.09361254541977432,-0.00317313516007367,-0.02747822883888623,0.0940127847214825,0.07937689319759578,0.060437931883041196,0.0476127351921648,0,1774134407.831258,hltv_2391762_105958_the_mongolz_vs_vitality_m2_overpass,de_overpass,
1,0.25169488024444825,-0.09361254541977432,-0.00317313516007367,-0.02747822883888623,0.0940127847214825,0.07937689319759578,0.060437931883041196,0.0476127351921648,1,1774134407.831258,hltv_2391762_105958_the_mongolz_vs_vitality_m2_overpass,de_overpass,
0,0.19925116120125108,-0.042972699696663286,0.0071924041553884654,-0.07118163086317042,0.0239517524437729,0.025047106840552502,-0.010477746503728791,0.010688661409852473,1,1774187678.2205353,hltv_2391764_105977_tyloo_vs_falcons_m2_ancient,de_ancient,
1,0.19925116120125108,-0.042972699696663286,0.0071924041553884654,-0.07118163086317042,0.0239517524437729,0.025047106840552502,-0.010477746503728791,0.010688661409852473,1,1774187678.2205353,hltv_2391764_105977_tyloo_vs_falcons_m2_ancient,de_ancient,
1,0.19925116120125108,0.10302197802197799,0.010335739292283597,0.047043506224806686,0.16896610438880177,0.14066283869010215,0.08096725393259074,0.07474630970268681,0,1774187719.161227,hltv_2391764_105977_tyloo_vs_falcons_m1_inferno,de_inferno,
0,0.19925116120125108,0.10302197802197799,0.010335739292283597,0.047043506224806686,0.16896610438880177,0.14066283869010215,0.08096725393259074,0.07474630970268681,1,1774187719.161227,hltv_2391764_105977_tyloo_vs_falcons_m1_inferno,de_inferno,
0,-0.1119406467675464,-0.03709235748070694,-0.12037174242841708,-0.07851116492520493,-0.04709694800751291,-0.05779513799073982,-0.013247215445086002,0.029808568586167927,0,1774198840.5303545,hltv_2391763_105981_nrg_vs_furia_m2_nuke,de_nuke,
1,-0.1119406467675464,-0.03709235748070694,-0.12037174242841708,-0.07851116492520493,-0.04709694800751291,-0.05779513799073982,-0.013247215445086002,0.029808568586167927,1,1774198840.5303545,hltv_2391763_105981_nrg_vs_furia_m2_nuke,de_nuke,
1,0.10322082356836745,-0.03451178451178449,0.01760916309523164,0.043724574596780974,0.15011715531510067,0.10101532479539121,0.07001051114105222,0.06311934891676196,0,1774198848.6203587,hltv_2391763_105981_nrg_vs_furia_m1_mirage,de_mirage,
0,0.10322082356836745,-0.03451178451178449,0.01760916309523164,0.043724574596780974,0.15011715531510067,0.10101532479539121,0.07001051114105222,0.06311934891676196,0,1774198848.6203587,hltv_2391763_105981_nrg_vs_furia_m1_mirage,de_mirage,
0,-0.1765740359491508,-0.3002028397565923,0.10385560193694343,0.2687826808439808,-0.08063579783128605,0.014774073567846824,-0.02171474885336261,-0.05519867128002831,0,1774208568.374808,hltv_2391765_105987_liquid_vs_the_mongolz_m1_ancient,de_ancient,
1,-0.1765740359491508,-0.3002028397565923,0.10385560193694343,0.2687826808439808,-0.08063579783128605,0.014774073567846824,-0.02171474885336261,-0.05519867128002831,0,1774208568.374808,hltv_2391765_105987_liquid_vs_the_mongolz_m1_ancient,de_ancient,
1,-0.16210134676509336,-0.36845286059629334,0.0011704283618311218,0.021000441193646247,-0.0342501862748153,-0.018298299214648428,-0.01430074637379003,-0.0220662840363946,0,1774208619.1100097,hltv_2391765_105987_liquid_vs_the_mongolz_m2_mirage,de_mirage,
0,-0.16210134676509336,-0.36845286059629334,0.0011704283618311218,0.021000441193646247,-0.0342501862748153,-0.018298299214648428,-0.01430074637379003,-0.0220662840363946,0,1774208619.1100097,hltv_2391765_105987_liquid_vs_the_mongolz_m2_mirage,de_mirage,
0,-0.4675056108617687,-0.05319148936170215,0.04123145128387018,-0.07415634546110028,0.10873801277942119,0.03512636069631292,0.015272069375425024,-0.016367870376970184,0,1774217357.6093626,hltv_2391766_105994_9z_vs_spirit_m1_overpass,de_overpass,
1,-0.4675056108617687,-0.05319148936170215,0.04123145128387018,-0.07415634546110028,0.10873801277942119,0.03512636069631292,0.015272069375425024,-0.016367870376970184,1,1774217357.6093626,hltv_2391766_105994_9z_vs_spirit_m1_overpass,de_overpass,
1,-0.4727167362728536,-0.04807692307692313,0.01866111525568115,-4.898948492446098e-05,-0.027066004727758275,-0.07385760032933097,-0.012976457886529458,0.0002571813617942009,0,1774217360.8041246,hltv_2391766_105994_9z_vs_spirit_m2_dust2,de_dust2,
0,-0.4727167362728536,-0.04807692307692313,0.01866111525568115,-4.898948492446098e-05,-0.027066004727758275,-0.07385760032933097,-0.012976457886529458,0.0002571813617942009,0,1774217360.8041246,hltv_2391766_105994_9z_vs_spirit_m2_dust2,de_dust2,
1,0.04415967698061607,-0.1298445023285184,-0.016305072356045613,0.02151884624353001,-0.027464649543641084,0.013236739251846819,-0.01446877824702858,0.041524591986289494,0,1774270307.1024935,hltv_2391767_106016_natus_vincere_vs_aurora_m1_anubis,de_anubis,
0,0.04415967698061607,-0.1298445023285184,-0.016305072356045613,0.02151884624353001,-0.027464649543641084,0.013236739251846819,-0.01446877824702858,0.041524591986289494,0,1774270307.1024935,hltv_2391767_106016_natus_vincere_vs_aurora_m1_anubis,de_anubis,
1,0.031709268791787995,-0.16710069444444442,0.007045980796996587,0.0067022655559834665,-0.03587388034787875,-0.016016623060842117,-0.019034165777126244,-0.009067420117382485,0,1774270406.915978,hltv_2391767_106016_natus_vincere_vs_aurora_m2_nuke,de_nuke,
0,0.031709268791787995,-0.16710069444444442,0.007045980796996587,0.0067022655559834665,-0.03587388034787875,-0.016016623060842117,-0.019034165777126244,-0.009067420117382485,1,1774270406.915978,hltv_2391767_106016_natus_vincere_vs_aurora_m2_nuke,de_nuke,
1,0.018397420612037047,-0.2265394542772861,-0.2877564399267104,-0.11910850694030445,-0.12355708865010173,-0.024050841381460075,0.0244367251247678,-0.004803618104654628,1,1774286044.2074878,hltv_2391768_106031_falcons_vs_furia_m1_mirage,de_mirage,
0,0.018397420612037047,-0.2265394542772861,-0.2877564399267104,-0.11910850694030445,-0.12355708865010173,-0.024050841381460075,0.0244367251247678,-0.004803618104654628,0,1774286044.2074878,hltv_2391768_106031_falcons_vs_furia_m1_mirage,de_mirage,
1,0.3423806042743589,0.11386733185513676,-0.22553367101970206,-0.1997629611200344,-0.027544090460554116,-0.004889672182719518,0.02613861191372946,0.027374360809895637,1,1774293453.272756,hltv_2391769_106050_parivision_vs_vitality_m1_mirage,de_mirage,
0,0.3423806042743589,0.11386733185513676,-0.22553367101970206,-0.1997629611200344,-0.027544090460554116,-0.004889672182719518,0.02613861191372946,0.027374360809895637,1,1774293453.272756,hltv_2391769_106050_parivision_vs_vitality_m1_mirage,de_mirage,
1,0.3317785036621162,0.15625,0.0012762977858777336,-0.0027674558940565808,0.021918244503613904,-0.009693908176657329,0.01247391671461684,0.0009502103233154924,0,1774296877.1324031,hltv_2391769_106050_parivision_vs_vitality_m2_inferno,de_inferno,
0,0.3317785036621162,0.15625,0.0012762977858777336,-0.0027674558940565808,0.021918244503613904,-0.009693908176657329,0.01247391671461684,0.0009502103233154924,1,1774296877.1324031,hltv_2391769_106050_parivision_vs_vitality_m2_inferno,de_inferno,
1,0.03804162610340628,-0.027665317139001333,0.23678794310571583,0.0521085669551844,0.060745987305600324,0.015063696030037377,-0.040095777127038046,0.023040410643647535,0,1774303565.5468197,hltv_2391770_106061_the_mongolz_vs_spirit_m1_nuke,de_nuke,
0,0.03804162610340628,-0.027665317139001333,0.23678794310571583,0.0521085669551844,0.060745987305600324,0.015063696030037377,-0.040095777127038046,0.023040410643647535,1,1774303565.5468197,hltv_2391770_106061_the_mongolz_vs_spirit_m1_nuke,de_nuke,
0,0.017547254873366714,-0.027788573649436432,-0.0012154108521007512,0.01690488052083383,-0.029007709234262158,0.035029784996331415,-0.023484738514013725,0.00459892414065971,1,1774306169.7147303,hltv_2391770_106061_the_mongolz_vs_spirit_m2_overpass,de_overpass,
1,0.017547254873366714,-0.027788573649436432,-0.0012154108521007512,0.01690488052083383,-0.029007709234262158,0.035029784996331415,-0.023484738514013725,0.00459892414065971,1,1774306169.7147303,hltv_2391770_106061_the_mongolz_vs_spirit_m2_overpass,de_overpass,
0,-0.021444719589429086,-0.1678485987696514,0.1283476372731856,0.05846744268467474,-0.05928125941882306,-0.08657645999135077,-0.02898441836298732,-0.028578937474928123,0,1774624292.929129,hltv_2391771_106232_aurora_vs_the_mongolz_m1_inferno,de_inferno,
1,-0.021444719589429086,-0.1678485987696514,0.1283476372731856,0.05846744268467474,-0.05928125941882306,-0.08657645999135077,-0.02898441836298732,-0.028578937474928123,1,1774624292.929129,hltv_2391771_106232_aurora_vs_the_mongolz_m1_inferno,de_inferno,
1,0.0637699292013863,0.32364326658229736,-0.26517151550337553,-0.07894343144677807,-0.09219700172920464,-0.014095706962938825,0.053024569312862646,-0.019754489312858392,1,1774637946.1485746,hltv_2391772_106241_parivision_vs_falcons_m2_ancient,de_ancient,
0,0.0637699292013863,0.32364326658229736,-0.26517151550337553,-0.07894343144677807,-0.09219700172920464,-0.014095706962938825,0.053024569312862646,-0.019754489312858392,0,1774637946.1485746,hltv_2391772_106241_parivision_vs_falcons_m2_ancient,de_ancient,
0,-0.27110394567792967,-0.09057971014492755,-0.0727681117490685,-0.1026809596933223,-0.0014238586015619115,-0.006713874330377845,0.012863198731419612,-0.025031738796389036,0,1774712304.7769606,hltv_2391773_106290_vitality_vs_aurora_m1_inferno,de_inferno,
1,-0.27110394567792967,-0.09057971014492755,-0.0727681117490685,-0.1026809596933223,-0.0014238586015619115,-0.006713874330377845,0.012863198731419612,-0.025031738796389036,0,1774712304.7769606,hltv_2391773_106290_vitality_vs_aurora_m1_inferno,de_inferno,
1,-0.2943298397437868,-0.12916694955529906,0.007153911532502888,-0.004553878400826328,-0.019985807461155802,-0.10006553903106791,-0.027238424750454016,-0.047429122149818204,0,1774713263.975837,hltv_2391773_106290_vitality_vs_aurora_m2_nuke,de_nuke,
0,-0.2943298397437868,-0.12916694955529906,0.007153911532502888,-0.004553878400826328,-0.019985807461155802,-0.10006553903106791,-0.027238424750454016,-0.047429122149818204,1,1774713263.975837,hltv_2391773_106290_vitality_vs_aurora_m2_nuke,de_nuke,
1,0.028183467540134205,0.21129921764781323,-0.07789860402969395,-0.06536262319103286,-0.047493769097166405,-0.03872445909169442,0.02916830573798601,0.0498783375373959,0,1774724438.7735646,hltv_2391774_106313_natus_vincere_vs_parivision_m1_dust2,de_dust2,
0,0.028183467540134205,0.21129921764781323,-0.07789860402969395,-0.06536262319103286,-0.047493769097166405,-0.03872445909169442,0.02916830573798601,0.0498783375373959,0,1774724438.7735646,hltv_2391774_106313_natus_vincere_vs_parivision_m1_dust2,de_dust2,
1,0.048168961252165216,0.1647505037335546,-0.008195305037955736,0.021361760763170756,0.028168576514132238,0.0634811446069593,0.019798005402751118,0.021569251459362337,0,1774724447.0566127,hltv_2391774_106313_natus_vincere_vs_parivision_m2_inferno,de_inferno,
0,0.048168961252165216,0.1647505037335546,-0.008195305037955736,0.021361760763170756,0.028168576514132238,0.0634811446069593,0.019798005402751118,0.021569251459362337,1,1774724447.0566127,hltv_2391774_106313_natus_vincere_vs_parivision_m2_inferno,de_inferno,
0,0.2971348978371039,-0.0175022583559169,-0.00955815889299616,0.06097484508535134,-0.06958518621672877,-0.02012771839818822,0.05664287579835903,-0.03024694679807216,1,1774790073.9480212,hltv_2391775_106366_vitality_vs_natus_vincere_m2_anubis,de_anubis,
1,0.2971348978371039,-0.0175022583559169,-0.00955815889299616,0.06097484508535134,-0.06958518621672877,-0.02012771839818822,0.05664287579835903,-0.03024694679807216,0,1774790073.9480212,hltv_2391775_106366_vitality_vs_natus_vincere_m2_anubis,de_anubis,
0,0.2879000467649042,-0.01693860619469023,-0.002201038815839329,0.003875789991091061,-0.017140591981487707,-0.016841453815576224,-0.007593955787071394,-0.007170589353537038,1,1774792482.857188,hltv_2391775_106366_vitality_vs_natus_vincere_m3_dust2,de_dust2,
1,0.2879000467649042,-0.01693860619469023,-0.002201038815839329,0.003875789991091061,-0.017140591981487707,-0.016841453815576224,-0.007593955787071394,-0.007170589353537038,0,1774792482.857188,hltv_2391775_106366_vitality_vs_natus_vincere_m3_dust2,de_dust2,
0,0.7236843133423021,0.35315040650406504,-0.0032727398432892407,0.006604290564962145,0.08432695189886585,0.169109285926052,0.05042906982149731,0.06783167557887892,1,1776091444.0,hltv_2393081_107105_vitality_vs_red_canids_m2_overpass,de_overpass,
1,0.7236843133423021,0.35315040650406504,-0.0032727398432892407,0.006604290564962145,0.08432695189886585,0.169109285926052,0.05042906982149731,0.06783167557887892,1,1776091444.0,hltv_2393081_107105_vitality_vs_red_canids_m2_overpass,de_overpass,
1,0.33295785318614696,0.1497097242380262,-0.018327746454222194,-0.0266448327621831,0.007265633595129328,-0.01654382812792371,-0.010011933396098571,-0.0037803170324503532,1,1776100950.0,hltv_2393084_107112_3dmax_vs_falcons_m1_inferno,de_inferno,
0,0.33295785318614696,0.1497097242380262,-0.018327746454222194,-0.0266448327621831,0.007265633595129328,-0.01654382812792371,-0.010011933396098571,-0.0037803170324503532,1,1776100950.0,hltv_2393084_107112_3dmax_vs_falcons_m1_inferno,de_inferno,
0,0.33295785318614696,0.20160875160875164,-0.002316956667729242,0.01930647281103326,0.010574286621267304,0.0543171287363875,0.005063559034589715,0.014660299646460262,1,1776103681.0,hltv_2393084_107112_3dmax_vs_falcons_m2_ancient,de_ancient,
1,0.33295785318614696,0.20160875160875164,-0.002316956667729242,0.01930647281103326,0.010574286621267304,0.0543171287363875,0.005063559034589715,0.014660299646460262,1,1776103681.0,hltv_2393084_107112_3dmax_vs_falcons_m2_ancient,de_ancient,
1,0.026943585579218596,-0.009575826358348638,0.027573680677733026,0.1587796357541248,-0.0629333323347599,0.02076611091836089,-0.010440395636313105,-0.008063974657214645,1,1776105178.0,hltv_2393086_107114_b8_vs_natus_vincere_m1_ancient,de_ancient,
0,0.026943585579218596,-0.009575826358348638,0.027573680677733026,0.1587796357541248,-0.0629333323347599,0.02076611091836089,-0.010440395636313105,-0.008063974657214645,1,1776105178.0,hltv_2393086_107114_b8_vs_natus_vincere_m1_ancient,de_ancient,
0,0.09841106978833512,0.05434782608695654,0.014739550169158122,0.02623422950063481,0.17222385640930052,0.4168330196915876,0.1022816141694301,0.13725398856476423,0,1776108645.0,hltv_2393086_107114_b8_vs_natus_vincere_m2_inferno,de_inferno,
1,0.09841106978833512,0.05434782608695654,0.014739550169158122,0.02623422950063481,0.17222385640930052,0.4168330196915876,0.1022816141694301,0.13725398856476423,0,1776108645.0,hltv_2393086_107114_b8_vs_natus_vincere_m2_inferno,de_inferno,
0,0.8031757726412982,0.2921747967479675,-0.006704855887323169,0.016468497066408627,0.13105838037553813,0.22743637988154536,0.07951896931170649,0.09338447054684673,1,1776118984.0,hltv_2393085_107116_furia_vs_passion_ua_m2_mirage,de_mirage,
1,0.8031757726412982,0.2921747967479675,-0.006704855887323169,0.016468497066408627,0.13105838037553813,0.22743637988154536,0.07951896931170649,0.09338447054684673,1,1776118984.0,hltv_2393085_107116_furia_vs_passion_ua_m2_mirage,de_mirage,
0,0.6465417678285019,0.23080065359477125,-0.002246102134908612,-0.018731263747564397,0.11853243577419575,0.13974148361938737,0.0742608730275644,0.05723508477435829,1,1776122568.0,hltv_2393087_107117_aurora_vs_hotu_m2_dust2,de_dust2,
1,0.6465417678285019,0.23080065359477125,-0.002246102134908612,-0.018731263747564397,0.11853243577419575,0.13974148361938737,0.0742608730275644,0.05723508477435829,0,1776122568.0,hltv_2393087_107117_aurora_vs_hotu_m2_dust2,de_dust2,
1,0.15668657222471996,-0.12615384615384612,-0.03478635432414556,-0.004460141183944721,0.04668834807789657,0.05971345505068287,-0.017060955295931657,0.07223171617224894,0,1776190010.0,hltv_2393227_107132_liquid_vs_3dmax_m2_ancient,de_ancient,
0,0.15668657222471996,-0.12615384615384612,-0.03478635432414556,-0.004460141183944721,0.04668834807789657,0.05971345505068287,-0.017060955295931657,0.07223171617224894,0,1776190010.0,hltv_2393227_107132_liquid_vs_3dmax_m2_ancient,de_ancient,
0,-0.03426260179225864,0.1439655172413793,0.041180155900752746,0.1177499214231762,-0.0006986698579882766,0.06593001815364757,0.035531230451279594,-0.039710756603819175,0,1776190292.0,hltv_2393226_107133_spirit_vs_falcons_m2_mirage,de_mirage,
1,-0.03426260179225864,0.1439655172413793,0.041180155900752746,0.1177499214231762,-0.0006986698579882766,0.06593001815364757,0.035531230451279594,-0.039710756603819175,0,1776190292.0,hltv_2393226_107133_spirit_vs_falcons_m2_mirage,de_mirage,
1,0.061968545612554264,-0.034965034965035,-0.09587897443296595,0.2067410801125279,0.015101426632747661,0.13944041323648415,0.08266065892480984,0.07012681848952529,0,1776193253.0,hltv_2393228_107138_natus_vincere_vs_furia_m1_mirage,de_mirage,
0,0.061968545612554264,-0.034965034965035,-0.09587897443296595,0.2067410801125279,0.015101426632747661,0.13944041323648415,0.08266065892480984,0.07012681848952529,0,1776193253.0,hltv_2393228_107138_natus_vincere_vs_furia_m1_mirage,de_mirage,
0,-0.4272053464224754,-0.42429792429792423,-0.098557012633822,0.1836177148383622,-0.15515698080907908,-0.13795533616088473,-0.02536449625614917,-0.07685404058747908,0,1776193602.0,hltv_2393229_107137_b8_vs_passion_ua_m1_overpass,de_overpass,
1,-0.4272053464224754,-0.42429792429792423,-0.098557012633822,0.1836177148383622,-0.15515698080907908,-0.13795533616088473,-0.02536449625614917,-0.07685404058747908,0,1776193602.0,hltv_2393229_107137_b8_vs_passion_ua_m1_overpass,de_overpass,
1,-0.309850890065649,-0.49019607843137253,-0.00481391438890072,0.014118462207050375,-0.010498714774888118,-0.003332019065058367,-0.014425489559760418,-0.03359562516792941,0,1776196352.0,hltv_2393229_107137_b8_vs_passion_ua_m2_mirage,de_mirage,
0,-0.309850890065649,-0.49019607843137253,-0.00481391438890072,0.014118462207050375,-0.010498714774888118,-0.003332019065058367,-0.014425489559760418,-0.03359562516792941,0,1776196352.0,hltv_2393229_107137_b8_vs_passion_ua_m2_mirage,de_mirage,
0,0.03009627930322189,-0.06947266815687869,-0.008170440488996178,-0.05212760059444921,-0.1049519661955321,-0.21447279872963998,-0.05793903413030188,-0.09077307990440853,1,1776196490.0,hltv_2393228_107138_natus_vincere_vs_furia_m2_dust2,de_dust2,
1,0.03009627930322189,-0.06947266815687869,-0.008170440488996178,-0.05212760059444921,-0.1049519661955321,-0.21447279872963998,-0.05793903413030188,-0.09077307990440853,1,1776196490.0,hltv_2393228_107138_natus_vincere_vs_furia_m2_dust2,de_dust2,
0,0.09256867462494255,0.009381651170606076,0.20399680020052713,0.2128333700835196,0.02487298675165861,0.02950111748786849,0.009884643227905665,0.0013281264712645124,0,1776204765.0,hltv_2393230_107140_mouz_vs_aurora_m1_dust2,de_dust2,
1,0.09256867462494255,0.009381651170606076,0.20399680020052713,0.2128333700835196,0.02487298675165861,0.02950111748786849,0.009884643227905665,0.0013281264712645124,1,1776204765.0,hltv_2393230_107140_mouz_vs_aurora_m1_dust2,de_dust2,
1,0.04636017517991702,0.008058646147447224,0.005064129455230604,-0.03724802462685223,-0.05476576199630784,-0.11983260717664318,-0.029776783109081828,-0.04229160816590416,0,1776208451.0,hltv_2393230_107140_mouz_vs_aurora_m2_mirage,de_mirage,
0,0.04636017517991702,0.008058646147447224,0.005064129455230604,-0.03724802462685223,-0.05476576199630784,-0.11983260717664318,-0.029776783109081828,-0.04229160816590416,0,1776208451.0,hltv_2393230_107140_mouz_vs_aurora_m2_mirage,de_mirage,
0,-0.2984002886718052,0.005640243902439057,0.016112779394717225,0.029553823786674205,0.044697262068192134,-0.0020984092425489487,0.014295204620245472,-0.048790482046580264,0,1776260853.0,hltv_2393233_107147_g2_vs_3dmax_m1_inferno,de_inferno,0.35094465461294927
1,-0.2984002886718052,0.005640243902439057,0.016112779394717225,0.029553823786674205,0.044697262068192134,-0.0020984092425489487,0.014295204620245472,-0.048790482046580264,0,1776260853.0,hltv_2393233_107147_g2_vs_3dmax_m1_inferno,de_inferno,0.3305790324676578
1,0.47271541537964473,0.29739130434782607,-0.1547932456509557,-0.0030609675575211104,-0.02815544454050317,0.0005368909852052073,0.022006236640993326,0.04928830257603395,1,1776261256.0,hltv_2393232_107149_red_canids_vs_spirit_m1_mirage,de_mirage,0.629355756822912
0,0.47271541537964473,0.29739130434782607,-0.1547932456509557,-0.0030609675575211104,-0.02815544454050317,0.0005368909852052073,0.022006236640993326,0.04928830257603395,1,1776261256.0,hltv_2393232_107149_red_canids_vs_spirit_m1_mirage,de_mirage,0.6524324586424438
1,-0.2984002886718052,-0.07966751918158571,0.003248348576806448,0.010802250845623806,-0.052653058657174956,-0.038382836875624105,-0.028962572723726765,-0.02500453597781821,1,1776263595.0,hltv_2393233_107147_g2_vs_3dmax_m2_dust2,de_dust2,0.38612698684699964
0,-0.2984002886718052,-0.07966751918158571,0.003248348576806448,0.010802250845623806,-0.052653058657174956,-0.038382836875624105,-0.028962572723726765,-0.02500453597781821,0,1776263595.0,hltv_2393233_107147_g2_vs_3dmax_m2_dust2,de_dust2,0.4218742095475327
0,0.2854370934422011,0.3741071428571428,-0.0016840793911803154,-0.01046815949778268,-0.038694342806302684,-0.04311303269294431,-0.01603635032819062,-0.01968096911586842,1,1776264735.0,hltv_2393232_107149_red_canids_vs_spirit_m2_ancient,de_ancient,0.5704670448286442
1,0.2854370934422011,0.3741071428571428,-0.0016840793911803154,-0.01046815949778268,-0.038694342806302684,-0.04311303269294431,-0.01603635032819062,-0.01968096911586842,1,1776264735.0,hltv_2393232_107149_red_canids_vs_spirit_m2_ancient,de_ancient,0.5399661119849514
1,0.3042316227537228,0.1715686274509804,0.20931658011766308,0.17024506865757227,-0.011757802285878582,-0.0882345377708535,-0.041326015739062194,-0.029367685869654825,1,1776269750.0,hltv_2393235_107152_natus_vincere_vs_hotu_m1_dust2,de_dust2,0.28684415438342664
0,0.3042316227537228,0.1715686274509804,0.20931658011766308,0.17024506865757227,-0.011757802285878582,-0.0882345377708535,-0.041326015739062194,-0.029367685869654825,0,1776269750.0,hltv_2393235_107152_natus_vincere_vs_hotu_m1_dust2,de_dust2,0.3139892890627679
1,-0.0031964311202982774,-0.19202544031311153,-0.06460507507515678,-0.004447506605917195,-0.090593660586814,-0.1183206717805993,-0.049097482678347515,-0.06008336164034517,1,1776271386.0,hltv_2393234_107153_b8_vs_aurora_m1_mirage,de_mirage,0.5308671247833884
0,-0.0031964311202982774,-0.19202544031311153,-0.06460507507515678,-0.004447506605917195,-0.090593660586814,-0.1183206717805993,-0.049097482678347515,-0.06008336164034517,1,1776271386.0,hltv_2393234_107153_b8_vs_aurora_m1_mirage,de_mirage,0.5576686130067383
0,0.3900671893739839,0.14034122179416614,0.0012314642567956557,0.04025076189051324,0.08953899410590854,0.16571998543613864,0.06025830804418081,0.07174231118367197,0,1776273459.0,hltv_2393235_107152_natus_vincere_vs_hotu_m2_ancient,de_ancient,0.5786700381442241
1,0.3900671893739839,0.14034122179416614,0.0012314642567956557,0.04025076189051324,0.08953899410590854,0.16571998543613864,0.06025830804418081,0.07174231118367197,0,1776273459.0,hltv_2393235_107152_natus_vincere_vs_hotu_m2_ancient,de_ancient,0.5426796204819518
0,0.02646393991491245,-0.1363568993626797,0.006905469967869393,-0.0020408321433986742,0.05560098160070687,0.08091414150243947,0.04256863661334914,0.046123154426893465,1,1776274825.0,hltv_2393234_107153_b8_vs_aurora_m2_overpass,de_overpass,0.44560587057666873
1,0.02646393991491245,-0.1363568993626797,0.006905469967869393,-0.0020408321433986742,0.05560098160070687,0.08091414150243947,0.04256863661334914,0.046123154426893465,1,1776274825.0,hltv_2393234_107153_b8_vs_aurora_m2_overpass,de_overpass,0.4008511914792566
0,-0.07333450698046419,-0.09999999999999998,0.06970580986357644,0.011974424281806284,0.12166650100053716,0.0485564556955122,0.020059490584779405,0.06682470338050905,0,1776278640.0,hltv_2393237_107157_g2_vs_spirit_m1_mirage,de_mirage,0.4044593798298275
1,-0.07333450698046419,-0.09999999999999998,0.06970580986357644,0.011974424281806284,0.12166650100053716,0.0485564556955122,0.020059490584779405,0.06682470338050905,0,1776278640.0,hltv_2393237_107157_g2_vs_spirit_m1_mirage,de_mirage,0.36708285535469826
1,0.2744565092583083,-0.10669550619834711,0.023719510169921243,-0.19223735656634633,0.0703659017491346,0.022676714211904536,0.027015960010114415,0.011263589248253492,0,1776278871.0,hltv_2393236_107158_vitality_vs_falcons_m1_mirage,de_mirage,0.47240632756355366
0,0.2744565092583083,-0.10669550619834711,0.023719510169921243,-0.19223735656634633,0.0703659017491346,0.022676714211904536,0.027015960010114415,0.011263589248253492,1,1776278871.0,hltv_2393236_107158_vitality_vs_falcons_m1_mirage,de_mirage,0.5150655832410453
0,0.2537601508743524,-0.10233918128654973,0.0036794581327499465,-0.007557329430827653,-0.0008054746751506858,0.0011262781053815174,0.00248991159572981,0.004929652656394945,1,1776282305.0,hltv_2393236_107158_vitality_vs_falcons_m2_dust2,de_dust2,0.5123314151676277
1,0.2537601508743524,-0.10233918128654973,0.0036794581327499465,-0.007557329430827653,-0.0008054746751506858,0.0011262781053815174,0.00248991159572981,0.004929652656394945,0,1776282305.0,hltv_2393236_107158_vitality_vs_falcons_m2_dust2,de_dust2,0.4734120529822117
1,-0.1282939326692527,-0.16785714285714287,0.0012689475059388666,0.0068488981269116955,-0.0475327326912281,-0.02830296450702202,-0.03209227235272866,-0.02039712338159483,1,1776282903.0,hltv_2393237_107157_g2_vs_spirit_m2_dust2,de_dust2,0.4439960290803892
0,-0.1282939326692527,-0.16785714285714287,0.0012689475059388666,0.0068488981269116955,-0.0475327326912281,-0.02830296450702202,-0.03209227235272866,-0.02039712338159483,1,1776282903.0,hltv_2393237_107157_g2_vs_spirit_m2_dust2,de_dust2,0.47497359683411955
0,0.0015990674327277278,-0.07151719859378236,-0.32176053526906956,-0.299514138909464,0.04450614664320979,0.005705057364004451,0.06598686961384931,0.07341225940809248,0,1776287569.0,hltv_2393239_107160_natus_vincere_vs_aurora_m1_inferno,de_inferno,0.7813701903332785
1,0.0015990674327277278,-0.07151719859378236,-0.32176053526906956,-0.299514138909464,0.04450614664320979,0.005705057364004451,0.06598686961384931,0.07341225940809248,0,1776287569.0,hltv_2393239_107160_natus_vincere_vs_aurora_m1_inferno,de_inferno,0.7590857090780925
1,0.08216035715783956,0.06097560975609756,0.2905115345901121,0.0659689188576621,0.11623065384716841,0.04206360891153843,-0.0359199436271328,-0.005886326414366205,1,1776290898.0,hltv_2393238_107159_furia_vs_mouz_m1_mirage,de_mirage,0.3103596961470803
0,0.08216035715783956,0.06097560975609756,0.2905115345901121,0.0659689188576621,0.11623065384716841,0.04206360891153843,-0.0359199436271328,-0.005886326414366205,0,1776290898.0,hltv_2393238_107159_furia_vs_mouz_m1_mirage,de_mirage,0.33767219056019093
1,-0.019832592903342598,-0.09806791569086654,0.0037856820157876614,-0.006104695388741144,-0.09322556458644282,-0.1461014216908305,-0.06049524719650373,-0.06668549923718425,1,1776291612.0,hltv_2393239_107160_natus_vincere_vs_aurora_m2_mirage,de_mirage,0.4684052390972834
0,-0.019832592903342598,-0.09806791569086654,0.0037856820157876614,-0.006104695388741144,-0.09322556458644282,-0.1461014216908305,-0.06049524719650373,-0.06668549923718425,1,1776291612.0,hltv_2393239_107160_natus_vincere_vs_aurora_m2_mirage,de_mirage,0.49725505793025754
0,0.11450415837914263,0.05859375,0.0028276398310567163,0.01800354564375911,0.1103700247729027,0.17270142921526324,0.0682381542307321,0.06498302418232255,0,1776294969.0,hltv_2393238_107159_furia_vs_mouz_m2_dust2,de_dust2,0.5100492554083943
1,0.11450415837914263,0.05859375,0.0028276398310567163,0.01800354564375911,0.1103700247729027,0.17270142921526324,0.0682381542307321,0.06498302418232255,0,1776294969.0,hltv_2393238_107159_furia_vs_mouz_m2_dust2,de_dust2,0.4827709532570509
1,-0.14431376915886224,-0.15338345864661657,-0.02955361374097798,-0.013234171150763974,-0.03563350477414923,-0.04315347496507588,-0.017834813081372303,-0.03985926617546931,0,1776440508.0,hltv_2393240_107175_spirit_vs_mouz_m1_dust2,de_dust2,0.46927114786680707
0,-0.14431376915886224,-0.15338345864661657,-0.02955361374097798,-0.013234171150763974,-0.03563350477414923,-0.04315347496507588,-0.017834813081372303,-0.03985926617546931,1,1776440508.0,hltv_2393240_107175_spirit_vs_mouz_m1_dust2,de_dust2,0.5032898160811252
0,-0.17823997406321235,-0.146231884057971,-0.01184825445458959,-0.02506326914257684,-0.08558949654435832,-0.0469946269505751,-0.04025285272234286,-0.02199864971534321,0,1776444425.0,hltv_2393240_107175_spirit_vs_mouz_m2_mirage,de_mirage,0.5130180832571152
1,-0.17823997406321235,-0.146231884057971,-0.01184825445458959,-0.02506326914257684,-0.08558949654435832,-0.0469946269505751,-0.04025285272234286,-0.02199864971534321,1,1776444425.0,hltv_2393240_107175_spirit_vs_mouz_m2_mirage,de_mirage,0.4710674010937692
1,0.2545198061156535,0.0398969590349334,0.23381909042684068,0.09190195162879672,0.10803828341035893,0.0801965736419481,-0.008903748383125354,0.0035611511141238616,1,1776455938.0,hltv_2393241_107177_vitality_vs_natus_vincere_m2_dust2,de_dust2,0.3840441924972851
0,0.2545198061156535,0.0398969590349334,0.23381909042684068,0.09190195162879672,0.10803828341035893,0.0801965736419481,-0.008903748383125354,0.0035611511141238616,0,1776455938.0,hltv_2393241_107177_vitality_vs_natus_vincere_m2_dust2,de_dust2,0.4271650646397772
0,-0.12091306750212658,0.04790985096328615,0.22711638357632802,0.02808621602671668,-0.027287449615523263,-0.04307619786410727,-0.09197107233676427,-0.07219361126413365,1,1776530401.0,hltv_2393242_107195_falcons_vs_spirit_m2_mirage,de_mirage,0.44492230014899686
1,-0.12091306750212658,0.04790985096328615,0.22711638357632802,0.02808621602671668,-0.027287449615523263,-0.04307619786410727,-0.09197107233676427,-0.07219361126413365,0,1776530401.0,hltv_2393242_107195_falcons_vs_spirit_m2_mirage,de_mirage,0.4037678347934657
0,-0.22343252772327948,-0.06933944433944428,0.038942601293411094,0.051649004970241386,-0.02131404478605592,-0.03969737753551289,-0.02516950372080784,-0.041175027228884,0,1776543780.0,hltv_2393243_107197_furia_vs_vitality_m2_ancient,de_ancient,0.44374280199199245
1,-0.22343252772327948,-0.06933944433944428,0.038942601293411094,0.051649004970241386,-0.02131404478605592,-0.03969737753551289,-0.02516950372080784,-0.041175027228884,0,1776543780.0,hltv_2393243_107197_furia_vs_vitality_m2_ancient,de_ancient,0.40840516786388886
1,0.09845179084457996,-0.1797385620915033,0.16541513277271452,-0.0075311067021704425,0.13862707377960065,0.10472210880889574,0.004089667240061712,0.01858613333954079,0,1776612921.0,hltv_2393244_107215_falcons_vs_furia_m2_mirage,de_mirage,0.39138796575644874
0,0.09845179084457996,-0.1797385620915033,0.16541513277271452,-0.0075311067021704425,0.13862707377960065,0.10472210880889574,0.004089667240061712,0.01858613333954079,1,1776612921.0,hltv_2393244_107215_falcons_vs_furia_m2_mirage,de_mirage,0.42808656087299823
0,0.1558893344818162,-0.032432432432432434,0.17104778919543862,-0.007860189990088695,-0.01867372684581947,-0.028593645755838837,-0.09423877340566739,-0.06666919078608546,0,1776625959.0,hltv_2393245_107224_spirit_vs_vitality_m2_nuke,de_nuke,0.5126385548951234
1,0.1558893344818162,-0.032432432432432434,0.17104778919543862,-0.007860189990088695,-0.01867372684581947,-0.028593645755838837,-0.09423877340566739,-0.06666919078608546,1,1776625959.0,hltv_2393245_107224_spirit_vs_vitality_m2_nuke,de_nuke,0.4788361393353317
1,0.17488018400483424,-0.030292696788860485,-0.00347752783985511,0.009980512092063965,0.06544928316927567,0.11835685243864941,0.04169415062596765,0.04988044146238346,1,1776629463.0,hltv_2393245_107224_spirit_vs_vitality_m3_dust2,de_dust2,0.43306030500447185
0,0.17488018400483424,-0.030292696788860485,-0.00347752783985511,0.009980512092063965,0.06544928316927567,0.11835685243864941,0.04169415062596765,0.04988044146238346,1,1776629463.0,hltv_2393245_107224_spirit_vs_vitality_m3_dust2,de_dust2,0.4649353177876354
0,0.28827258191213734,0.008505298382598947,0.004165674935980024,0.007565057563699018,0.14179894172832075,0.10317506287528116,0.08521398464622887,0.0628297613835786,1,1777485291.014796,hltv_2393319_107557_vitality_vs_fut_m2_dust2,de_dust2,0.42345719657899505
1,0.28827258191213734,0.008505298382598947,0.004165674935980024,0.007565057563699018,0.14179894172832075,0.10317506287528116,0.08521398464622887,0.0628297613835786,0,1777485291.014796,hltv_2393319_107557_vitality_vs_fut_m2_dust2,de_dust2,0.3906942242488802
0,-0.055407119872617365,-0.00403004213225866,-0.010304845363620307,-0.02142911709552786,-0.10733924973926251,-0.1071465171061518,-0.05269410267286828,-0.061118520053413394,0,1777493193.2065675,hltv_2393320_107565_astralis_vs_g2_m2_overpass,de_overpass,0.5321808422033889
1,-0.055407119872617365,-0.00403004213225866,-0.010304845363620307,-0.02142911709552786,-0.10733924973926251,-0.1071465171061518,-0.05269410267286828,-0.061118520053413394,1,1777493193.2065675,hltv_2393320_107565_astralis_vs_g2_m2_overpass,de_overpass,0.4849730704822998
1,-0.05350969948566569,-0.04136798088410998,-0.3492295372449672,-0.3260963736734253,0.015413688388947522,-0.023003083176066697,0.08041113649549247,0.020232350406525712,1,1777567411.3194945,hltv_2393333_107598_fut_vs_astralis_m1_mirage,de_mirage,0.5420287709162335
0,-0.05350969948566569,-0.04136798088410998,-0.3492295372449672,-0.3260963736734253,0.015413688388947522,-0.023003083176066697,0.08041113649549247,0.020232350406525712,1,1777567411.3194945,hltv_2393333_107598_fut_vs_astralis_m1_mirage,de_mirage,0.5798506214086753
0,-0.005299977009344883,0.008533501896333728,0.006895766858230512,0.02478835688893799,0.1545912043175322,0.22034985866462567,0.09416492100607593,0.10489801670294358,0,1777567668.149306,hltv_2393333_107598_fut_vs_astralis_m2_nuke,de_nuke,0.3806372719273232
1,-0.005299977009344883,0.008533501896333728,0.006895766858230512,0.02478835688893799,0.1545912043175322,0.22034985866462567,0.09416492100607593,0.10489801670294358,0,1777567668.149306,hltv_2393333_107598_fut_vs_astralis_m2_nuke,de_nuke,0.33562647398417916
1,0.24751974276711272,0.048542692939244625,0.3632565601874033,0.3376988362414981,0.03368666920131563,0.030866383121309293,-0.06295841379676759,-0.015605647370184328,1,1777578248.3873327,hltv_2393334_107607_vitality_vs_g2_m1_mirage,de_mirage,0.27103319065364795
0,0.24751974276711272,0.048542692939244625,0.3632565601874033,0.3376988362414981,0.03368666920131563,0.030866383121309293,-0.06295841379676759,-0.015605647370184328,1,1777578248.3873327,hltv_2393334_107607_vitality_vs_g2_m1_mirage,de_mirage,0.3261244100002261
0,0.25294437450473634,0.10257821818515461,-0.0013119816290816377,0.0023517395149215137,-0.032403340540809844,0.019205460629575843,-0.015100287658092348,-0.008403418027845111,0,1777578252.6353378,hltv_2393334_107607_vitality_vs_g2_m2_overpass,de_overpass,0.6246121264600372
1,0.25294437450473634,0.10257821818515461,-0.0013119816290816377,0.0023517395149215137,-0.032403340540809844,0.019205460629575843,-0.015100287658092348,-0.008403418027845111,0,1777578252.6353378,hltv_2393334_107607_vitality_vs_g2_m2_overpass,de_overpass,0.5727986831658576
0,0.08893361978404055,-0.0012630819198845011,-0.08342094801996403,-0.04957472041312838,-0.045324708192777674,-0.05845684957009539,0.012921461875538276,0.02496374663590506,1,1777590075.6150174,hltv_2393335_107611_faze_vs_furia_m2_mirage,de_mirage,0.5466443488931543
1,0.08893361978404055,-0.0012630819198845011,-0.08342094801996403,-0.04957472041312838,-0.045324708192777674,-0.05845684957009539,0.012921461875538276,0.02496374663590506,0,1777590075.6150174,hltv_2393335_107611_faze_vs_furia_m2_mirage,de_mirage,0.5022798317036417
1,0.13205538221374008,-0.002364644487932166,0.004656455279523797,0.0006546816552825963,0.10991197939456576,0.09425510493358952,0.059343221500222865,0.055667015285666865,0,1777590083.2486668,hltv_2393335_107611_faze_vs_furia_m1_dust2,de_dust2,0.42095629053170874
0,0.13205538221374008,-0.002364644487932166,0.004656455279523797,0.0006546816552825963,0.10991197939456576,0.09425510493358952,0.059343221500222865,0.055667015285666865,0,1777590083.2486668,hltv_2393335_107611_faze_vs_furia_m1_dust2,de_dust2,0.46587798952006015
1,0.43996204245229625,-0.013661202185792365,-0.09318676726909669,-0.06875333045831189,-0.014711297690799985,0.041574386162384735,0.04020075564384368,0.07025963878300834,1,1777596785.0891893,hltv_2393336_107614_natus_vincere_vs_gamerlegion_m2_ancient,de_ancient,0.5782982705490618
0,0.43996204245229625,-0.013661202185792365,-0.09318676726909669,-0.06875333045831189,-0.014711297690799985,0.041574386162384735,0.04020075564384368,0.07025963878300834,0,1777596785.0891893,hltv_2393336_107614_natus_vincere_vs_gamerlegion_m2_ancient,de_ancient,0.6184326241618563
0,-0.006423818298803705,-0.013297872340425565,-0.010795837470187641,-0.06856568130485075,-0.11654232686401778,-0.17305904598720828,-0.051173176897882144,-0.06420719890121218,0,1777596795.3568108,hltv_2393336_107614_natus_vincere_vs_gamerlegion_m1_mirage,de_mirage,0.5599389418936955
1,-0.006423818298803705,-0.013297872340425565,-0.010795837470187641,-0.06856568130485075,-0.11654232686401778,-0.17305904598720828,-0.051173176897882144,-0.06420719890121218,0,1777596795.3568108,hltv_2393336_107614_natus_vincere_vs_gamerlegion_m1_mirage,de_mirage,0.5258550029019805
1,0.0853909628817303,0.01564856711915541,-0.2541528309228761,-0.23356856272142484,-0.024279468392563452,-0.007002186335106131,0.05709442345068155,-0.00816125236080334,0,1777673003.7119548,hltv_2393346_107656_g2_vs_faze_m1_dust2,de_dust2,0.5532420791816385
0,0.0853909628817303,0.01564856711915541,-0.2541528309228761,-0.23356856272142484,-0.024279468392563452,-0.007002186335106131,0.05709442345068155,-0.00816125236080334,0,1777673003.7119548,hltv_2393346_107656_g2_vs_faze_m1_dust2,de_dust2,0.5833702683888727
0,0.0853909628817303,-0.04984320845023932,-0.003783104126430903,0.007688379997682959,-0.028543346489645294,0.0034679185069211305,-0.004358097606431799,-0.007299660797204399,1,1777673006.8262465,hltv_2393346_107656_g2_vs_faze_m2_ancient,de_ancient,0.4740632910481644
1,0.0853909628817303,-0.04984320845023932,-0.003783104126430903,0.007688379997682959,-0.028543346489645294,0.0034679185069211305,-0.004358097606431799,-0.007299660797204399,1,1777673006.8262465,hltv_2393346_107656_g2_vs_faze_m2_ancient,de_ancient,0.4529170647794596
0,-0.03737162621014061,-0.16007532956685505,-0.06930264960694832,0.12348704548577544,-0.03250640775867164,0.019976389697996588,-0.002350150441244425,-0.003726106404553897,0,1777688072.2966545,hltv_2393347_107661_gamerlegion_vs_astralis_m2_inferno,de_inferno,0.46452032168752444
1,-0.03737162621014061,-0.16007532956685505,-0.06930264960694832,0.12348704548577544,-0.03250640775867164,0.019976389697996588,-0.002350150441244425,-0.003726106404553897,1,1777688072.2966545,hltv_2393347_107661_gamerlegion_vs_astralis_m2_inferno,de_inferno,0.4413572438639831
1,-0.018342539075391455,-0.1290208554259456,0.005297025853885917,-0.0038205327674346035,-0.004219835823643936,-0.05012930875976279,-0.0031478288078764516,-0.017312766305279337,1,1777688075.3793824,hltv_2393347_107661_gamerlegion_vs_astralis_m1_overpass,de_overpass,0.45050239019609134
0,-0.018342539075391455,-0.1290208554259456,0.005297025853885917,-0.0038205327674346035,-0.004219835823643936,-0.05012930875976279,-0.0031478288078764516,-0.017312766305279337,1,1777688075.3793824,hltv_2393347_107661_gamerlegion_vs_astralis_m1_overpass,de_overpass,0.4732461301511638
1,0.09646131690760493,0.020224917569477086,-0.17147103234181565,-0.05283897917347791,-0.001073714864868791,0.02366673199181646,0.04850582341194948,0.061004910401443235,0,1777748321.7190793,hltv_2393348_107692_natus_vincere_vs_faze_m1_dust2,de_dust2,0.527039855143706
0,0.09646131690760493,0.020224917569477086,-0.17147103234181565,-0.05283897917347791,-0.001073714864868791,0.02366673199181646,0.04850582341194948,0.061004910401443235,1,1777748321.7190793,hltv_2393348_107692_natus_vincere_vs_faze_m1_dust2,de_dust2,0.5416643627196106
0,0.13494339963720686,0.019876181166503804,0.0017211982734057774,0.01571502029816263,0.09104123579595846,0.19378761444462983,0.0509189590237894,0.08265631231850729,1,1777749841.5959053,hltv_2393348_107692_natus_vincere_vs_faze_m2_ancient,de_ancient,0.5093309273420165
1,0.13494339963720686,0.019876181166503804,0.0017211982734057774,0.01571502029816263,0.09104123579595846,0.19378761444462983,0.0509189590237894,0.08265631231850729,0,1777749841.5959053,hltv_2393348_107692_natus_vincere_vs_faze_m2_ancient,de_ancient,0.49381567165871776
1,0.272124846900786,0.0702247191011236,-0.06759344419839564,-0.10558459512161092,-0.0342374048315498,-0.046014273348048584,-0.018152430775920936,-0.012648727919369829,1,1777755675.6202633,hltv_2393349_107699_vitality_vs_gamerlegion_m1_mirage,de_mirage,0.5240202362924218
0,0.272124846900786,0.0702247191011236,-0.06759344419839564,-0.10558459512161092,-0.0342374048315498,-0.046014273348048584,-0.018152430775920936,-0.012648727919369829,1,1777755675.6202633,hltv_2393349_107699_vitality_vs_gamerlegion_m1_mirage,de_mirage,0.5301358543914542
0,0.3987893004122486,0.15772478887232982,-0.007099553602810782,0.02426942517457703,0.2347932640982212,0.22641088581928742,0.1375853204634656,0.11063892916973578,1,1777759469.8298001,hltv_2393349_107699_vitality_vs_gamerlegion_m2_overpass,de_overpass,0.4848842567654458
1,0.3987893004122486,0.15772478887232982,-0.007099553602810782,0.02426942517457703,0.2347932640982212,0.22641088581928742,0.1375853204634656,0.11063892916973578,1,1777759469.8298001,hltv_2393349_107699_vitality_vs_gamerlegion_m2_overpass,de_overpass,0.47120361910991015
0,0.21383730524187217,0.06845456451105758,-0.2963812734356549,-0.1724045763075699,-0.00976919473779081,-0.004207949401763611,0.034003626565401124,0.10579108640549534,1,1777840763.9624796,hltv_2393350_107729_natus_vincere_vs_vitality_m2_anubis,de_anubis,0.5465635774616131
1,0.21383730524187217,0.06845456451105758,-0.2963812734356549,-0.1724045763075699,-0.00976919473779081,-0.004207949401763611,0.034003626565401124,0.10579108640549534,0,1777840763.9624796,hltv_2393350_107729_natus_vincere_vs_vitality_m2_anubis,de_anubis,0.5425982433754715
0,0.20689971071647026,0.0666351135910721,-0.002952077351028759,-0.001097814520476581,-0.010125431906681415,-0.030736684247452295,-0.004756361303280776,-0.01565679638038442,0,1777840769.3821812,hltv_2393350_107729_natus_vincere_vs_vitality_m1_nuke,de_nuke,0.5215651701990959
1,0.20689971071647026,0.0666351135910721,-0.002952077351028759,-0.001097814520476581,-0.010125431906681415,-0.030736684247452295,-0.004756361303280776,-0.01565679638038442,1,1777840769.3821812,hltv_2393350_107729_natus_vincere_vs_vitality_m1_nuke,de_nuke,0.5182426257532424
0,0.2125442819616487,0.06490965998008247,-0.00036834058328477637,3.2553144729052796e-05,0.01919953102149663,0.043451486001439166,0.007027246162618517,0.018626978893765744,0,1777841195.7781343,hltv_2393350_107729_natus_vincere_vs_vitality_m3_dust2,de_dust2,0.5194225743832301
1,0.2125442819616487,0.06490965998008247,-0.00036834058328477637,3.2553144729052796e-05,0.01919953102149663,0.043451486001439166,0.007027246162618517,0.018626978893765744,1,1777841195.7781343,hltv_2393350_107729_natus_vincere_vs_vitality_m3_dust2,de_dust2,0.5166253677338514
1,0.25432964193898017,-0.05319148936170215,-0.22436956346427595,-0.18946449635014456,-0.030545260815644903,-0.009866517286336252,0.033973344044968434,0.001784212842664834,1,1778309422.9057877,hltv_2394116_107828_aurora_vs_heroic_m1_nuke,de_nuke,0.5061814042022936
0,0.25432964193898017,-0.05319148936170215,-0.22436956346427595,-0.18946449635014456,-0.030545260815644903,-0.009866517286336252,0.033973344044968434,0.001784212842664834,1,1778309422.9057877,hltv_2394116_107828_aurora_vs_heroic_m1_nuke,de_nuke,0.507252530144352
0,0.05913669710576352,0.05042561065877127,-0.004390277020819511,-0.016845848753118065,0.0075740139949585505,0.003996437586057888,0.0012642092778316627,0.0005271108970132943,1,1778316067.8465233,hltv_2394116_107828_aurora_vs_heroic_m2_dust2,de_dust2,0.530314144818851
1,0.05913669710576352,0.05042561065877127,-0.004390277020819511,-0.016845848753118065,0.0075740139949585505,0.003996437586057888,0.0012642092778316627,0.0005271108970132943,1,1778316067.8465233,hltv_2394116_107828_aurora_vs_heroic_m2_dust2,de_dust2,0.5237824010256072
0,0.3641889133965265,-0.00954759106933023,-0.02031097224367384,-0.1390988838153432,0.10066646795049561,0.007483535411457687,0.02142616807642067,0.005928001164090091,1,1778333385.9600618,hltv_2394123_107837_parivision_vs_9z_m2_ancient,de_ancient,0.563376580921796
1,0.3641889133965265,-0.00954759106933023,-0.02031097224367384,-0.1390988838153432,0.10066646795049561,0.007483535411457687,0.02142616807642067,0.005928001164090091,0,1778333385.9600618,hltv_2394123_107837_parivision_vs_9z_m2_ancient,de_ancient,0.5541894432324475
0,0.15407156688916301,-0.025093370681605942,0.0005801827264957371,0.018663672518797192,-0.04809347547092924,-0.0518099675452528,-0.028584125746950295,-0.03965037658085668,0,1778333386.9488637,hltv_2394123_107837_parivision_vs_9z_m1_inferno,de_inferno,0.5527758099080136
1,0.15407156688916301,-0.025093370681605942,0.0005801827264957371,0.018663672518797192,-0.04809347547092924,-0.0518099675452528,-0.028584125746950295,-0.03965037658085668,1,1778333386.9488637,hltv_2394123_107837_parivision_vs_9z_m1_inferno,de_inferno,0.5470370441854701
0,1.0472091102081447,-0.04213483146067415,-0.0045675879936636354,0.0012191286650005684,0.06723111033195384,0.1719680466609823,0.04516675160969008,0.07171451861104727,1,1778335045.5396876,hltv_2394122_107840_furia_vs_monte_m2_overpass,de_overpass,0.5867939801394723
1,1.0472091102081447,-0.04213483146067415,-0.0045675879936636354,0.0012191286650005684,0.06723111033195384,0.1719680466609823,0.04516675160969008,0.07171451861104727,1,1778335045.5396876,hltv_2394122_107840_furia_vs_monte_m2_overpass,de_overpass,0.5816877279969926
0,0.0837514972439804,0.0433006535947712,0.002156097784879074,0.03290969408284927,0.0964463571581824,0.10625954756619843,0.03605679510275889,0.038508190114783236,0,1778401623.8631837,hltv_2394124_107855_mouz_vs_g2_m3_inferno,de_inferno,0.529096117721526
1,0.0837514972439804,0.0433006535947712,0.002156097784879074,0.03290969408284927,0.0964463571581824,0.10625954756619843,0.03605679510275889,0.038508190114783236,0,1778401623.8631837,hltv_2394124_107855_mouz_vs_g2_m3_inferno,de_inferno,0.5171015017174853
1,0.0837514972439804,-0.014807622284257804,0.0051103780921732955,-0.0005305347978620256,0.014309667922720537,-0.015975917124283368,-0.005139130050768825,-0.00764000492843836,1,1778401627.3150935,hltv_2394124_107855_mouz_vs_g2_m2_mirage,de_mirage,0.5259778335882397
0,0.0837514972439804,-0.014807622284257804,0.0051103780921732955,-0.0005305347978620256,0.014309667922720537,-0.015975917124283368,-0.005139130050768825,-0.00764000492843836,1,1778401627.3150935,hltv_2394124_107855_mouz_vs_g2_m2_mirage,de_mirage,0.5416787356362285
0,0.0837514972439804,0.038980836236933825,-0.0017435068917210361,-0.056558713263178906,-0.011259664781050838,-0.10370743245721675,-0.0035002216286644794,-0.012039961325957749,1,1778401644.1424668,hltv_2394124_107855_mouz_vs_g2_m1_dust2,de_dust2,0.5431321661509284
1,0.0837514972439804,0.038980836236933825,-0.0017435068917210361,-0.056558713263178906,-0.011259664781050838,-0.10370743245721675,-0.0035002216286644794,-0.012039961325957749,1,1778401644.1424668,hltv_2394124_107855_mouz_vs_g2_m1_dust2,de_dust2,0.5267234158477366
1,0.6170878205397856,-0.33775252525252525,0.1026315922303927,0.08345840661802956,0.06378560730451033,0.09003286137349181,0.007757555496844981,0.06187060907943043,1,1778406733.0071585,hltv_2394127_107860_aurora_vs_the_huns_m2_dust2,de_dust2,0.5827342886304078
0,0.6170878205397856,-0.33775252525252525,0.1026315922303927,0.08345840661802956,0.06378560730451033,0.09003286137349181,0.007757555496844981,0.06187060907943043,0,1778406733.0071585,hltv_2394127_107860_aurora_vs_the_huns_m2_dust2,de_dust2,0.6050078029340661
1,0.5677956809991274,-0.2169382341796135,0.004363109500860329,0.00348667965498084,0.09747165294457855,0.18191791053519274,0.05616411263517518,0.06397996406747014,1,1778406853.425512,hltv_2394127_107860_aurora_vs_the_huns_m1_nuke,de_nuke,0.5737577241668378
0,0.5677956809991274,-0.2169382341796135,0.004363109500860329,0.00348667965498084,0.09747165294457855,0.18191791053519274,0.05616411263517518,0.06397996406747014,1,1778406853.425512,hltv_2394127_107860_aurora_vs_the_huns_m1_nuke,de_nuke,0.5951374097067461
0,0.04575197321930095,-0.01657824933687002,-0.1614280376479021,-0.049843991995659365,-0.08963119388235696,0.039658859935677526,0.019441284073682064,-0.008114137697632362,1,1778410779.5674038,hltv_2394126_107862_the_mongolz_vs_spirit_m1_dust2,de_dust2,0.6240277857549043
1,0.04575197321930095,-0.01657824933687002,-0.1614280376479021,-0.049843991995659365,-0.08963119388235696,0.039658859935677526,0.019441284073682064,-0.008114137697632362,0,1778410779.5674038,hltv_2394126_107862_the_mongolz_vs_spirit_m1_dust2,de_dust2,0.6041252150738201
1,0.06179616834118973,-0.015543255743422524,-0.0015581686776425796,0.03293790795223017,0.027020892679691155,0.13738630683562614,0.018424827000843857,0.049955826526165426,1,1778410903.5304217,hltv_2394126_107862_the_mongolz_vs_spirit_m2_ancient,de_ancient,0.5294788100959096
0,0.06179616834118973,-0.015543255743422524,-0.0015581686776425796,0.03293790795223017,0.027020892679691155,0.13738630683562614,0.018424827000843857,0.049955826526165426,0,1778410903.5304217,hltv_2394126_107862_the_mongolz_vs_spirit_m2_ancient,de_ancient,0.5486667135684905
1,0.06831344548102722,0.12419274714356682,-0.17309037060074578,-0.13170391690482708,0.060197461340683045,0.06551490046599923,0.1057912383353053,0.03785268237153527,0,1778417371.1003397,hltv_2394128_107867_furia_vs_heroic_m1_mirage,de_mirage,0.5185164914566545
0,0.06831344548102722,0.12419274714356682,-0.17309037060074578,-0.13170391690482708,0.060197461340683045,0.06551490046599923,0.1057912383353053,0.03785268237153527,0,1778417371.1003397,hltv_2394128_107867_furia_vs_heroic_m1_mirage,de_mirage,0.5329109044110674
0,0.18483587576066776,0.025895856662933925,-0.004921362720748335,0.023952394921443854,0.1375596528918624,0.1978652817838261,0.0857041465944634,0.06572640148546355,1,1778417868.7750216,hltv_2394128_107867_furia_vs_heroic_m2_inferno,de_inferno,0.4899020922695282
1,0.18483587576066776,0.025895856662933925,-0.004921362720748335,0.023952394921443854,0.1375596528918624,0.1978652817838261,0.0857041465944634,0.06572640148546355,0,1778417868.7750216,hltv_2394128_107867_furia_vs_heroic_m2_inferno,de_inferno,0.470481801698061
1,-0.5760970141192145,0.12019230769230771,-0.26686637303891647,-0.11776766848417991,-0.08950654687413173,-0.03042008844773708,0.04866039811619949,0.0236662183043459,1,1778421033.125549,hltv_2394131_107870_monte_vs_magic_m1_ancient,de_ancient,0.47739068713101696
0,-0.5760970141192145,0.12019230769230771,-0.26686637303891647,-0.11776766848417991,-0.08950654687413173,-0.03042008844773708,0.04866039811619949,0.0236662183043459,0,1778421033.125549,hltv_2394131_107870_monte_vs_magic_m1_ancient,de_ancient,0.4972315579188833
1,-0.5760970141192145,0.053418803418803396,-0.0008242747575908371,-0.021320605666286685,0.007566215242206409,-0.01939915728086894,0.005022802587772934,0.01024835031558391,1,1778421051.388437,hltv_2394131_107870_monte_vs_magic_m2_dust2,de_dust2,0.4205509307789005
0,-0.5760970141192145,0.053418803418803396,-0.0008242747575908371,-0.021320605666286685,0.007566215242206409,-0.01939915728086894,0.005022802587772934,0.01024835031558391,0,1778421051.388437,hltv_2394131_107870_monte_vs_magic_m2_dust2,de_dust2,0.43727176609511076
0,0.032466984817535134,0.19685132575757575,-0.03011213799083834,0.15111902308134711,-0.0660414641321801,-0.07500722377250707,0.001890599758309519,-0.03678756558397789,0,1778427901.5855541,hltv_2394130_107875_falcons_vs_9z_m2_mirage,de_mirage,0.5536859929401988
1,0.032466984817535134,0.19685132575757575,-0.03011213799083834,0.15111902308134711,-0.0660414641321801,-0.07500722377250707,0.001890599758309519,-0.03678756558397789,1,1778427901.5855541,hltv_2394130_107875_falcons_vs_9z_m2_mirage,de_mirage,0.5402381632842276
1,0.013893014515933624,0.18233082706766912,0.003911071057410176,0.02952198412465079,-0.037916242529608235,0.03375817952011817,-0.02396457406958069,-0.005507311041004104,1,1778427933.191382,hltv_2394130_107875_falcons_vs_9z_m1_nuke,de_nuke,0.578423743420109
0,0.013893014515933624,0.18233082706766912,0.003911071057410176,0.02952198412465079,-0.037916242529608235,0.03375817952011817,-0.02396457406958069,-0.005507311041004104,0,1778427933.191382,hltv_2394130_107875_falcons_vs_9z_m1_nuke,de_nuke,0.5932843466729346
1,0.06961282684459708,0.08000530910806986,-0.06452884319385122,-0.1161073074865751,-0.02671437805487642,-0.051106783566330805,0.02135827826125719,0.021622127736799945,1,1778483536.9676538,hltv_2394132_107892_parivision_vs_aurora_m1_anubis,de_anubis,0.5718688489792625
0,0.06961282684459708,0.08000530910806986,-0.06452884319385122,-0.1161073074865751,-0.02671437805487642,-0.051106783566330805,0.02135827826125719,0.021622127736799945,1,1778483536.9676538,hltv_2394132_107892_parivision_vs_aurora_m1_anubis,de_anubis,0.5835339102461222
1,0.08100328536867059,0.10416666666666669,-0.004539412055509562,-0.025068981487087083,0.03381153284376637,-0.0023164243692074815,0.022092361521620807,0.01620966852083333,0,1778483708.0024552,hltv_2394132_107892_parivision_vs_aurora_m2_dust2,de_dust2,0.559929287449774
0,0.08100328536867059,0.10416666666666669,-0.004539412055509562,-0.025068981487087083,0.03381153284376637,-0.0023164243692074815,0.022092361521620807,0.01620966852083333,0,1778483708.0024552,hltv_2394132_107892_parivision_vs_aurora_m2_dust2,de_dust2,0.5720399799249483
1,0.7691800811232516,0.22101449275362323,-0.07768831524249686,-0.02742038045273526,-0.04511188881145761,-0.045371072957682945,0.037999926789119176,0.024103032018079396,1,1778491231.5695152,hltv_2394134_107896_falcons_vs_monte_m1_dust2,de_dust2,0.6534827043834032
0,0.7691800811232516,0.22101449275362323,-0.07768831524249686,-0.02742038045273526,-0.04511188881145761,-0.045371072957682945,0.037999926789119176,0.024103032018079396,0,1778491231.5695152,hltv_2394134_107896_falcons_vs_monte_m1_dust2,de_dust2,0.6666323499973835
0,0.5693877154813543,0.19767732267732274,0.005513368233337923,0.025419665966438132,0.03784472225605989,0.08822856540246254,0.024751925928713447,0.028592921172115204,0,1778491735.9636452,hltv_2394134_107896_falcons_vs_monte_m2_ancient,de_ancient,0.6241141272282857
1,0.5693877154813543,0.19767732267732274,0.005513368233337923,0.025419665966438132,0.03784472225605989,0.08822856540246254,0.024751925928713447,0.028592921172115204,0,1778491735.9636452,hltv_2394134_107896_falcons_vs_monte_m2_ancient,de_ancient,0.6131768814715604
0,-0.013679476620572121,0.011130987875173914,0.14251360490848114,0.13603979254699405,0.07404390996131444,0.09653423848311421,-0.022795896941179894,5.766147018476664e-05,1,1778504735.0622559,hltv_2394136_107903_mouz_vs_9z_m2_inferno,de_inferno,0.5172881177923991
1,-0.013679476620572121,0.011130987875173914,0.14251360490848114,0.13603979254699405,0.07404390996131444,0.09653423848311421,-0.022795896941179894,5.766147018476664e-05,1,1778504735.0622559,hltv_2394136_107903_mouz_vs_9z_m2_inferno,de_inferno,0.5082279720557925
1,-0.013679476620572121,0.07957650273224043,0.0029118634851184044,0.023654970126710417,0.07388971407890005,0.028001377174716013,0.04673207032433008,0.028008523249704376,1,1778504742.403189,hltv_2394136_107903_mouz_vs_9z_m1_nuke,de_nuke,0.5259868314316116
0,-0.013679476620572121,0.07957650273224043,0.0029118634851184044,0.023654970126710417,0.07388971407890005,0.028001377174716013,0.04673207032433008,0.028008523249704376,0,1778504742.403189,hltv_2394136_107903_mouz_vs_9z_m1_nuke,de_nuke,0.5325113243948792
1,-0.013679476620572121,0.07071757539741491,-0.006009141106874338,-0.0031269240507664775,-0.08984998797605948,-0.0799699655259049,-0.053466597188341625,-0.04248406129592236,1,1778504761.1954472,hltv_2394136_107903_mouz_vs_9z_m3_ancient,de_ancient,0.5664851960657946
0,-0.013679476620572121,0.07071757539741491,-0.006009141106874338,-0.0031269240507664775,-0.08984998797605948,-0.0799699655259049,-0.053466597188341625,-0.04248406129592236,0,1778504761.1954472,hltv_2394136_107903_mouz_vs_9z_m3_ancient,de_ancient,0.5726772919286298
1,0.07623217813010058,-0.1923076923076923,0.07103229325507288,-0.0033463034525617608,-0.000763439194297999,-0.010429508494854217,-0.016448835674928997,-0.03293024172962705,0,1778510967.520104,hltv_2394139_107907_the_huns_vs_fisher_college_m2_inferno,de_inferno,0.5431041502533493
0,0.07623217813010058,-0.1923076923076923,0.07103229325507288,-0.0033463034525617608,-0.000763439194297999,-0.010429508494854217,-0.016448835674928997,-0.03293024172962705,0,1778510967.520104,hltv_2394139_107907_the_huns_vs_fisher_college_m2_inferno,de_inferno,0.5488168368440675
0,0.07623217813010058,-0.38647342995169087,-0.007410025003643961,-0.0344996833609289,-0.07720594466881847,-0.1096641029983923,-0.043643293927309645,-0.04563909285623502,0,1778510974.7334797,hltv_2394139_107907_the_huns_vs_fisher_college_m1_nuke,de_nuke,0.5414885051091077
1,0.07623217813010058,-0.38647342995169087,-0.007410025003643961,-0.0344996833609289,-0.07720594466881847,-0.1096641029983923,-0.043643293927309645,-0.04563909285623502,0,1778510974.7334797,hltv_2394139_107907_the_huns_vs_fisher_college_m1_nuke,de_nuke,0.5364982442800118
0,-0.0009787937299937238,-0.09441565918249861,0.17807815599622967,0.09477980515574053,0.12215215030568771,0.10534108837402367,-0.015972708854482598,0.052858120592557345,1,1778515004.1366744,hltv_2394138_107909_furia_vs_spirit_m2_overpass,de_overpass,0.5394671434674906
1,-0.0009787937299937238,-0.09441565918249861,0.17807815599622967,0.09477980515574053,0.12215215030568771,0.10534108837402367,-0.015972708854482598,0.052858120592557345,1,1778515004.1366744,hltv_2394138_107909_furia_vs_spirit_m2_overpass,de_overpass,0.5405712479703499
1,0.014929061578469752,-0.05960367029069319,-0.0014495299213689306,-0.0029271169803344876,-0.016253568511012673,0.023094255987801404,-0.0072842938868747376,-0.0036609638695402347,1,1778516931.7137692,hltv_2394138_107909_furia_vs_spirit_m3_mirage,de_mirage,0.5339899308664814
0,0.014929061578469752,-0.05960367029069319,-0.0014495299213689306,-0.0029271169803344876,-0.016253568511012673,0.023094255987801404,-0.0072842938868747376,-0.0036609638695402347,1,1778516931.7137692,hltv_2394138_107909_furia_vs_spirit_m3_mirage,de_mirage,0.5340564041661335
0,-0.27120375056416934,-0.18297236743838685,-0.0019184627906889684,0.004542777617822069,0.0758118231803297,0.046413627362233534,0.044339323192588154,0.05052203488814749,0,1778520034.0,hltv_2394110_107912_pain_vs_faze_m2_anubis,de_anubis,0.5491057931441903
1,-0.27120375056416934,-0.18297236743838685,-0.0019184627906889684,0.004542777617822069,0.0758118231803297,0.046413627362233534,0.044339323192588154,0.05052203488814749,0,1778520034.0,hltv_2394110_107912_pain_vs_faze_m2_anubis,de_anubis,0.5496528954668978
0,-0.04366699389884911,-0.36931818181818177,0.00108194270674139,-0.003673314845255793,-0.018758411932808472,0.03420705244570327,-0.009899705123554814,0.0073285800517490785,0,1778520706.0,hltv_2394109_107914_b8_vs_betboom_m2_nuke,de_nuke,0.5296900546352951
1,-0.04366699389884911,-0.36931818181818177,0.00108194270674139,-0.003673314845255793,-0.018758411932808472,0.03420705244570327,-0.009899705123554814,0.0073285800517490785,1,1778520706.0,hltv_2394109_107914_b8_vs_betboom_m2_nuke,de_nuke,0.5222077082634089
0,-0.03289047741342857,-0.0018007202881152873,-0.19003150083913156,-0.027754033987504312,0.01870822750137019,0.08273843016614318,0.034821036513963066,0.02738518922336214,1,1778528419.0,hltv_2394111_107920_nrg_vs_fut_m1_ancient,de_ancient,0.5506882484535744
1,-0.03289047741342857,-0.0018007202881152873,-0.19003150083913156,-0.027754033987504312,0.01870822750137019,0.08273843016614318,0.034821036513963066,0.02738518922336214,1,1778528419.0,hltv_2394111_107920_nrg_vs_fut_m1_ancient,de_ancient,0.5431584249320253
1,-0.03289047741342857,0.061529271206690606,0.0035294214371872634,-0.006635318080390529,-0.0091933086617777,0.0021518429634263536,-0.0018133408479359403,0.00647037980633236,0,1778532359.0,hltv_2394111_107920_nrg_vs_fut_m2_overpass,de_overpass,0.5592170980050913
0,-0.03289047741342857,0.061529271206690606,0.0035294214371872634,-0.006635318080390529,-0.0091933086617777,0.0021518429634263536,-0.0018133408479359403,0.00647037980633236,0,1778532359.0,hltv_2394111_107920_nrg_vs_fut_m2_overpass,de_overpass,0.563698196657527
0,0.3452457821632598,0.4711322869955157,0.004072825347026465,0.0014476090799706576,0.02300267165485792,0.0058528952120511235,0.008699229821469256,0.01511619036041928,1,1778538506.0,hltv_2394112_107922_natus_vincere_vs_passion_ua_m2_mirage,de_mirage,0.5841328181957848
1,0.3452457821632598,0.4711322869955157,0.004072825347026465,0.0014476090799706576,0.02300267165485792,0.0058528952120511235,0.008699229821469256,0.01511619036041928,1,1778538506.0,hltv_2394112_107922_natus_vincere_vs_passion_ua_m2_mirage,de_mirage,0.5781867712523447
1,0.12003672578345756,0.21590909090909088,-0.12485596177386693,-0.09030611093841173,0.06592939306276507,0.046713448540369684,0.050103421533671866,0.02805138720188083,1,1778542874.0,hltv_2394115_107924_liquid_vs_astralis_m1_dust2,de_dust2,0.567550121756872
0,0.12003672578345756,0.21590909090909088,-0.12485596177386693,-0.09030611093841173,0.06592939306276507,0.046713448540369684,0.050103421533671866,0.02805138720188083,1,1778542874.0,hltv_2394115_107924_liquid_vs_astralis_m1_dust2,de_dust2,0.575789537407381
0,0.18787602904018064,0.2636949516648765,-0.0005714474952183135,-0.006741752296801851,0.08471464101168963,0.09782616862371896,0.04050030890098427,0.04841408137425007,1,1778546382.0,hltv_2394115_107924_liquid_vs_astralis_m2_ancient,de_ancient,0.5884832829936515
1,0.18787602904018064,0.2636949516648765,-0.0005714474952183135,-0.006741752296801851,0.08471464101168963,0.09782616862371896,0.04050030890098427,0.04841408137425007,0,1778546382.0,hltv_2394115_107924_liquid_vs_astralis_m2_ancient,de_ancient,0.5769457115206066
0,0.07410713645291783,0.01125938281901584,0.06909748855041142,0.07459251961737856,0.054411015357601344,0.05404324139105304,0.00884248850839342,0.053454423912987326,0,1778569970.600832,hltv_2394140_107930_mouz_vs_aurora_m1_dust2,de_dust2,0.5790999016457553
1,0.07410713645291783,0.01125938281901584,0.06909748855041142,0.07459251961737856,0.054411015357601344,0.05404324139105304,0.00884248850839342,0.053454423912987326,0,1778569970.600832,hltv_2394140_107930_mouz_vs_aurora_m1_dust2,de_dust2,0.564806556851488
1,0.0669003827552592,0.1388888888888889,-0.15546161760833593,0.13732070324736512,-0.09093770853491845,-0.09173041211199434,0.014166822944409962,0.024599663155129792,0,1778570029.9513009,hltv_2394141_107929_heroic_vs_magic_m1_mirage,de_mirage,0.6030221041366686
0,0.0669003827552592,0.1388888888888889,-0.15546161760833593,0.13732070324736512,-0.09093770853491845,-0.09173041211199434,0.014166822944409962,0.024599663155129792,0,1778570029.9513009,hltv_2394141_107929_heroic_vs_magic_m1_mirage,de_mirage,0.6179600811027774
0,0.0669003827552592,-0.043103448275862044,-0.0019146620966275507,0.006622950610416012,-0.03403925062968799,-0.029680730474387296,-0.01617317526738199,-0.01955604906176661,1,1778570059.1938472,hltv_2394141_107929_heroic_vs_magic_m2_dust2,de_dust2,0.5777974454119986
1,0.0669003827552592,-0.043103448275862044,-0.0019146620966275507,0.006622950610416012,-0.03403925062968799,-0.029680730474387296,-0.01617317526738199,-0.01955604906176661,1,1778570059.1938472,hltv_2394141_107929_heroic_vs_magic_m2_dust2,de_dust2,0.5660223643242609
1,0.0669003827552592,0.0892857142857143,0.005192152904581637,0.03734694270806965,0.054331446243814696,-0.0016620345686073068,0.03332508093511838,-0.0051681597371617816,0,1778571931.2748108,hltv_2394141_107929_heroic_vs_magic_m3_inferno,de_inferno,0.5231172860649165
0,0.0669003827552592,0.0892857142857143,0.005192152904581637,0.03734694270806965,0.054331446243814696,-0.0016620345686073068,0.03332508093511838,-0.0051681597371617816,0,1778571931.2748108,hltv_2394141_107929_heroic_vs_magic_m3_inferno,de_inferno,0.5353527318357131
1,0.058585515964148224,-0.018771889627180793,-0.005471566158598229,-0.03918271819522773,-0.02221827781094421,-0.07059241353916917,-0.01054799942271989,-0.019065861959816743,1,1778572697.0140064,hltv_2394140_107930_mouz_vs_aurora_m2_nuke,de_nuke,0.55010046375871
0,0.058585515964148224,-0.018771889627180793,-0.005471566158598229,-0.03918271819522773,-0.02221827781094421,-0.07059241353916917,-0.01054799942271989,-0.019065861959816743,1,1778572697.0140064,hltv_2394140_107930_mouz_vs_aurora_m2_nuke,de_nuke,0.5647998321790966
1,0.0752391293891086,-0.1785714285714286,0.039675632385165804,0.13932139305429903,0.023617111783949596,-0.00023090646973344953,-0.02849942237262504,-0.0538686894149738,1,1778582284.1118712,hltv_2394143_107936_monte_vs_the_huns_m1_nuke,de_nuke,0.5532168624999256
0,0.0752391293891086,-0.1785714285714286,0.039675632385165804,0.13932139305429903,0.023617111783949596,-0.00023090646973344953,-0.02849942237262504,-0.0538686894149738,1,1778582284.1118712,hltv_2394143_107936_monte_vs_the_huns_m1_nuke,de_nuke,0.5703411955128604
0,0.0752391293891086,-0.009968102073365293,0.003157583688294774,0.048535464062716305,0.15499706385628814,0.3117671874249372,0.09856229640973962,0.13262958545186082,0,1778582286.1698887,hltv_2394143_107936_monte_vs_the_huns_m2_dust2,de_dust2,0.47321849870587046
1,0.0752391293891086,-0.009968102073365293,0.003157583688294774,0.048535464062716305,0.15499706385628814,0.3117671874249372,0.09856229640973962,0.13262958545186082,1,1778582286.1698887,hltv_2394143_107936_monte_vs_the_huns_m2_dust2,de_dust2,0.45423131744493234
0,-0.019266234918571025,0.017662399241346605,0.09214696912783082,0.12473576078919957,0.021842246862617154,0.02961993440089955,-0.007329454098536026,-0.02558894244637555,0,1778582293.947841,hltv_2394142_107935_the_mongolz_vs_falcons_m1_dust2,de_dust2,0.5276642208405613
1,-0.019266234918571025,0.017662399241346605,0.09214696912783082,0.12473576078919957,0.021842246862617154,0.02961993440089955,-0.007329454098536026,-0.02558894244637555,1,1778582293.947841,hltv_2394142_107935_the_mongolz_vs_falcons_m1_dust2,de_dust2,0.5125608790831743
1,-0.011404521783142763,0.017740429505135435,-0.0019084870804360055,0.0013713911325607953,0.027963991434891255,0.01282105173904835,0.01610870930752495,0.026817741758844882,1,1778582299.252955,hltv_2394142_107935_the_mongolz_vs_falcons_m2_inferno,de_inferno,0.5303255786193297
0,-0.011404521783142763,0.017740429505135435,-0.0019084870804360055,0.0013713911325607953,0.027963991434891255,0.01282105173904835,0.01610870930752495,0.026817741758844882,0,1778582299.252955,hltv_2394142_107935_the_mongolz_vs_falcons_m2_inferno,de_inferno,0.5450416990400414
1,0.0752391293891086,-0.007649938800489586,-0.0010482915065138654,-0.002516571712017912,-0.11784630281957525,-0.03758532512184304,-0.07045173666076998,-0.055104000048383395,1,1778583887.2559502,hltv_2394143_107936_monte_vs_the_huns_m3_mirage,de_mirage,0.6072171692171214
0,0.0752391293891086,-0.007649938800489586,-0.0010482915065138654,-0.002516571712017912,-0.11784630281957525,-0.03758532512184304,-0.07045173666076998,-0.055104000048383395,1,1778583887.2559502,hltv_2394143_107936_monte_vs_the_huns_m3_mirage,de_mirage,0.6243723554953602
0,-0.02911696716443555,0.017762351980400104,-0.0021592839772710537,0.019107351220064406,-0.04861767900059982,-0.035612255826709904,-0.030696945458945468,-0.029444304022824497,0,1778583891.3123326,hltv_2394142_107935_the_mongolz_vs_falcons_m3_mirage,de_mirage,0.586764839069691
1,-0.02911696716443555,0.017762351980400104,-0.0021592839772710537,0.019107351220064406,-0.04861767900059982,-0.035612255826709904,-0.030696945458945468,-0.029444304022824497,0,1778583891.3123326,hltv_2394142_107935_the_mongolz_vs_falcons_m3_mirage,de_mirage,0.5622210128920346
1,0.09283039366101026,0.12693508736961,-0.02000352677081918,-0.035744664446041796,-0.014536729203879717,-0.006151123731292729,-0.004843435679395824,-0.019168499365978864,1,1778592254.4147122,hltv_2394145_107943_parivision_vs_g2_m2_dust2,de_dust2,0.569486883879567
0,0.09283039366101026,0.12693508736961,-0.02000352677081918,-0.035744664446041796,-0.014536729203879717,-0.006151123731292729,-0.004843435679395824,-0.019168499365978864,1,1778592254.4147122,hltv_2394145_107943_parivision_vs_g2_m2_dust2,de_dust2,0.5920147496072382
1,0.06241449867479687,0.16353199804592083,0.0009710499531061512,-0.01585182923377698,-0.039837646372765045,-0.07854808628538074,-0.02628569435607897,-0.029703123693034628,1,1778592261.4684348,hltv_2394145_107943_parivision_vs_g2_m1_mirage,de_mirage,0.5977390103015527
0,0.06241449867479687,0.16353199804592083,0.0009710499531061512,-0.01585182923377698,-0.039837646372765045,-0.07854808628538074,-0.02628569435607897,-0.029703123693034628,0,1778592261.4684348,hltv_2394145_107943_parivision_vs_g2_m1_mirage,de_mirage,0.6187667623010925
0,0.04793068189784905,-0.002928321678321688,0.0022038084943161174,-0.0014467320284523022,-0.0819160815601861,-0.08667146848692092,-0.040727217897402745,-0.04217792042698354,1,1778592439.497722,hltv_2394144_107942_furia_vs_gentle_mates_m2_overpass,de_overpass,0.6105134181877983
1,0.04793068189784905,-0.002928321678321688,0.0022038084943161174,-0.0014467320284523022,-0.0819160815601861,-0.08667146848692092,-0.040727217897402745,-0.04217792042698354,0,1778592439.497722,hltv_2394144_107942_furia_vs_gentle_mates_m2_overpass,de_overpass,0.590023600643228
1,-0.06643884751304702,-0.003403755868544578,-0.013312630341473564,-0.015666095405984737,-0.0329294136346403,-0.02212917735819442,-0.01664450380874477,0.008620439215190179,1,1778596011.3118124,hltv_2394144_107942_furia_vs_gentle_mates_m3_inferno,de_inferno,0.5343045631357843
0,-0.06643884751304702,-0.003403755868544578,-0.013312630341473564,-0.015666095405984737,-0.0329294136346403,-0.02212917735819442,-0.01664450380874477,0.008620439215190179,0,1778596011.3118124,hltv_2394144_107942_furia_vs_gentle_mates_m3_inferno,de_inferno,0.5529422750690287
0,-0.002710105263737106,0.2319508448540707,0.05994793410254906,0.10362998011693991,0.07017305000528323,0.028693853322233842,-0.019111796580925322,-0.03596529326765774,1,1778601708.0,hltv_2394159_107950_b8_vs_bc_game_m1_overpass,de_overpass,0.5576641079618282
1,-0.002710105263737106,0.2319508448540707,0.05994793410254906,0.10362998011693991,0.07017305000528323,0.028693853322233842,-0.019111796580925322,-0.03596529326765774,1,1778601708.0,hltv_2394159_107950_b8_vs_bc_game_m1_overpass,de_overpass,0.5394087778886751
0,0.06710461669205985,-7.846829880731043e-05,-0.21418451590018273,-0.3225626604845757,0.009876112363132017,-0.039063923501351294,0.0227441245477209,-0.026415992275880096,0,1778601914.0,hltv_2394160_107951_faze_vs_nrg_m1_ancient,de_ancient,0.6389984297330947
1,0.06710461669205985,-7.846829880731043e-05,-0.21418451590018273,-0.3225626604845757,0.009876112363132017,-0.039063923501351294,0.0227441245477209,-0.026415992275880096,0,1778601914.0,hltv_2394160_107951_faze_vs_nrg_m1_ancient,de_ancient,0.6194259918601289
1,-0.2419893850374436,0.31659505907626206,0.03828746443407999,0.009225893209145075,-0.08952877448396573,-0.1434631913556605,-0.033403776349898995,-0.05058802969743165,0,1778605746.0,hltv_2394159_107950_b8_vs_bc_game_m2_mirage,de_mirage,0.4979989818695231
0,-0.2419893850374436,0.31659505907626206,0.03828746443407999,0.009225893209145075,-0.08952877448396573,-0.1434631913556605,-0.033403776349898995,-0.05058802969743165,1,1778605746.0,hltv_2394159_107950_b8_vs_bc_game_m2_mirage,de_mirage,0.5134820978161956
1,0.06710461669205985,-0.06298396017699115,-0.015746659428862886,-0.02966122159706125,-0.13711259522173153,-0.20807845558444626,-0.0764465123460405,-0.08371108142403894,1,1778605870.0,hltv_2394160_107951_faze_vs_nrg_m2_nuke,de_nuke,0.6059557692069234
0,0.06710461669205985,-0.06298396017699115,-0.015746659428862886,-0.02966122159706125,-0.13711259522173153,-0.20807845558444626,-0.0764465123460405,-0.08371108142403894,0,1778605870.0,hltv_2394160_107951_faze_vs_nrg_m2_nuke,de_nuke,0.6209796635485474
0,0.14702485072743765,0.26442307692307687,0.05777001531706094,0.12488372132950298,0.003552668961758376,0.0678099419040753,-0.05241890647966152,-0.03336001920624404,1,1778611901.0,hltv_2394157_107957_betboom_vs_vitality_m1_anubis,de_anubis,0.5838224198532608
1,0.14702485072743765,0.26442307692307687,0.05777001531706094,0.12488372132950298,0.003552668961758376,0.0678099419040753,-0.05241890647966152,-0.03336001920624404,0,1778611901.0,hltv_2394157_107957_betboom_vs_vitality_m1_anubis,de_anubis,0.5742174105253699
0,0.11090950615855485,0.20931142410015652,-0.0011873601546181778,-0.0022125268493917716,-0.07447832916440866,-0.06690177663699176,-0.03957789203186052,-0.031674522958570595,1,1778615648.0,hltv_2394157_107957_betboom_vs_vitality_m2_overpass,de_overpass,0.5743687433557345
1,0.11090950615855485,0.20931142410015652,-0.0011873601546181778,-0.0022125268493917716,-0.07447832916440866,-0.06690177663699176,-0.03957789203186052,-0.031674522958570595,0,1778615648.0,hltv_2394157_107957_betboom_vs_vitality_m2_overpass,de_overpass,0.5669313725754507
0,-0.13695386920005015,-0.1601387188902489,0.33635954963968223,0.08906535538766214,0.11343937391317094,0.013913501609414236,-0.046031667539180476,0.0205468642023261,0,1778622336.0,hltv_2394161_107961_natus_vincere_vs_gamerlegion_m1_inferno,de_inferno,0.4743092623016892
1,-0.13695386920005015,-0.1601387188902489,0.33635954963968223,0.08906535538766214,0.11343937391317094,0.013913501609414236,-0.046031667539180476,0.0205468642023261,0,1778622336.0,hltv_2394161_107961_natus_vincere_vs_gamerlegion_m1_inferno,de_inferno,0.4667923734649076
0,-0.24182715387906328,0.034965034965035,-0.002263091294117281,-0.03253459422232996,-0.059571731532807426,-0.10983055799988939,-0.03588367144468013,-0.04291078836670331,0,1778636299.0,hltv_2394162_107963_astralis_vs_legacy_m2_nuke,de_nuke,0.49937033941504
1,-0.24182715387906328,0.034965034965035,-0.002263091294117281,-0.03253459422232996,-0.059571731532807426,-0.10983055799988939,-0.03588367144468013,-0.04291078836670331,0,1778636299.0,hltv_2394162_107963_astralis_vs_legacy_m2_nuke,de_nuke,0.488938618751506
0,0.2251070578186354,-0.007692307692307665,0.016577846012074682,-0.11919871920859765,-0.04848872570093621,-0.10696707916586867,-0.021352512369745058,-0.039311640465958864,0,1778658964.1682682,hltv_2394146_107970_gentle_mates_vs_magic_m2_inferno,de_inferno,0.5461329445280172
1,0.2251070578186354,-0.007692307692307665,0.016577846012074682,-0.11919871920859765,-0.04848872570093621,-0.10696707916586867,-0.021352512369745058,-0.039311640465958864,1,1778658964.1682682,hltv_2394146_107970_gentle_mates_vs_magic_m2_inferno,de_inferno,0.5349407037885545
0,0.4894633392781643,-0.042310996563573844,-0.0052218705957644,-0.05752855752996888,0.03344837125404526,0.06724114475250981,0.03586596616315402,-0.0007792424864571657,1,1778662727.5100648,hltv_2394147_107971_monte_vs_g2_m1_ancient,de_ancient,0.5426849871050212
1,0.4894633392781643,-0.042310996563573844,-0.0052218705957644,-0.05752855752996888,0.03344837125404526,0.06724114475250981,0.03586596616315402,-0.0007792424864571657,1,1778662727.5100648,hltv_2394147_107971_monte_vs_g2_m1_ancient,de_ancient,0.5330373435651276
1,0.4894633392781643,0.036163522012578664,-0.005615132992756178,0.08503471042894428,0.13063888105313098,0.2114917140088265,0.061782937208707145,0.08263334044497583,0,1778662735.2993798,hltv_2394147_107971_monte_vs_g2_m2_dust2,de_dust2,0.5245370978331089
0,0.4894633392781643,0.036163522012578664,-0.005615132992756178,0.08503471042894428,0.13063888105313098,0.2114917140088265,0.061782937208707145,0.08263334044497583,1,1778662735.2993798,hltv_2394147_107971_monte_vs_g2_m2_dust2,de_dust2,0.5350417151687585
1,0.016633959480441447,-0.09236026111791107,0.26655200857185213,0.07534354054581527,-0.0038870239403488993,0.003144896452516588,-0.030764880589934762,-0.009938945636792429,0,1778673809.0197887,hltv_2394148_107977_the_mongolz_vs_aurora_m2_mirage,de_mirage,0.4264243084487155
0,0.016633959480441447,-0.09236026111791107,0.26655200857185213,0.07534354054581527,-0.0038870239403488993,0.003144896452516588,-0.030764880589934762,-0.009938945636792429,0,1778673809.0197887,hltv_2394148_107977_the_mongolz_vs_aurora_m2_mirage,de_mirage,0.4382199381973848
0,0.027534395055468844,-0.11847415284094542,-0.0002772350744055796,0.02097335667589223,0.04345735717669763,0.11201848160708416,0.02631849048517665,0.037357291301151174,0,1778673818.1057541,hltv_2394148_107977_the_mongolz_vs_aurora_m1_overpass,de_overpass,0.45597783031565986
1,0.027534395055468844,-0.11847415284094542,-0.0002772350744055796,0.02097335667589223,0.04345735717669763,0.11201848160708416,0.02631849048517665,0.037357291301151174,1,1778673818.1057541,hltv_2394148_107977_the_mongolz_vs_aurora_m1_overpass,de_overpass,0.4433202767225419
0,-0.03078190591238207,-0.03386769022352676,0.05930762389503924,0.2807908228296208,-0.10416472198528942,-0.07584757901589406,-0.03170192611618711,-0.11437666196031876,1,1778688773.0,hltv_2394165_107988_b8_vs_fut_m1_ancient,de_ancient,0.45506152233497027
1,-0.03078190591238207,-0.03386769022352676,0.05930762389503924,0.2807908228296208,-0.10416472198528942,-0.07584757901589406,-0.03170192611618711,-0.11437666196031876,1,1778688773.0,hltv_2394165_107988_b8_vs_fut_m1_ancient,de_ancient,0.4427100498519392
1,-0.005995274986660824,0.008982863460475388,-0.00022706334800581818,0.0032030184556409713,-0.017632480312672172,-0.03787837189069737,-0.006604873153490842,0.0002907795304583072,0,1778693046.0,hltv_2394165_107988_b8_vs_fut_m2_overpass,de_overpass,0.5001495956830297
0,-0.005995274986660824,0.008982863460475388,-0.00022706334800581818,0.0032030184556409713,-0.017632480312672172,-0.03787837189069737,-0.006604873153490842,0.0002907795304583072,0,1778693046.0,hltv_2394165_107988_b8_vs_fut_m2_overpass,de_overpass,0.5099543574993332
0,0.3301599383063716,0.0010107292800497492,-0.11964855891242149,-0.13675049645388776,0.0230858635526503,0.04330622616636254,0.023214990459100304,0.0025987544911797444,0,1778693798.0,hltv_2394166_107989_faze_vs_vitality_m2_dust2,de_dust2,0.5739166965684952
1,0.3301599383063716,0.0010107292800497492,-0.11964855891242149,-0.13675049645388776,0.0230858635526503,0.04330622616636254,0.023214990459100304,0.0025987544911797444,0,1778693798.0,hltv_2394166_107989_faze_vs_vitality_m2_dust2,de_dust2,0.5624806577561144
0,0.0346986137301612,0.0703125,-0.07455643803715717,-0.08491718101146811,-0.08240631611385912,-0.12998156215751466,-0.05091698150726448,-0.05329140561118029,0,1778701546.0,hltv_2394168_107992_gamerlegion_vs_liquid_m2_nuke,de_nuke,0.54746331323123
1,0.0346986137301612,0.0703125,-0.07455643803715717,-0.08491718101146811,-0.08240631611385912,-0.12998156215751466,-0.05091698150726448,-0.05329140561118029,1,1778701546.0,hltv_2394168_107992_gamerlegion_vs_liquid_m2_nuke,de_nuke,0.5396365055928617
1,0.24621504752346765,0.03392991785388311,0.3178876807908357,0.3267359038149431,0.07188904887935049,0.08996599165334446,-0.0468382814398578,0.026079789529693143,1,1778706839.0,hltv_2394170_107998_b8_vs_vitality_m1_mirage,de_mirage,0.46387147483775965
0,0.24621504752346765,0.03392991785388311,0.3178876807908357,0.3267359038149431,0.07188904887935049,0.08996599165334446,-0.0468382814398578,0.026079789529693143,0,1778706839.0,hltv_2394170_107998_b8_vs_vitality_m1_mirage,de_mirage,0.4709761517933459
0,0.2673196518449569,0.03363812072554262,-0.00031982047974593586,-0.009988866778742223,0.10358856115716153,0.09933755227975094,0.06199099625386656,0.05276040894117684,1,1778710518.0,hltv_2394170_107998_b8_vs_vitality_m2_dust2,de_dust2,0.4756329905914376
1,0.2673196518449569,0.03363812072554262,-0.00031982047974593586,-0.009988866778742223,0.10358856115716153,0.09933755227975094,0.06199099625386656,0.05276040894117684,0,1778710518.0,hltv_2394170_107998_b8_vs_vitality_m2_dust2,de_dust2,0.46870504039540367
0,-0.43261121982719697,-0.10098176718092566,0.25150293714496386,0.30328297379580677,-0.03802421920907556,0.04219573884866268,-0.030407158984875504,0.02676356600139762,1,1778710955.0,hltv_2394169_107999_betboom_vs_pain_m2_nuke,de_nuke,0.35307751758478323
1,-0.43261121982719697,-0.10098176718092566,0.25150293714496386,0.30328297379580677,-0.03802421920907556,0.04219573884866268,-0.030407158984875504,0.02676356600139762,1,1778710955.0,hltv_2394169_107999_betboom_vs_pain_m2_nuke,de_nuke,0.3480106684738151
0,-0.11962563030859241,-0.14150943396226418,0.08088283710649641,-0.13602206652010185,0.02947307690808354,-0.026674688917794565,0.024545624487596562,0.024195041782958726,1,1778715231.0,hltv_2394172_108000_gamerlegion_vs_astralis_m1_mirage,de_mirage,0.4779601857868459
1,-0.11962563030859241,-0.14150943396226418,0.08088283710649641,-0.13602206652010185,0.02947307690808354,-0.026674688917794565,0.024545624487596562,0.024195041782958726,1,1778715231.0,hltv_2394172_108000_gamerlegion_vs_astralis_m1_mirage,de_mirage,0.4768680503880169
1,-0.26550414095376373,-0.012141405014682638,0.09876876326643524,0.12920349035054263,0.09813388508888893,0.06123358751488317,-0.021255901627313056,0.04495462354886842,1,1778718777.0,hltv_2394171_108002_natus_vincere_vs_legacy_m1_inferno,de_inferno,0.5066840017978468
0,-0.26550414095376373,-0.012141405014682638,0.09876876326643524,0.12920349035054263,0.09813388508888893,0.06123358751488317,-0.021255901627313056,0.04495462354886842,1,1778718777.0,hltv_2394171_108002_natus_vincere_vs_legacy_m1_inferno,de_inferno,0.5062488141097036
0,-0.05178983472459733,-0.07038411174159759,0.00996789593724845,0.06290185923429159,0.06924623513387684,0.10607660327195967,0.037614489695279085,0.031340722122776554,0,1778718899.0,hltv_2394172_108000_gamerlegion_vs_astralis_m2_ancient,de_ancient,0.5359498051920735
1,-0.05178983472459733,-0.07038411174159759,0.00996789593724845,0.06290185923429159,0.06924623513387684,0.10607660327195967,0.037614489695279085,0.031340722122776554,1,1778718899.0,hltv_2394172_108000_gamerlegion_vs_astralis_m2_ancient,de_ancient,0.537082247522477
1,-0.12511744929570673,0.06302521008403361,0.0005050963971487965,-0.0192724153406591,0.025966027246342616,-0.007812832407804504,0.00778235915352693,0.012778266465451549,1,1778722331.0,hltv_2394171_108002_natus_vincere_vs_legacy_m2_ancient,de_ancient,0.5279062399831201
0,-0.12511744929570673,0.06302521008403361,0.0005050963971487965,-0.0192724153406591,0.025966027246342616,-0.007812832407804504,0.00778235915352693,0.012778266465451549,0,1778722331.0,hltv_2394171_108002_natus_vincere_vs_legacy_m2_ancient,de_ancient,0.5268007486760983
0,0.03182604264654039,0.00011835720203579037,-0.3127302396706653,-0.3373496165470241,0.0006414029241312291,0.04469410695993303,-0.004527475241232981,0.04286301804755405,1,1778826200.8691208,hltv_2394149_108024_mouz_vs_aurora_m1_dust2,de_dust2,0.4901835859772928
1,0.03182604264654039,0.00011835720203579037,-0.3127302396706653,-0.3373496165470241,0.0006414029241312291,0.04469410695993303,-0.004527475241232981,0.04286301804755405,1,1778826200.8691208,hltv_2394149_108024_mouz_vs_aurora_m1_dust2,de_dust2,0.49060628954343327
1,0.02055259831260644,0.027126900142773136,0.005426372650972788,-0.013514078063340373,0.015047357387376337,-0.003972863700390017,0.008898039821974901,0.00734135636848926,0,1778829476.3772542,hltv_2394149_108024_mouz_vs_aurora_m2_nuke,de_nuke,0.5327042726975159
0,0.02055259831260644,0.027126900142773136,0.005426372650972788,-0.013514078063340373,0.015047357387376337,-0.003972863700390017,0.008898039821974901,0.00734135636848926,0,1778829476.3772542,hltv_2394149_108024_mouz_vs_aurora_m2_nuke,de_nuke,0.5334972977173347
1,0.2072280960083103,-0.08620689655172414,0.009265992445564253,0.03843953074401596,0.0014545149738591778,0.034165471685203785,0.034142039427164705,-0.011440163948025717,1,1778855899.1071777,hltv_2394151_108031_9z_vs_magic_m2_mirage,de_mirage,0.5013108525983203
0,0.2072280960083103,-0.08620689655172414,0.009265992445564253,0.03843953074401596,0.0014545149738591778,0.034165471685203785,0.034142039427164705,-0.011440163948025717,1,1778855899.1071777,hltv_2394151_108031_9z_vs_magic_m2_mirage,de_mirage,0.5025985832265407
0,0.2072280960083103,0.018456995201181214,-0.002790478538898633,-0.018442151334341184,0.20095173969497296,0.15366109264423974,0.11916657011624365,0.09615148822725728,0,1778855917.0391116,hltv_2394151_108031_9z_vs_magic_m1_dust2,de_dust2,0.48407428055827273
1,0.2072280960083103,0.018456995201181214,-0.002790478538898633,-0.018442151334341184,0.20095173969497296,0.15366109264423974,0.11916657011624365,0.09615148822725728,0,1778855917.0391116,hltv_2394151_108031_9z_vs_magic_m1_dust2,de_dust2,0.48407428055827273
0,0.08522735949668535,-0.07588506782236726,0.20110260454272733,-0.13764020079871614,0.14439708669688206,0.07429977900997503,-0.008242647416377424,0.02234455552585074,1,1778871908.7960496,hltv_2394152_108042_furia_vs_falcons_m2_nuke,de_nuke,0.49930566619090616
1,0.08522735949668535,-0.07588506782236726,0.20110260454272733,-0.13764020079871614,0.14439708669688206,0.07429977900997503,-0.008242647416377424,0.02234455552585074,0,1778871908.7960496,hltv_2394152_108042_furia_vs_falcons_m2_nuke,de_nuke,0.49930566619090616
1,0.08776204412100169,-0.07371076233183854,-0.003010736372347389,-0.004235954583301893,0.03256067353783676,0.027448318810154082,0.01818119886559727,0.015082486971939646,1,1778875513.4945235,hltv_2394152_108042_furia_vs_falcons_m3_dust2,de_dust2,0.5125136883857643
0,0.08776204412100169,-0.07371076233183854,-0.003010736372347389,-0.004235954583301893,0.03256067353783676,0.027448318810154082,0.01818119886559727,0.015082486971939646,0,1778875513.4945235,hltv_2394152_108042_furia_vs_falcons_m3_dust2,de_dust2,0.510837131929976
0,-0.0729251251608944,-0.03444272445820429,0.2193972414112204,0.034853476838056174,0.02961811590823893,0.02350196237677543,-0.019766359907321895,-0.04733677638858075,0,1778931068.2829156,hltv_2394153_108057_mouz_vs_spirit_m2_nuke,de_nuke,0.46477953490695084
1,-0.0729251251608944,-0.03444272445820429,0.2193972414112204,0.034853476838056174,0.02961811590823893,0.02350196237677543,-0.019766359907321895,-0.04733677638858075,0,1778931068.2829156,hltv_2394153_108057_mouz_vs_spirit_m2_nuke,de_nuke,0.4663885939010201
1,0.22776003518168184,0.06069364161849711,0.11889628187997814,0.10615822502143685,-0.006544971748267736,-0.037474602610987895,-0.031176228474515177,-0.036884500197757575,0,1778941668.255329,hltv_2394154_108061_magic_vs_falcons_m1_ancient,de_ancient,0.5524216761172872
0,0.22776003518168184,0.06069364161849711,0.11889628187997814,0.10615822502143685,-0.006544971748267736,-0.037474602610987895,-0.031176228474515177,-0.036884500197757575,1,1778941668.255329,hltv_2394154_108061_magic_vs_falcons_m1_ancient,de_ancient,0.5501650408316183
1,0.18014031127736574,0.0589887640449438,0.00613698476427571,-0.009431417148241805,0.06329818628533229,0.04271606684413237,0.039264753095526184,0.03533306613527987,1,1778942670.7816467,hltv_2394154_108061_magic_vs_falcons_m2_dust2,de_dust2,0.5115019800846944
0,0.18014031127736574,0.0589887640449438,0.00613698476427571,-0.009431417148241805,0.06329818628533229,0.04271606684413237,0.039264753095526184,0.03533306613527987,0,1778942670.7816467,hltv_2394154_108061_magic_vs_falcons_m2_dust2,de_dust2,0.5090467487574462
1,-0.016766498044829242,0.240299823633157,0.024078563262240227,0.06557863998897495,0.06898912862508971,0.10191306804722572,0.015651602802799647,0.026005220017818687,1,1778971775.0,hltv_2394175_108078_betboom_vs_natus_vincere_m2_nuke,de_nuke,0.5166494083320575
0,-0.016766498044829242,0.240299823633157,0.024078563262240227,0.06557863998897495,0.06898912862508971,0.10191306804722572,0.015651602802799647,0.026005220017818687,0,1778971775.0,hltv_2394175_108078_betboom_vs_natus_vincere_m2_nuke,de_nuke,0.514188072243941
0,0.32681038036563576,-0.035031847133757954,-0.01850631986576401,-0.06378948388603323,-0.04791275927866934,-0.10069919101246028,0.03517998331439359,0.014799317295041692,1,1779010741.801478,hltv_2394155_108081_mouz_vs_magic_m2_inferno,de_inferno,0.5003984802196729
1,0.32681038036563576,-0.035031847133757954,-0.01850631986576401,-0.06378948388603323,-0.04791275927866934,-0.10069919101246028,0.03517998331439359,0.014799317295041692,1,1779010741.801478,hltv_2394155_108081_mouz_vs_magic_m2_inferno,de_inferno,0.5028907774341871
1,-0.08005641813599063,0.025462155563306554,0.02811911813879897,0.06924178174118722,0.06245155090362009,0.05384277110238428,-0.04908488875645978,-0.04057741280626992,0,1779027592.3799417,hltv_2394156_108087_spirit_vs_falcons_m3_ancient,de_ancient,0.5716593853806977
0,-0.08005641813599063,0.025462155563306554,0.02811911813879897,0.06924178174118722,0.06245155090362009,0.05384277110238428,-0.04908488875645978,-0.04057741280626992,0,1779027592.3799417,hltv_2394156_108087_spirit_vs_falcons_m3_ancient,de_ancient,0.5697568739553375
0,-0.09959279585811076,-0.1515151515151515,0.03642053841789017,0.0024009875781377255,-0.047592586141778415,-0.048385916929255174,0.002798108984950254,0.009703816003442056,1,1779035127.0,hltv_2394177_108090_legacy_vs_betboom_m2_nuke,de_nuke,0.4672106291961058
1,-0.09959279585811076,-0.1515151515151515,0.03642053841789017,0.0024009875781377255,-0.047592586141778415,-0.048385916929255174,0.002798108984950254,0.009703816003442056,1,1779035127.0,hltv_2394177_108090_legacy_vs_betboom_m2_nuke,de_nuke,0.4704801818206003
0,-0.11245768389256394,-0.13984895033282124,0.06374257556899698,0.1707298505138894,-0.017095110290659632,0.051528911871766225,-0.046489203004010105,-0.03370861498949895,1,1779048754.0,hltv_2394178_108099_gamerlegion_vs_natus_vincere_m2_anubis,de_anubis,0.5179149245838588
1,-0.11245768389256394,-0.13984895033282124,0.06374257556899698,0.1707298505138894,-0.017095110290659632,0.051528911871766225,-0.046489203004010105,-0.03370861498949895,1,1779048754.0,hltv_2394178_108099_gamerlegion_vs_natus_vincere_m2_anubis,de_anubis,0.5200930336121677
0,-0.13521141835411055,-0.0861718205068589,-0.005388741300952571,-0.026791138114794277,-0.03271146510571343,-0.051422073745014674,-0.015417132753164253,-0.019562485565102317,1,1779053733.0,hltv_2394178_108099_gamerlegion_vs_natus_vincere_m3_nuke,de_nuke,0.5135422453979909
1,-0.13521141835411055,-0.0861718205068589,-0.005388741300952571,-0.026791138114794277,-0.03271146510571343,-0.051422073745014674,-0.015417132753164253,-0.019562485565102317,0,1779053733.0,hltv_2394178_108099_gamerlegion_vs_natus_vincere_m3_nuke,de_nuke,0.5157460417734808
1,0.03215281919642673,0.0610717100078802,0.09249494005657677,0.12850440659422324,-0.10377589657678743,-0.10280326688007607,-0.02522412211604591,-0.06818634520770317,0,1779540552.0,hltv_2394225_108264_falcons_vs_mouz_m3_nuke,de_nuke,0.5140590206964998
0,0.03215281919642673,0.0610717100078802,0.09249494005657677,0.12850440659422324,-0.10377589657678743,-0.10280326688007607,-0.02522412211604591,-0.06818634520770317,0,1779540552.0,hltv_2394225_108264_falcons_vs_mouz_m3_nuke,de_nuke,0.5119561681755832
1,0.13933973422026957,-0.0625,-0.0019982283787491895,0.023670846010491298,0.05203723515683717,0.09704446913626374,0.02573152159022979,0.037256827275815474,0,1780505125.0,hltv_2394853_108687_tyloo_vs_sinners_m2_inferno,de_inferno,0.5187984799319103
0,0.13933973422026957,-0.0625,-0.0019982283787491895,0.023670846010491298,0.05203723515683717,0.09704446913626374,0.02573152159022979,0.037256827275815474,1,1780505125.0,hltv_2394853_108687_tyloo_vs_sinners_m2_inferno,de_inferno,0.5170717419084545
1,-0.029447382352427734,-0.0390625,-0.0010560173127923678,0.00036829210538774637,-0.03840547623914009,-0.008690705477723826,-0.020760392775641623,-0.022384453376004365,1,1780516133.0,hltv_2394854_108693_m80_vs_b8_m2_inferno,de_inferno,0.51124619837015
0,-0.029447382352427734,-0.0390625,-0.0010560173127923678,0.00036829210538774637,-0.03840547623914009,-0.008690705477723826,-0.020760392775641623,-0.022384453376004365,0,1780516133.0,hltv_2394854_108693_m80_vs_b8_m2_inferno,de_inferno,0.5100627575556945
1,-0.013248667616155396,-0.14604236343366778,-0.04958299119826581,-0.001596053192731095,-0.11851864001213613,-0.06828351486415762,-0.0024158895690280513,-0.049393473672470156,0,1780595174.0,hltv_2394860_108715_liquid_vs_heroic_m1_nuke,de_nuke,0.49878114439893684
0,-0.013248667616155396,-0.14604236343366778,-0.04958299119826581,-0.001596053192731095,-0.11851864001213613,-0.06828351486415762,-0.0024158895690280513,-0.049393473672470156,1,1780595174.0,hltv_2394860_108715_liquid_vs_heroic_m1_nuke,de_nuke,0.4982024086868819
0,-0.022736325752146822,0.007246376811594235,-0.12188932342961556,0.02479350632891103,-0.06655939433672486,-0.041769498085813095,0.01702486358823896,0.00784752593464394,0,1780595323.0,hltv_2394861_108714_m80_vs_nrg_m1_ancient,de_ancient,0.509426674946641
1,-0.022736325752146822,0.007246376811594235,-0.12188932342961556,0.02479350632891103,-0.06655939433672486,-0.041769498085813095,0.01702486358823896,0.00784752593464394,0,1780595323.0,hltv_2394861_108714_m80_vs_nrg_m1_ancient,de_ancient,0.5099996209564376
1,-0.022736325752146822,-0.09281650071123754,-0.005174236210472749,0.020506616236087738,-0.0932125214396356,-0.15846002915485757,-0.04593644409395142,-0.06807445991871702,1,1780599123.0,hltv_2394861_108714_m80_vs_nrg_m2_inferno,de_inferno,0.5130935743074345
0,-0.022736325752146822,-0.09281650071123754,-0.005174236210472749,0.020506616236087738,-0.0932125214396356,-0.15846002915485757,-0.04593644409395142,-0.06807445991871702,1,1780599123.0,hltv_2394861_108714_m80_vs_nrg_m2_inferno,de_inferno,0.5125749557165917
0,-0.013248667616155396,-0.13570498209052423,-0.005329982084273821,-0.012544476883955047,0.10685175079515569,0.12251960638472575,0.06856245664515576,0.07167646777999154,1,1780599572.0,hltv_2394860_108715_liquid_vs_heroic_m2_inferno,de_inferno,0.5027866070603594
1,-0.013248667616155396,-0.13570498209052423,-0.005329982084273821,-0.012544476883955047,0.10685175079515569,0.12251960638472575,0.06856245664515576,0.07167646777999154,0,1780599572.0,hltv_2394860_108715_liquid_vs_heroic_m2_inferno,de_inferno,0.5034304022353102
1,-0.040802357606784606,-0.009184894053315129,-0.12021899943892234,0.05331562202383272,-0.026653012663080566,0.0410587897420735,0.008988001913634303,-0.0013030495549553045,1,1780852777.0,hltv_2394885_108789_b8_vs_gamerlegion_m2_mirage,de_mirage,0.5246501353061258
0,-0.040802357606784606,-0.009184894053315129,-0.12021899943892234,0.05331562202383272,-0.026653012663080566,0.0410587897420735,0.008988001913634303,-0.0013030495549553045,0,1780852777.0,hltv_2394885_108789_b8_vs_gamerlegion_m2_mirage,de_mirage,0.5240849484399143
1,-0.13217423898385022,-0.12147461724415792,-0.13414463941822508,-0.09651264553004713,-0.023160474507928963,-0.04085878549783917,0.000965505288881563,0.018413821120685958,1,1780853928.0,hltv_2394888_108788_spirit_vs_9z_m1_mirage,de_mirage,0.5301619445405705
0,-0.13217423898385022,-0.12147461724415792,-0.13414463941822508,-0.09651264553004713,-0.023160474507928963,-0.04085878549783917,0.000965505288881563,0.018413821120685958,0,1780853928.0,hltv_2394888_108788_spirit_vs_9z_m1_mirage,de_mirage,0.5297039777231196
0,-0.20068578399411288,-0.11485076657897125,0.0006606629107531736,-0.04240382032829665,-0.09634664950156047,-0.12119827641833453,-0.05359382007339031,-0.055510783286100374,0,1780856706.0,hltv_2394888_108788_spirit_vs_9z_m2_nuke,de_nuke,0.525343584520183
1,-0.20068578399411288,-0.11485076657897125,0.0006606629107531736,-0.04240382032829665,-0.09634664950156047,-0.12119827641833453,-0.05359382007339031,-0.055510783286100374,0,1780856706.0,hltv_2394888_108788_spirit_vs_9z_m2_nuke,de_nuke,0.5258017494773153
0,-0.018696202870987368,-0.009350163627863561,-0.0034828567228192275,0.01778346756836352,0.06047619440377394,0.06357281551065236,0.04000334079188922,0.029874691417353272,1,1780857014.0,hltv_2394885_108789_b8_vs_gamerlegion_m3_nuke,de_nuke,0.49996942232005503
1,-0.018696202870987368,-0.009350163627863561,-0.0034828567228192275,0.01778346756836352,0.06047619440377394,0.06357281551065236,0.04000334079188922,0.029874691417353272,0,1780857014.0,hltv_2394885_108789_b8_vs_gamerlegion_m3_nuke,de_nuke,0.5003412782667206
0,0.04999651386825607,0.025482417804074453,0.30373865842782355,0.2874423467217718,0.1025929240220097,0.16552332429636835,-0.01562705125521724,0.039238885731518125,0,1780861805.0,hltv_2394887_108793_g2_vs_fut_m1_anubis,de_anubis,0.48982894990510867
1,0.04999651386825607,0.025482417804074453,0.30373865842782355,0.2874423467217718,0.1025929240220097,0.16552332429636835,-0.01562705125521724,0.039238885731518125,0,1780861805.0,hltv_2394887_108793_g2_vs_fut_m1_anubis,de_anubis,0.4901139345961183
0,0.04999651386825607,-0.015873015873015817,-0.001158734163310915,0.005944693917195931,-0.029289770984816776,-0.03449124354639094,-0.017006013722291435,-0.009504350767168879,0,1780865545.0,hltv_2394887_108793_g2_vs_fut_m2_overpass,de_overpass,0.49699025093337096
1,0.04999651386825607,-0.015873015873015817,-0.001158734163310915,0.005944693917195931,-0.029289770984816776,-0.03449124354639094,-0.017006013722291435,-0.009504350767168879,1,1780865545.0,hltv_2394887_108793_g2_vs_fut_m2_overpass,de_overpass,0.49820579826821954
0,0.04999651386825607,-0.015832042677680236,0.010046225675541254,0.014509529570425284,0.016729930940771964,0.07618703452616737,0.004846038430067756,0.033266969045465444,1,1780868520.0,hltv_2394887_108793_g2_vs_fut_m3_ancient,de_ancient,0.4928872873002972
1,0.04999651386825607,-0.015832042677680236,0.010046225675541254,0.014509529570425284,0.016729930940771964,0.07618703452616737,0.004846038430067756,0.033266969045465444,1,1780868520.0,hltv_2394887_108793_g2_vs_fut_m3_ancient,de_ancient,0.4947647390983175
0,-0.31513935426438733,-0.017271272339290433,0.022539532884918945,0.08318345543485361,0.015357750664956815,0.04817449919241057,0.04757944738247222,0.053078956187725346,1,1780923351.0,hltv_2394889_108803_astralis_vs_pain_m1_nuke,de_nuke,0.45198229382413047
1,-0.31513935426438733,-0.017271272339290433,0.022539532884918945,0.08318345543485361,0.015357750664956815,0.04817449919241057,0.04757944738247222,0.053078956187725346,1,1780923351.0,hltv_2394889_108803_astralis_vs_pain_m1_nuke,de_nuke,0.4539361159468436
1,-0.21838222449929526,0.04936974789915971,-0.0021233681444794428,-0.003864719517319204,-0.0590639677485254,-0.07936470550426139,-0.026212803503214754,-0.041344316092899513,1,1780926388.0,hltv_2394889_108803_astralis_vs_pain_m2_overpass,de_overpass,0.5080023406776744
0,-0.21838222449929526,0.04936974789915971,-0.0021233681444794428,-0.003864719517319204,-0.0590639677485254,-0.07936470550426139,-0.026212803503214754,-0.041344316092899513,0,1780926388.0,hltv_2394889_108803_astralis_vs_pain_m2_overpass,de_overpass,0.5077985932757578
0,0.10668461484948562,0.3677234927234927,-0.00220288877187802,-0.020065713815967168,0.05563945657599556,0.030850842171193216,0.03790029539114992,0.01901552138563012,0,1780926529.0,hltv_2394890_108804_mibr_vs_b8_m2_nuke,de_nuke,0.5003518349392866
1,0.10668461484948562,0.3677234927234927,-0.00220288877187802,-0.020065713815967168,0.05563945657599556,0.030850842171193216,0.03790029539114992,0.01901552138563012,1,1780926529.0,hltv_2394890_108804_mibr_vs_b8_m2_nuke,de_nuke,0.49923065305506376
1,0.0047502715043541595,0.261437908496732,-0.0033513241663427062,-0.0147183569643069,-0.012999045863137604,-0.029484814574199825,-0.01219163830090958,-0.009876888069587086,1,1780929912.0,hltv_2394890_108804_mibr_vs_b8_m3_ancient,de_ancient,0.5054110334929672
0,0.0047502715043541595,0.261437908496732,-0.0033513241663427062,-0.0147183569643069,-0.012999045863137604,-0.029484814574199825,-0.01219163830090958,-0.009876888069587086,1,1780929912.0,hltv_2394890_108804_mibr_vs_b8_m3_ancient,de_ancient,0.5060391157516237
0,0.4742807531879175,-0.09865900383141768,0.020498568729195865,0.07928824196347206,0.07721113358992532,0.13449428973601402,0.05931735367861263,0.06441814890867537,1,1780931748.0,hltv_2394891_108807_monte_vs_betboom_m1_nuke,de_nuke,0.5079941057358344
1,0.4742807531879175,-0.09865900383141768,0.020498568729195865,0.07928824196347206,0.07721113358992532,0.13449428973601402,0.05931735367861263,0.06441814890867537,1,1780931748.0,hltv_2394891_108807_monte_vs_betboom_m1_nuke,de_nuke,0.5071690637265377
0,0.08039719858681957,-0.047766749379652584,-0.16655074460765285,-0.1973045170661311,-0.17425466768954923,-0.17698661930915416,0.001887693156204795,-0.07108924127672622,1,1780934369.0,hltv_2394892_108806_tyloo_vs_9z_m1_overpass,de_overpass,0.5144829090059706
1,0.08039719858681957,-0.047766749379652584,-0.16655074460765285,-0.1973045170661311,-0.17425466768954923,-0.17698661930915416,0.001887693156204795,-0.07108924127672622,1,1780934369.0,hltv_2394892_108806_tyloo_vs_9z_m1_overpass,de_overpass,0.5137653147709275
1,0.4742807531879175,0.012195121951219523,0.008285803005026848,0.03740193692399463,0.022686391396391503,0.06804485702822483,0.01641640353289564,0.020533645609761897,0,1780934957.0,hltv_2394891_108807_monte_vs_betboom_m2_mirage,de_mirage,0.521692341002868
0,0.4742807531879175,0.012195121951219523,0.008285803005026848,0.03740193692399463,0.022686391396391503,0.06804485702822483,0.01641640353289564,0.020533645609761897,1,1780934957.0,hltv_2394891_108807_monte_vs_betboom_m2_mirage,de_mirage,0.522067522989569
1,0.08039719858681957,0.02184858838338427,0.009510315611329867,0.01034926401823491,0.03614067165288454,0.049860769757818946,0.02710594006710315,-0.018395088771794854,0,1780938041.0,hltv_2394892_108806_tyloo_vs_9z_m2_inferno,de_inferno,0.5248854460707588
0,0.08039719858681957,0.02184858838338427,0.009510315611329867,0.01034926401823491,0.03614067165288454,0.049860769757818946,0.02710594006710315,-0.018395088771794854,1,1780938041.0,hltv_2394892_108806_tyloo_vs_9z_m2_inferno,de_inferno,0.5252711349335475
0,0.4742807531879175,0.010869565217391353,-0.00469195152824442,-0.002503789445488347,-0.005711377463421319,-0.04746849397013675,-0.004655823009460935,-0.025358820174913144,1,1780938646.0,hltv_2394891_108807_monte_vs_betboom_m3_dust2,de_dust2,0.5198534975480027
1,0.4742807531879175,0.010869565217391353,-0.00469195152824442,-0.002503789445488347,-0.005711377463421319,-0.04746849397013675,-0.004655823009460935,-0.025358820174913144,0,1780938646.0,hltv_2394891_108807_monte_vs_betboom_m3_dust2,de_dust2,0.519284700678797
0,0.07500747748647199,-0.047169811320754707,-0.03565998118919411,0.027702958128027033,0.004369195311221263,0.061094836307585665,0.06297036602962125,0.00430426780311971,1,1780942484.0,hltv_2394894_108812_m80_vs_legacy_m1_dust2,de_dust2,0.5305170105709652
1,0.07500747748647199,-0.047169811320754707,-0.03565998118919411,0.027702958128027033,0.004369195311221263,0.061094836307585665,0.06297036602962125,0.00430426780311971,0,1780942484.0,hltv_2394894_108812_m80_vs_legacy_m1_dust2,de_dust2,0.5286125829430961
0,0.31434734397665764,0.017857142857142905,-0.4491135952616449,-0.3587825534366702,0.0375501463520565,0.07826010464983302,0.0888920615169429,0.13451966190701253,1,1781009060.0,hltv_2394895_108825_monte_vs_pain_m1_nuke,de_nuke,0.4861733024990207
1,0.31434734397665764,0.017857142857142905,-0.4491135952616449,-0.3587825534366702,0.0375501463520565,0.07826010464983302,0.0888920615169429,0.13451966190701253,0,1781009060.0,hltv_2394895_108825_monte_vs_pain_m1_nuke,de_nuke,0.4842476893196213
1,0.31434734397665764,0.016393442622950838,0.003906300546800079,-0.025255531346410343,-0.0979871345740656,-0.16578504886714499,-0.05540579496686843,-0.06681637279709596,1,1781013382.0,hltv_2394895_108825_monte_vs_pain_m2_dust2,de_dust2,0.5226600481704965
0,0.31434734397665764,0.016393442622950838,0.003906300546800079,-0.025255531346410343,-0.0979871345740656,-0.16578504886714499,-0.05540579496686843,-0.06681637279709596,1,1781013382.0,hltv_2394895_108825_monte_vs_pain_m2_dust2,de_dust2,0.5228137580707234
0,0.2877529366405927,0.03328544061302685,0.11952854680343628,0.10364935839689421,-0.03903037573854401,0.012504603912995405,0.02484679088802655,-0.01524809140960709,0,1781018469.0,hltv_2394896_108829_legacy_vs_tyloo_m1_mirage,de_mirage,0.5229595348592126
1,0.2877529366405927,0.03328544061302685,0.11952854680343628,0.10364935839689421,-0.03903037573854401,0.012504603912995405,0.02484679088802655,-0.01524809140960709,0,1781018469.0,hltv_2394896_108829_legacy_vs_tyloo_m1_mirage,de_mirage,0.5240816856999867
1,0.2877529366405927,-0.04040404040404039,-0.005897646773126652,0.02395934045225373,0.0005109652056957126,0.03982242509561407,0.005946640155806315,0.008615769253620897,1,1781021694.0,hltv_2394896_108829_legacy_vs_tyloo_m2_inferno,de_inferno,0.5375841378181441
0,0.2877529366405927,-0.04040404040404039,-0.005897646773126652,0.02395934045225373,0.0005109652056957126,0.03982242509561407,0.005946640155806315,0.008615769253620897,0,1781021694.0,hltv_2394896_108829_legacy_vs_tyloo_m2_inferno,de_inferno,0.5351401665531875
1,0.2961829283317777,-0.2272727272727273,0.003278981166614736,0.029861736737917255,0.025667398174811007,0.12391689959799296,0.02233792829248854,0.054620992974113824,1,1781033897.0,hltv_2394897_108830_big_vs_b8_m3_dust2,de_dust2,0.5334603576550742
0,0.2961829283317777,-0.2272727272727273,0.003278981166614736,0.029861736737917255,0.025667398174811007,0.12391689959799296,0.02233792829248854,0.054620992974113824,0,1781033897.0,hltv_2394897_108830_big_vs_b8_m3_dust2,de_dust2,0.5310215462219512
1,0.08311579030501795,-0.03881023348236462,-0.19020597948823403,-0.0839772462801785,-0.16476283901438143,-0.16117637322585388,0.022946845569270735,-0.07104218686260666,0,1781170709.0,hltv_2394903_108851_parivision_vs_9z_m1_overpass,de_overpass,0.5226853670669505
0,0.08311579030501795,-0.03881023348236462,-0.19020597948823403,-0.0839772462801785,-0.16476283901438143,-0.16117637322585388,0.022946845569270735,-0.07104218686260666,0,1781170709.0,hltv_2394903_108851_parivision_vs_9z_m1_overpass,de_overpass,0.520206957080001
0,0.00831433041013023,-0.07950125829329674,-0.06715049040209814,-0.04412105280422057,-0.10929531797860936,-0.12050906356426694,-0.09304050755576265,-0.08833420981959605,0,1781174454.0,hltv_2394903_108851_parivision_vs_9z_m2_dust2,de_dust2,0.5617068778631826
1,0.00831433041013023,-0.07950125829329674,-0.06715049040209814,-0.04412105280422057,-0.10929531797860936,-0.12050906356426694,-0.09304050755576265,-0.08833420981959605,0,1781174454.0,hltv_2394903_108851_parivision_vs_9z_m2_dust2,de_dust2,0.5636994704553397
1,0.04397545811420272,-0.08179913186648713,0.2933214539504033,0.3481987878348307,0.02697426626413013,0.06128405430560524,-0.03234712998250533,-0.0005261954557614357,0,1781175061.0,hltv_2394904_108852_the_mongolz_vs_betboom_m2_mirage,de_mirage,0.5227163088021994
0,0.04397545811420272,-0.08179913186648713,0.2933214539504033,0.3481987878348307,0.02697426626413013,0.06128405430560524,-0.03234712998250533,-0.0005261954557614357,0,1781175061.0,hltv_2394904_108852_the_mongolz_vs_betboom_m2_mirage,de_mirage,0.5232719254896462
0,0.10002512635439634,-0.14233193277310918,0.00011156925511784932,0.003624952027408035,0.0701458838543838,0.10630743321147385,0.04279088066318637,0.034973883167415454,0,1781178876.0,hltv_2394904_108852_the_mongolz_vs_betboom_m3_ancient,de_ancient,0.515676606424989
1,0.10002512635439634,-0.14233193277310918,0.00011156925511784932,0.003624952027408035,0.0701458838543838,0.10630743321147385,0.04279088066318637,0.034973883167415454,1,1781178876.0,hltv_2394904_108852_the_mongolz_vs_betboom_m3_ancient,de_ancient,0.5157331349267059
0,0.11995230472364199,-0.06235622740716401,0.08839784550120222,-0.023205949000104198,0.10037767413243404,0.11734550289903345,-0.0039413892042565735,0.032775471316151494,0,1781182457.0,hltv_2394905_108855_mouz_vs_legacy_m1_dust2,de_dust2,0.5163552568105095
1,0.11995230472364199,-0.06235622740716401,0.08839784550120222,-0.023205949000104198,0.10037767413243404,0.11734550289903345,-0.0039413892042565735,0.032775471316151494,1,1781182457.0,hltv_2394905_108855_mouz_vs_legacy_m1_dust2,de_dust2,0.5164976337299488
0,0.2520327897345193,0.004946769968229181,0.09417141231604764,0.021489603412673475,0.01689161516317722,-0.04567877176576224,-0.02834725324088333,-0.02695312471153616,1,1781182721.0,hltv_2394898_108857_vitality_vs_fut_m1_anubis,de_anubis,0.5165394163291489
1,0.2520327897345193,0.004946769968229181,0.09417141231604764,0.021489603412673475,0.01689161516317722,-0.04567877176576224,-0.02834725324088333,-0.02695312471153616,0,1781182721.0,hltv_2394898_108857_vitality_vs_fut_m1_anubis,de_anubis,0.5167209950872209
0,0.22362474989539752,0.0053511970826066735,-0.007979199816789073,-0.016437501045610703,-0.1218823440894592,-0.18651206241114646,-0.05993694906271463,-0.07901291871577837,1,1781185750.0,hltv_2394898_108857_vitality_vs_fut_m2_overpass,de_overpass,0.5009424153918395
1,0.22362474989539752,0.0053511970826066735,-0.007979199816789073,-0.016437501045610703,-0.1218823440894592,-0.18651206241114646,-0.05993694906271463,-0.07901291871577837,1,1781185750.0,hltv_2394898_108857_vitality_vs_fut_m2_overpass,de_overpass,0.5002198058033136
1,0.24540457571417815,0.03124059018367964,0.06829358969277122,0.024450586516116618,0.09979837175450246,0.07700404125478033,0.06861683788128808,0.0544998732991811,1,1781189235.0,hltv_2394898_108857_vitality_vs_fut_m3_nuke,de_nuke,0.5129346118109304
0,0.24540457571417815,0.03124059018367964,0.06829358969277122,0.024450586516116618,0.09979837175450246,0.07700404125478033,0.06861683788128808,0.0544998732991811,1,1781189235.0,hltv_2394898_108857_vitality_vs_fut_m3_nuke,de_nuke,0.512661553420571
1,0.1068503936077285,-0.010964912280701733,0.10836958249664541,0.12710214462751573,0.013693530315908031,0.007616117983478499,-0.016925353441888835,-0.011167494433131975,0,1781190573.0,hltv_2394901_108860_furia_vs_b8_m1_mirage,de_mirage,0.5313067938348506
0,0.1068503936077285,-0.010964912280701733,0.10836958249664541,0.12710214462751573,0.013693530315908031,0.007616117983478499,-0.016925353441888835,-0.011167494433131975,0,1781190573.0,hltv_2394901_108860_furia_vs_b8_m1_mirage,de_mirage,0.5326089329208376
1,-0.02187792174800718,-0.05811676390192155,-0.07170124668897371,-0.03048457333347604,-0.11404085474627107,-0.11255405636385224,0.0010898589315767038,-0.030471457012507752,1,1781193716.0,hltv_2394899_108862_falcons_vs_g2_m1_inferno,de_inferno,0.528792256160103
0,-0.02187792174800718,-0.05811676390192155,-0.07170124668897371,-0.03048457333347604,-0.11404085474627107,-0.11255405636385224,0.0010898589315767038,-0.030471457012507752,1,1781193716.0,hltv_2394899_108862_falcons_vs_g2_m1_inferno,de_inferno,0.5304894643828925
1,0.11338817072534454,-0.03591009451983429,0.0010866431650943809,0.008066458487277162,-0.001702712549100427,0.06147518433712351,0.004434660103693033,0.024746668838429298,1,1781194037.0,hltv_2394901_108860_furia_vs_b8_m2_inferno,de_inferno,0.524667865293131
0,0.11338817072534454,-0.03591009451983429,0.0010866431650943809,0.008066458487277162,-0.001702712549100427,0.06147518433712351,0.004434660103693033,0.024746668838429298,1,1781194037.0,hltv_2394901_108860_furia_vs_b8_m2_inferno,de_inferno,0.5267039070421959
0,-0.030901168419145447,-0.023989898989899006,-0.0007655581847396675,0.00491817998063232,-0.0938287961590516,-0.10426724994789688,-0.04548223239213356,-0.06128700527242137,1,1781197632.0,hltv_2394899_108862_falcons_vs_g2_m2_dust2,de_dust2,0.5236000866610284
1,-0.030901168419145447,-0.023989898989899006,-0.0007655581847396675,0.00491817998063232,-0.0938287961590516,-0.10426724994789688,-0.04548223239213356,-0.06128700527242137,0,1781197632.0,hltv_2394899_108862_falcons_vs_g2_m2_dust2,de_dust2,0.5213343966274872
1,0.46466670369896257,0.009959191605130202,-0.00901331121051241,-0.045436259876190876,-0.06172172200982923,-0.07667877447311056,0.018341128022799857,0.007179234840162474,1,1781198541.0,hltv_2394902_108861_aurora_vs_monte_m1_nuke,de_nuke,0.5312780031868585
0,0.46466670369896257,0.009959191605130202,-0.00901331121051241,-0.045436259876190876,-0.06172172200982923,-0.07667877447311056,0.018341128022799857,0.007179234840162474,0,1781198541.0,hltv_2394902_108861_aurora_vs_monte_m1_nuke,de_nuke,0.5337985693017738
1,0.40079652073527433,0.008646245059288515,0.0008008418094063718,-0.013554455448822278,0.04231351066329331,-0.0073638709434576954,0.02890959655711678,0.021018070306723202,1,1781202396.0,hltv_2394902_108861_aurora_vs_monte_m2_anubis,de_anubis,0.5411405738214491
0,0.40079652073527433,0.008646245059288515,0.0008008418094063718,-0.013554455448822278,0.04231351066329331,-0.0073638709434576954,0.02890959655711678,0.021018070306723202,1,1781202396.0,hltv_2394902_108861_aurora_vs_monte_m2_anubis,de_anubis,0.5421917373155704
1,-0.0033960191442554757,-0.022634928625364092,-0.004704929176238881,0.05381797619949191,0.06097245761394787,0.03206478073705665,0.03395988673823225,0.024289445980897106,0,1781202452.0,hltv_2394899_108862_falcons_vs_g2_m3_ancient,de_ancient,0.5556637036762649
0,-0.0033960191442554757,-0.022634928625364092,-0.004704929176238881,0.05381797619949191,0.06097245761394787,0.03206478073705665,0.03395988673823225,0.024289445980897106,0,1781202452.0,hltv_2394899_108862_falcons_vs_g2_m3_ancient,de_ancient,0.5563633004903564
1,-0.06344389830764664,-0.012447823494335153,0.067434885007842,0.13426245860620756,-0.05556685799467875,-0.12503034267991076,-0.04848008819267946,-0.05934081364491722,0,1781205746.0,hltv_2394900_108864_natus_vincere_vs_spirit_m1_dust2,de_dust2,0.5453339096698073
0,-0.06344389830764664,-0.012447823494335153,0.067434885007842,0.13426245860620756,-0.05556685799467875,-0.12503034267991076,-0.04848008819267946,-0.05934081364491722,0,1781205746.0,hltv_2394900_108864_natus_vincere_vs_spirit_m1_dust2,de_dust2,0.5454422199779853
1,-0.08550642963436636,-0.03651134780247034,-0.009190235047877193,-0.042660708502809785,-0.161412217916294,-0.15551184804926854,-0.09128362189530154,-0.062040337768881015,1,1781209761.0,hltv_2394900_108864_natus_vincere_vs_spirit_m2_anubis,de_anubis,0.5359880349878408
0,-0.08550642963436636,-0.03651134780247034,-0.009190235047877193,-0.042660708502809785,-0.161412217916294,-0.15551184804926854,-0.09128362189530154,-0.062040337768881015,1,1781209761.0,hltv_2394900_108864_natus_vincere_vs_spirit_m2_anubis,de_anubis,0.5363303839816299
0,-0.0083226333242667,-0.1028368794326241,0.03334716102187152,-0.14535529231392724,0.0028492274654370875,-0.09296407914340316,-0.016632578057987235,-0.0037083260306073895,0,1781258589.0,hltv_2394972_108871_the_mongolz_vs_b8_m1_mirage,de_mirage,0.5428601586806082
1,-0.0083226333242667,-0.1028368794326241,0.03334716102187152,-0.14535529231392724,0.0028492274654370875,-0.09296407914340316,-0.016632578057987235,-0.0037083260306073895,1,1781258589.0,hltv_2394972_108871_the_mongolz_vs_b8_m1_mirage,de_mirage,0.543571032111338
0,0.13927834446066498,0.00036536353671901,0.039155604767202146,-0.006828555883215237,-0.008579402040348239,0.01764907696181517,-0.0029775557538345154,0.0350402474975936,1,1781261316.0,hltv_2394971_108874_furia_vs_mouz_m2_inferno,de_inferno,0.5378295776931427
1,0.13927834446066498,0.00036536353671901,0.039155604767202146,-0.006828555883215237,-0.008579402040348239,0.01764907696181517,-0.0029775557538345154,0.0350402474975936,0,1781261316.0,hltv_2394971_108874_furia_vs_mouz_m2_inferno,de_inferno,0.542377274084714
1,-0.009167644277822063,-0.09931506849315064,-0.0010303971042206483,0.004252779667332285,0.016595410918704978,0.046242327991224186,0.007739031968077181,0.016009416621458605,0,1781261599.0,hltv_2394972_108871_the_mongolz_vs_b8_m2_overpass,de_overpass,0.5232624779502955
0,-0.009167644277822063,-0.09931506849315064,-0.0010303971042206483,0.004252779667332285,0.016595410918704978,0.046242327991224186,0.007739031968077181,0.016009416621458605,0,1781261599.0,hltv_2394972_108871_the_mongolz_vs_b8_m2_overpass,de_overpass,0.5135232191928285
1,0.11688633564261583,0.00029394473838917357,0.004646558199227879,-0.018825680858962635,-0.0655984071561172,-0.16606296033022405,-0.04156093417749457,-0.0668844467208396,1,1781265094.0,hltv_2394971_108874_furia_vs_mouz_m3_overpass,de_overpass,0.5590023054759283
0,0.11688633564261583,0.00029394473838917357,0.004646558199227879,-0.018825680858962635,-0.0655984071561172,-0.16606296033022405,-0.04156093417749457,-0.0668844467208396,0,1781265094.0,hltv_2394971_108874_furia_vs_mouz_m3_overpass,de_overpass,0.5490503192665891
0,-0.31841541253785005,0.06281687002061398,-0.10203738066196999,0.049380694712255646,-0.13136680174613952,-0.07584804671970047,0.008472692049731834,-0.009812307200767312,1,1781266680.0,hltv_2394974_108877_parivision_vs_monte_m1_mirage,de_mirage,0.45328260026431233
1,-0.31841541253785005,0.06281687002061398,-0.10203738066196999,0.049380694712255646,-0.13136680174613952,-0.07584804671970047,0.008472692049731834,-0.009812307200767312,1,1781266680.0,hltv_2394974_108877_parivision_vs_monte_m1_mirage,de_mirage,0.4628724400567771
0,-0.31211942975615825,0.10075242218099362,-0.002779644906309997,-0.001299980837001835,-0.07426095335129512,-0.07337464919787656,-0.042173426534386216,-0.029675321308705982,1,1781274113.0,hltv_2394974_108877_parivision_vs_monte_m3_inferno,de_inferno,0.5072407248118599
1,-0.31211942975615825,0.10075242218099362,-0.002779644906309997,-0.001299980837001835,-0.07426095335129512,-0.07337464919787656,-0.042173426534386216,-0.029675321308705982,1,1781274113.0,hltv_2394974_108877_parivision_vs_monte_m3_inferno,de_inferno,0.5167697289939229
0,0.037991853794479113,0.06267188932411039,0.10414391334208795,0.20049365133671315,0.060881104588167256,0.14575906776468311,-0.0072644789833214984,0.04505627433041681,1,1781275880.0,hltv_2394973_108878_fut_vs_g2_m3_mirage,de_mirage,0.54066620787661
1,0.037991853794479113,0.06267188932411039,0.10414391334208795,0.20049365133671315,0.060881104588167256,0.14575906776468311,-0.0072644789833214984,0.04505627433041681,1,1781275880.0,hltv_2394973_108878_fut_vs_g2_m3_mirage,de_mirage,0.5510052219489416
1,-0.01768925837381092,0.11513494172970767,0.0860945039642218,0.1549399994292595,0.057376787990356004,0.06602199922869495,0.0403828839622829,0.05155339498354061,1,1781277823.0,hltv_2394976_108879_natus_vincere_vs_legacy_m1_inferno,de_inferno,0.4994887195007118
0,-0.01768925837381092,0.11513494172970767,0.0860945039642218,0.1549399994292595,0.057376787990356004,0.06602199922869495,0.0403828839622829,0.05155339498354061,1,1781277823.0,hltv_2394976_108879_natus_vincere_vs_legacy_m1_inferno,de_inferno,0.49276039441439495
1,-0.06488028421137901,0.05922919293820933,-0.01668706758410976,-0.03554030122414925,-0.038465498792924824,-0.02408040456709809,-0.0077324185406653645,-0.0018069895640031586,0,1781280214.0,hltv_2394975_108882_falcons_vs_betboom_m1_nuke,de_nuke,0.5382163577975837
0,-0.06488028421137901,0.05922919293820933,-0.01668706758410976,-0.03554030122414925,-0.038465498792924824,-0.02408040456709809,-0.0077324185406653645,-0.0018069895640031586,1,1781280214.0,hltv_2394975_108882_falcons_vs_betboom_m1_nuke,de_nuke,0.5339701520796266
0,0.10591239980871593,0.15109890109890112,-0.000951464756655529,0.0030386587640428564,0.14998844634143715,0.19814699925717916,0.08966446486904661,0.10065999329200376,1,1781281787.0,hltv_2394976_108879_natus_vincere_vs_legacy_m2_ancient,de_ancient,0.5322754409846938
1,0.10591239980871593,0.15109890109890112,-0.000951464756655529,0.0030386587640428564,0.14998844634143715,0.19814699925717916,0.08966446486904661,0.10065999329200376,1,1781281787.0,hltv_2394976_108879_natus_vincere_vs_legacy_m2_ancient,de_ancient,0.5357321263316185
0,-0.06227148954892593,0.05612462654716177,-0.004220269946826338,0.03149181561847625,0.05364581524971962,0.09987868214514894,0.023695669041672307,0.029193826605490136,0,1781284061.0,hltv_2394975_108882_falcons_vs_betboom_m2_ancient,de_ancient,0.5407872737263235
1,-0.06227148954892593,0.05612462654716177,-0.004220269946826338,0.03149181561847625,0.05364581524971962,0.09987868214514894,0.023695669041672307,0.029193826605490136,1,1781284061.0,hltv_2394975_108882_falcons_vs_betboom_m2_ancient,de_ancient,0.5436479913582085
1,0.30985239498305994,0.07056451612903225,-0.19019345016141453,-0.14037160336410343,-0.01100122578018653,0.05781064674512926,0.0707645113730726,0.04604723064032651,1,1781285355.0,hltv_2394978_108889_vitality_vs_9z_m1_inferno,de_inferno,0.5509646754812425
0,0.30985239498305994,0.07056451612903225,-0.19019345016141453,-0.14037160336410343,-0.01100122578018653,0.05781064674512926,0.0707645113730726,0.04604723064032651,0,1781285355.0,hltv_2394978_108889_vitality_vs_9z_m1_inferno,de_inferno,0.5511181202090581
1,-0.10843438503515458,-0.06691883814327082,-0.09463301820791292,-0.0604002945140496,0.02780971261473797,0.04965372675997909,0.04368979849273319,0.026314552115722034,1,1781288436.0,hltv_2394977_108891_aurora_vs_spirit_m1_dust2,de_dust2,0.5516147398249148
0,-0.10843438503515458,-0.06691883814327082,-0.09463301820791292,-0.0604002945140496,0.02780971261473797,0.04965372675997909,0.04368979849273319,0.026314552115722034,0,1781288436.0,hltv_2394977_108891_aurora_vs_spirit_m1_dust2,de_dust2,0.5516681050111781
0,0.34764074710410237,0.06916996047430835,-0.010217507201117804,0.02131812167488678,0.12115823858027036,0.2280756958812707,0.07911026673201305,0.1006316176324123,0,1781289084.0,hltv_2394978_108889_vitality_vs_9z_m2_mirage,de_mirage,0.5509167417355143
1,0.34764074710410237,0.06916996047430835,-0.010217507201117804,0.02131812167488678,0.12115823858027036,0.2280756958812707,0.07911026673201305,0.1006316176324123,0,1781289084.0,hltv_2394978_108889_vitality_vs_9z_m2_mirage,de_mirage,0.5511931601107056
1,-0.09601679544828923,-0.06506125897760884,-0.0009370972791798993,-0.005243770295814132,0.016240563260630614,-0.01259811656447396,0.013984945936927229,-0.002427865399500906,0,1781291889.0,hltv_2394977_108891_aurora_vs_spirit_m2_anubis,de_anubis,0.544698376985871
0,-0.09601679544828923,-0.06506125897760884,-0.0009370972791798993,-0.005243770295814132,0.016240563260630614,-0.01259811656447396,0.013984945936927229,-0.002427865399500906,0,1781291889.0,hltv_2394977_108891_aurora_vs_spirit_m2_anubis,de_anubis,0.54510770955304
1,0.3197056656363517,0.03499138673557278,0.0007040615215763713,0.012004121733095563,0.01019373047110872,0.08196016113938354,0.004219526514306349,0.02138641525824242,1,1781293198.0,hltv_2394978_108889_vitality_vs_9z_m3_dust2,de_dust2,0.5349834519710714
0,0.3197056656363517,0.03499138673557278,0.0007040615215763713,0.012004121733095563,0.01019373047110872,0.08196016113938354,0.004219526514306349,0.02138641525824242,1,1781293198.0,hltv_2394978_108889_vitality_vs_9z_m3_dust2,de_dust2,0.5365199102063363
1,-0.10408729011202977,-0.08683853459972868,-0.0036086649006925597,-0.09023106027004457,-0.060559802538266316,-0.08756324764519074,-0.025971742817202825,-0.010652800410794527,1,1781295276.0,hltv_2394977_108891_aurora_vs_spirit_m3_nuke,de_nuke,0.5498704604500083
0,-0.10408729011202977,-0.08683853459972868,-0.0036086649006925597,-0.09023106027004457,-0.060559802538266316,-0.08756324764519074,-0.025971742817202825,-0.010652800410794527,0,1781295276.0,hltv_2394977_108891_aurora_vs_spirit_m3_nuke,de_nuke,0.5491823267891655
1,0.08063625185510835,-0.049633141169183825,0.16268222809226773,0.1687776616139416,-0.08392560251964831,-0.11129542683512583,-0.08331649980672051,-0.04016725841154006,0,1781344144.0,hltv_2394979_108913_natus_vincere_vs_the_mongolz_m1_nuke,de_nuke,0.5531822354845821
0,0.08063625185510835,-0.049633141169183825,0.16268222809226773,0.1687776616139416,-0.08392560251964831,-0.11129542683512583,-0.08331649980672051,-0.04016725841154006,0,1781344144.0,hltv_2394979_108913_natus_vincere_vs_the_mongolz_m1_nuke,de_nuke,0.5522456546382685
1,-0.025221915938424714,-0.01329787234042551,-0.09728848290566194,-0.324239237758874,0.0155720844351806,-0.039848846274691374,-0.012302091887689992,-0.030743755094123415,0,1781344209.0,hltv_2394980_108910_b8_vs_fut_m1_dust2,de_dust2,0.5425341009820838
0,-0.025221915938424714,-0.01329787234042551,-0.09728848290566194,-0.324239237758874,0.0155720844351806,-0.039848846274691374,-0.012302091887689992,-0.030743755094123415,0,1781344209.0,hltv_2394980_108910_b8_vs_fut_m1_dust2,de_dust2,0.5426380940364768
0,-0.01418680527936721,-0.039873216198222705,0.007261964132102117,0.05563824849107302,0.049178079352587556,0.12465534512096238,0.03273822874145077,0.04308218037046829,1,1781347848.0,hltv_2394980_108910_b8_vs_fut_m2_mirage,de_mirage,0.5393771867310548
1,-0.01418680527936721,-0.039873216198222705,0.007261964132102117,0.05563824849107302,0.049178079352587556,0.12465534512096238,0.03273822874145077,0.04308218037046829,0,1781347848.0,hltv_2394980_108910_b8_vs_fut_m2_mirage,de_mirage,0.5377389985205123
0,0.07827886481636169,-0.07199646643109536,-0.006787433961696454,-0.006019735768889589,0.02525991227735669,0.04991075129893524,0.01623132466730065,0.021752204085337623,0,1781348777.0,hltv_2394979_108913_natus_vincere_vs_the_mongolz_m2_ancient,de_ancient,0.5276722988443086
1,0.07827886481636169,-0.07199646643109536,-0.006787433961696454,-0.006019735768889589,0.02525991227735669,0.04991075129893524,0.01623132466730065,0.021752204085337623,1,1781348777.0,hltv_2394979_108913_natus_vincere_vs_the_mongolz_m2_ancient,de_ancient,0.5288017355125236
1,-0.015919770010169202,-0.038839481774264384,-0.0034811431457223985,-0.0049801359014308155,-0.004338363728872752,-0.05727981702506202,-0.007660294422145275,-0.021989639049001586,0,1781351736.0,hltv_2394980_108910_b8_vs_fut_m3_ancient,de_ancient,0.5333943921449534
0,-0.015919770010169202,-0.038839481774264384,-0.0034811431457223985,-0.0049801359014308155,-0.004338363728872752,-0.05727981702506202,-0.007660294422145275,-0.021989639049001586,0,1781351736.0,hltv_2394980_108910_b8_vs_fut_m3_ancient,de_ancient,0.527417115613137
1,0.08596548945919075,-0.06903467908902683,0.0014224763952679353,-0.018792388468657217,0.016549623732353025,-0.03829385171560451,0.007518592993073003,0.0011568865599759781,0,1781352156.0,hltv_2394979_108913_natus_vincere_vs_the_mongolz_m3_mirage,de_mirage,0.5182950799068408
0,0.08596548945919075,-0.06903467908902683,0.0014224763952679353,-0.018792388468657217,0.016549623732353025,-0.03829385171560451,0.007518592993073003,0.0011568865599759781,0,1781352156.0,hltv_2394979_108913_natus_vincere_vs_the_mongolz_m3_mirage,de_mirage,0.5084001808558088
1,0.30492917061754116,0.025229357798165153,-0.21583928004991293,-0.1426043246572174,-0.1094836553080405,-0.11150205824736326,0.023387493872526255,-0.037002459395058585,0,1781356164.0,hltv_2394982_108924_falcons_vs_monte_m1_inferno,de_inferno,0.5706245540055388
0,0.30492917061754116,0.025229357798165153,-0.21583928004991293,-0.1426043246572174,-0.1094836553080405,-0.11150205824736326,0.023387493872526255,-0.037002459395058585,0,1781356164.0,hltv_2394982_108924_falcons_vs_monte_m1_inferno,de_inferno,0.5603554627609728
1,-0.0014428694500733495,-0.11015175300889585,0.17961201850605757,-0.06273763068179683,-0.06378752364500906,-0.15715246788372222,-0.06087494213401512,-0.09482143308746344,0,1781356366.0,hltv_2394981_108922_aurora_vs_g2_m1_overpass,de_overpass,0.4831334517581335
0,-0.0014428694500733495,-0.11015175300889585,0.17961201850605757,-0.06273763068179683,-0.06378752364500906,-0.15715246788372222,-0.06087494213401512,-0.09482143308746344,1,1781356366.0,hltv_2394981_108922_aurora_vs_g2_m1_overpass,de_overpass,0.4769844699226874
1,0.01639241725653402,-0.10680140098447555,-0.006942255163328581,-0.003434158955626626,0.03395844402345344,0.010954353581966836,0.028657367904123154,0.017339976316518457,1,1781360175.0,hltv_2394981_108922_aurora_vs_g2_m2_anubis,de_anubis,0.48547704133329583
0,0.01639241725653402,-0.10680140098447555,-0.006942255163328581,-0.003434158955626626,0.03395844402345344,0.010954353581966836,0.028657367904123154,0.017339976316518457,1,1781360175.0,hltv_2394981_108922_aurora_vs_g2_m2_anubis,de_anubis,0.4802568143920778
0,0.31377412820688233,-0.009695233349941823,-0.0011184633816064826,0.0007377404460460202,0.061784989678261015,0.06987871478413327,0.03932121634453467,0.048179132041193784,1,1781360418.0,hltv_2394982_108924_falcons_vs_monte_m2_dust2,de_dust2,0.5158295952875338
1,0.31377412820688233,-0.009695233349941823,-0.0011184633816064826,0.0007377404460460202,0.061784989678261015,0.06987871478413327,0.03932121634453467,0.048179132041193784,0,1781360418.0,hltv_2394982_108924_falcons_vs_monte_m2_dust2,de_dust2,0.5182040259290327
1,0.2807876546693435,0.07684920230488806,0.3283746659126209,0.3111786515209647,0.015533036927784571,0.08486193662129654,-0.06939608985970491,0.007878056854512205,1,1781364387.0,hltv_2394983_108931_vitality_vs_mouz_m1_mirage,de_mirage,0.5206674519112775
0,0.2807876546693435,0.07684920230488806,0.3283746659126209,0.3111786515209647,0.015533036927784571,0.08486193662129654,-0.06939608985970491,0.007878056854512205,1,1781364387.0,hltv_2394983_108931_vitality_vs_mouz_m1_mirage,de_mirage,0.5187236432823313
1,0.24088275660656036,-0.008965999068467623,0.005491837642258135,-0.011475756454988773,-0.08019581225846656,-0.10825680106057067,-0.0436621786570513,-0.04454001102296279,0,1781364463.0,hltv_2394982_108924_falcons_vs_monte_m3_mirage,de_mirage,0.5385186611989071
0,0.24088275660656036,-0.008965999068467623,0.005491837642258135,-0.011475756454988773,-0.08019581225846656,-0.10825680106057067,-0.0436621786570513,-0.04454001102296279,1,1781364463.0,hltv_2394982_108924_falcons_vs_monte_m3_mirage,de_mirage,0.5356456641200985
1,0.29021196341659566,0.09723993099827494,-0.00401513967409195,-0.002044203862912597,0.0830336211907386,0.09644697258201995,0.045314183901704275,0.050173473940309965,1,1781371462.0,hltv_2394983_108931_vitality_vs_mouz_m3_inferno,de_inferno,0.5250491674135204
0,0.29021196341659566,0.09723993099827494,-0.00401513967409195,-0.002044203862912597,0.0830336211907386,0.09644697258201995,0.045314183901704275,0.050173473940309965,1,1781371462.0,hltv_2394983_108931_vitality_vs_mouz_m3_inferno,de_inferno,0.5222290784029467
0,-0.006293961185741631,0.018088368923216747,-0.26381748284678685,-0.24041155569551903,-0.003330441303617815,0.016707308867612125,0.045661762067677136,0.027317222221992288,1,1781375360.0,hltv_2394985_108937_betboom_vs_furia_m1_overpass,de_overpass,0.5360341571428936
1,-0.006293961185741631,0.018088368923216747,-0.26381748284678685,-0.24041155569551903,-0.003330441303617815,0.016707308867612125,0.045661762067677136,0.027317222221992288,1,1781375360.0,hltv_2394985_108937_betboom_vs_furia_m1_overpass,de_overpass,0.5389307848724816
1,0.03631378295986342,0.05921052631578949,0.02022110240485331,0.03433910812372312,0.058597989613767054,0.056037944511421356,0.04392482740246495,0.016016643598840086,1,1781378741.0,hltv_2394985_108937_betboom_vs_furia_m2_dust2,de_dust2,0.524154304797517
0,0.03631378295986342,0.05921052631578949,0.02022110240485331,0.03433910812372312,0.058597989613767054,0.056037944511421356,0.04392482740246495,0.016016643598840086,1,1781378741.0,hltv_2394985_108937_betboom_vs_furia_m2_dust2,de_dust2,0.5204392146005218
0,-0.2138564361782935,-0.06629834254143652,-0.033558151548759185,-0.04809304250081292,-0.02882681895361322,0.008251896413919213,-0.071949693340638,-0.012197533645282255,1,1781380847.0,hltv_2394986_108946_spirit_vs_9z_m1_overpass,de_overpass,0.5497265410050542
1,-0.2138564361782935,-0.06629834254143652,-0.033558151548759185,-0.04809304250081292,-0.02882681895361322,0.008251896413919213,-0.071949693340638,-0.012197533645282255,1,1781380847.0,hltv_2394986_108946_spirit_vs_9z_m1_overpass,de_overpass,0.5512128400792018
1,-0.18217998129045782,-0.0298888281392381,-0.009197957654544009,-0.01833583761390467,0.02008408569709752,0.007016940848171671,0.02170946096796006,0.014671536512086636,0,1781385460.0,hltv_2394986_108946_spirit_vs_9z_m2_mirage,de_mirage,0.5306519308192768
0,-0.18217998129045782,-0.0298888281392381,-0.009197957654544009,-0.01833583761390467,0.02008408569709752,0.007016940848171671,0.02170946096796006,0.014671536512086636,1,1781385460.0,hltv_2394986_108946_spirit_vs_9z_m2_mirage,de_mirage,0.5275482188159093
0,-0.18800613262082938,-0.029413016643255352,0.0032745640156785494,0.004738534460219823,-0.016767390212384714,-0.021559789556770292,-0.011956184161102446,-0.017378337085991402,1,1781390380.0,hltv_2394986_108946_spirit_vs_9z_m3_dust2,de_dust2,0.5360671040943282
1,-0.18800613262082938,-0.029413016643255352,0.0032745640156785494,0.004738534460219823,-0.016767390212384714,-0.021559789556770292,-0.011956184161102446,-0.017378337085991402,1,1781390380.0,hltv_2394986_108946_spirit_vs_9z_m3_dust2,de_dust2,0.5386725495002437
0,-0.1751624122697917,-0.11134367980396154,0.05911257231533795,0.14565578414752062,0.04444867039605249,0.08822362798672989,0.0359032072391296,0.061794132242888766,1,1781441737.0,hltv_2394988_108960_the_mongolz_vs_monte_m1_nuke,de_nuke,0.5360816861744003
1,-0.1751624122697917,-0.11134367980396154,0.05911257231533795,0.14565578414752062,0.04444867039605249,0.08822362798672989,0.0359032072391296,0.061794132242888766,0,1781441737.0,hltv_2394988_108960_the_mongolz_vs_monte_m1_nuke,de_nuke,0.5382053037229212
1,-0.05800353681796851,-0.06076875194522258,-0.006816449650544842,-0.07552707081782511,-0.014977509677125633,-0.10223194557849508,-0.03420399603788027,-0.007977067308140184,0,1781442013.0,hltv_2394987_108961_mouz_vs_fut_m1_ancient,de_ancient,0.5583253615618856
0,-0.05800353681796851,-0.06076875194522258,-0.006816449650544842,-0.07552707081782511,-0.014977509677125633,-0.10223194557849508,-0.03420399603788027,-0.007977067308140184,1,1781442013.0,hltv_2394987_108961_mouz_vs_fut_m1_ancient,de_ancient,0.5560071416407637
1,-0.13604014991874233,-0.10832976750820134,0.007073665335348589,0.01162116332299823,0.025022749078245643,0.03907214080897359,0.013405535921280465,0.009563872232446924,1,1781445153.0,hltv_2394988_108960_the_mongolz_vs_monte_m2_inferno,de_inferno,0.5551310591025015
0,-0.13604014991874233,-0.10832976750820134,0.007073665335348589,0.01162116332299823,0.025022749078245643,0.03907214080897359,0.013405535921280465,0.009563872232446924,0,1781445153.0,hltv_2394988_108960_the_mongolz_vs_monte_m2_inferno,de_inferno,0.5532478384951297
0,-0.05800353681796851,-0.059266018842795865,0.0034457509519961738,0.017344467238167516,0.033542333585645345,0.01831965647449213,0.014712971784175743,0.017499955320260774,1,1781445947.0,hltv_2394987_108961_mouz_vs_fut_m2_nuke,de_nuke,0.5535398846826382
1,-0.05800353681796851,-0.059266018842795865,0.0034457509519961738,0.017344467238167516,0.033542333585645345,0.01831965647449213,0.014712971784175743,0.017499955320260774,1,1781445947.0,hltv_2394987_108961_mouz_vs_fut_m2_nuke,de_nuke,0.5557906642689534
0,-0.14683822299141971,-0.10546875,0.0010958517709646065,-0.003878831306512842,-0.03183615468395501,0.017908529034193654,-0.022377675648073914,-0.0004469147672014895,0,1781449308.0,hltv_2394988_108960_the_mongolz_vs_monte_m3_dust2,de_dust2,0.5662374775732101
1,-0.14683822299141971,-0.10546875,0.0010958517709646065,-0.003878831306512842,-0.03183615468395501,0.017908529034193654,-0.022377675648073914,-0.0004469147672014895,0,1781449308.0,hltv_2394988_108960_the_mongolz_vs_monte_m3_dust2,de_dust2,0.5673796466898972
1,-0.05800353681796851,-0.0335908514535293,-0.00279259983453517,-0.021170050206879343,-0.04937493920705316,-0.045857804821342885,-0.024056374220281174,-0.020636700779756878,0,1781449439.0,hltv_2394987_108961_mouz_vs_fut_m3_mirage,de_mirage,0.5672211430216118
0,-0.05800353681796851,-0.0335908514535293,-0.00279259983453517,-0.021170050206879343,-0.04937493920705316,-0.045857804821342885,-0.024056374220281174,-0.020636700779756878,1,1781449439.0,hltv_2394987_108961_mouz_vs_fut_m3_mirage,de_mirage,0.5679333525952494
1,0.08883284813713127,-0.047896422261484106,-0.014972743083523588,0.07690571850212657,-0.009161797573071284,-0.008855505256437635,0.0443515132990413,0.024743434373203588,1,1781452240.0,hltv_2394990_108964_aurora_vs_9z_m1_nuke,de_nuke,0.5712674234397495
0,0.08883284813713127,-0.047896422261484106,-0.014972743083523588,0.07690571850212657,-0.009161797573071284,-0.008855505256437635,0.0443515132990413,0.024743434373203588,1,1781452240.0,hltv_2394990_108964_aurora_vs_9z_m1_nuke,de_nuke,0.5724029952488724
0,0.21407335197210417,0.1688373355040022,-0.07931174917590322,-0.07241574958764779,0.12232825794352659,0.1767674512584198,0.055203864933600466,0.0953368282363698,1,1781453541.0,hltv_2394989_108968_betboom_vs_vitality_m1_overpass,de_overpass,0.5606567763021635
1,0.21407335197210417,0.1688373355040022,-0.07931174917590322,-0.07241574958764779,0.12232825794352659,0.1767674512584198,0.055203864933600466,0.0953368282363698,0,1781453541.0,hltv_2394989_108968_betboom_vs_vitality_m1_overpass,de_overpass,0.558424427365492
0,0.12248936719704172,-0.018796992481203034,-0.006030997694740581,-0.0007151580158512583,0.10771105635902678,0.19400946971300317,0.07704642223544023,0.08449064536098039,0,1781455323.0,hltv_2394990_108964_aurora_vs_9z_m2_dust2,de_dust2,0.576362824621641
1,0.12248936719704172,-0.018796992481203034,-0.006030997694740581,-0.0007151580158512583,0.10771105635902678,0.19400946971300317,0.07704642223544023,0.08449064536098039,0,1781455323.0,hltv_2394990_108964_aurora_vs_9z_m2_dust2,de_dust2,0.5738080814859559
1,0.24781833234784573,0.16233060063577048,0.009506224802911745,-0.002388414747575618,0.05535715582796341,0.015396587635722714,0.027157279572459114,0.016236945292927407,0,1781457696.0,hltv_2394989_108968_betboom_vs_vitality_m2_nuke,de_nuke,0.5567788946387331
0,0.24781833234784573,0.16233060063577048,0.009506224802911745,-0.002388414747575618,0.05535715582796341,0.015396587635722714,0.027157279572459114,0.016236945292927407,1,1781457696.0,hltv_2394989_108968_betboom_vs_vitality_m2_nuke,de_nuke,0.5534923473173183
1,0.0354722593817402,0.19054562197835928,0.0594884384254063,0.16291846716520464,-0.04173491349313807,-0.009229769753982042,0.0087993006621227,0.010198728605447516,1,1781459243.0,hltv_2394992_108969_g2_vs_legacy_m1_dust2,de_dust2,0.5493172927923454
0,0.0354722593817402,0.19054562197835928,0.0594884384254063,0.16291846716520464,-0.04173491349313807,-0.009229769753982042,0.0087993006621227,0.010198728605447516,0,1781459243.0,hltv_2394992_108969_g2_vs_legacy_m1_dust2,de_dust2,0.546409066192238
0,-0.05242913435495362,-0.029786579560268867,0.061367839669029256,0.11020984780267368,-0.05861768731799144,-0.07207414385479793,-0.02248458170364287,-0.011154260795603554,1,1781461279.0,hltv_2394991_108975_natus_vincere_vs_falcons_m1_dust2,de_dust2,0.5467539992928232
1,-0.05242913435495362,-0.029786579560268867,0.061367839669029256,0.11020984780267368,-0.05861768731799144,-0.07207414385479793,-0.02248458170364287,-0.011154260795603554,1,1781461279.0,hltv_2394991_108975_natus_vincere_vs_falcons_m1_dust2,de_dust2,0.5498570205089134
0,0.0354722593817402,0.18153759820426485,-0.0074295449650402245,-0.028297835966682006,0.05230824739752249,0.023356211294676466,0.03298823614355478,0.03435282538276291,1,1781462403.0,hltv_2394992_108969_g2_vs_legacy_m2_overpass,de_overpass,0.5499693440468784
1,0.0354722593817402,0.18153759820426485,-0.0074295449650402245,-0.028297835966682006,0.05230824739752249,0.023356211294676466,0.03298823614355478,0.03435282538276291,1,1781462403.0,hltv_2394992_108969_g2_vs_legacy_m2_overpass,de_overpass,0.5518111503050799
1,-0.04078396441077585,-0.010447803282386703,0.006115032433280265,0.028188038859794706,0.12366817792217794,0.10948153440410247,0.06275692501098418,0.04997525640261269,1,1781464875.0,hltv_2394991_108975_natus_vincere_vs_falcons_m2_mirage,de_mirage,0.5554881018665141
0,-0.04078396441077585,-0.010447803282386703,0.006115032433280265,0.028188038859794706,0.12366817792217794,0.10948153440410247,0.06275692501098418,0.04997525640261269,0,1781464875.0,hltv_2394991_108975_natus_vincere_vs_falcons_m2_mirage,de_mirage,0.5545642303652619
1,-0.0767487648746789,-0.09912723196412843,-0.017961460540975915,0.05957328172068893,-0.0963212911946113,-0.08731265927474824,-0.04961398217722318,-0.036744292739448126,0,1781528204.0,hltv_2394993_108984_9z_vs_the_mongolz_m1_inferno,de_inferno,0.5545032886784307
0,-0.0767487648746789,-0.09912723196412843,-0.017961460540975915,0.05957328172068893,-0.0963212911946113,-0.08731265927474824,-0.04961398217722318,-0.036744292739448126,1,1781528204.0,hltv_2394993_108984_9z_vs_the_mongolz_m1_inferno,de_inferno,0.5535801323683185
0,-0.05105881504523365,-0.09675539514249187,-0.001076165415220931,0.017524481000111003,0.07226086727400222,0.1414975270701717,0.04497159658932959,0.0646821074924861,1,1781532019.0,hltv_2394993_108984_9z_vs_the_mongolz_m2_overpass,de_overpass,0.5488152325821942
1,-0.05105881504523365,-0.09675539514249187,-0.001076165415220931,0.017524481000111003,0.07226086727400222,0.1414975270701717,0.04497159658932959,0.0646821074924861,1,1781532019.0,hltv_2394993_108984_9z_vs_the_mongolz_m2_overpass,de_overpass,0.5479766378108348
1,-0.00860739614435876,-0.0891779788838612,0.07759254999596132,-0.17419605433179824,-0.009253535591328632,-0.0995735200491864,-0.024643970514845515,-0.03303153166826167,1,1781536373.0,hltv_2394994_108988_betboom_vs_fut_m1_mirage,de_mirage,0.5551280602624213
0,-0.00860739614435876,-0.0891779788838612,0.07759254999596132,-0.17419605433179824,-0.009253535591328632,-0.0995735200491864,-0.024643970514845515,-0.03303153166826167,0,1781536373.0,hltv_2394994_108988_betboom_vs_fut_m1_mirage,de_mirage,0.5566296317979752
0,-0.00860739614435876,-0.08487838915470497,0.00031116355267052365,-0.013823688881410001,0.02592945146441117,-0.018739402710583386,0.023273829489374176,0.008087412590594423,0,1781540160.0,hltv_2394994_108988_betboom_vs_fut_m2_dust2,de_dust2,0.5559751969694685
1,-0.00860739614435876,-0.08487838915470497,0.00031116355267052365,-0.013823688881410001,0.02592945146441117,-0.018739402710583386,0.023273829489374176,0.008087412590594423,0,1781540160.0,hltv_2394994_108988_betboom_vs_fut_m2_dust2,de_dust2,0.5551545572126186
0,-0.07760009708951054,0.04783502302326048,0.049681733805567396,-0.16710910681788244,0.11657584771986829,-0.012853015463343609,0.04140858299587835,0.052158729845021845,0,1781546478.0,hltv_2394995_108991_natus_vincere_vs_g2_m1_dust2,de_dust2,0.5402885434085598
1,-0.07760009708951054,0.04783502302326048,0.049681733805567396,-0.16710910681788244,0.11657584771986829,-0.012853015463343609,0.04140858299587835,0.052158729845021845,1,1781546478.0,hltv_2394995_108991_natus_vincere_vs_g2_m1_dust2,de_dust2,0.5410346934729929
1,-0.07547066930181516,0.04602083962549086,-0.00582279172539113,0.010714122820478178,-0.018073463952356372,-0.033788702257460446,-0.007281810362787355,-0.01191541702688248,0,1781551751.0,hltv_2394995_108991_natus_vincere_vs_g2_m2_inferno,de_inferno,0.5445215127485136
0,-0.07547066930181516,0.04602083962549086,-0.00582279172539113,0.010714122820478178,-0.018073463952356372,-0.033788702257460446,-0.007281810362787355,-0.01191541702688248,0,1781551751.0,hltv_2394995_108991_natus_vincere_vs_g2_m2_inferno,de_inferno,0.5430306146530965
1,0.06721353349760414,0.08552698273240289,0.02281832223635616,0.09427202682663949,0.029893021850091295,0.09405940154343456,0.004200232858328767,0.0033118228295188623,1,1781797082.0,hltv_2394996_109018_aurora_vs_betboom_m2_anubis,de_anubis,0.5412286497917197
0,0.06721353349760414,0.08552698273240289,0.02281832223635616,0.09427202682663949,0.029893021850091295,0.09405940154343456,0.004200232858328767,0.0033118228295188623,1,1781797082.0,hltv_2394996_109018_aurora_vs_betboom_m2_anubis,de_anubis,0.5396795323747947
1,0.16785239361690585,-0.040985753195055485,0.3713141595235749,0.3019362717451233,0.04302215970227291,0.03678229198706018,-0.04581898525001604,0.008063718693410604,0,1781813675.0,hltv_2394997_109024_9z_vs_furia_m3_overpass,de_overpass,0.53423710206794
0,0.16785239361690585,-0.040985753195055485,0.3713141595235749,0.3019362717451233,0.04302215970227291,0.03678229198706018,-0.04581898525001604,0.008063718693410604,0,1781813675.0,hltv_2394997_109024_9z_vs_furia_m3_overpass,de_overpass,0.5324739893265802
0,-0.13037959791174566,0.026432606941081516,-0.0880441482326838,-0.11447043592534412,0.023414593333568656,-0.013225610364679508,0.01804099582732599,0.022586019416148573,0,1781894848.1963546,hltv_2394998_109032_g2_vs_spirit_m1_overpass,de_overpass,0.5305092599848208
1,-0.13037959791174566,0.026432606941081516,-0.0880441482326838,-0.11447043592534412,0.023414593333568656,-0.013225610364679508,0.01804099582732599,0.022586019416148573,1,1781894848.1963546,hltv_2394998_109032_g2_vs_spirit_m1_overpass,de_overpass,0.5313923752410024
1,-0.118000450593646,0.025613689792794325,-0.005915020846493313,0.02513664273765731,0.028781220236929306,0.0771798401253001,0.026529450666200993,0.03522603646263833,1,1781894860.304443,hltv_2394998_109032_g2_vs_spirit_m2_dust2,de_dust2,0.5277106154071776
0,-0.118000450593646,0.025613689792794325,-0.005915020846493313,0.02513664273765731,0.028781220236929306,0.0771798401253001,0.026529450666200993,0.03522603646263833,1,1781894860.304443,hltv_2394998_109032_g2_vs_spirit_m2_dust2,de_dust2,0.5267345750773917
0,0.21773415444706656,0.05687155549738987,0.17044490235853715,-0.06330175946273414,0.03031378718554839,0.0423683667481658,0.012138268744853187,0.020243546363636178,0,1781910799.8054693,hltv_2394999_109038_falcons_vs_vitality_m2_inferno,de_inferno,0.5460823341214538
1,0.21773415444706656,0.05687155549738987,0.17044490235853715,-0.06330175946273414,0.03031378718554839,0.0423683667481658,0.012138268744853187,0.020243546363636178,0,1781910799.8054693,hltv_2394999_109038_falcons_vs_vitality_m2_inferno,de_inferno,0.5458283705258923
1,0.21738075977476284,0.037186379928315416,0.0022088247201681455,0.007892888113942786,0.06623982828970115,0.017080809803216412,0.03406472306667124,0.004977055505696493,0,1781910804.2193758,hltv_2394999_109038_falcons_vs_vitality_m3_dust2,de_dust2,0.538554615834836
0,0.21738075977476284,0.037186379928315416,0.0022088247201681455,0.007892888113942786,0.06623982828970115,0.017080809803216412,0.03406472306667124,0.004977055505696493,1,1781910804.2193758,hltv_2394999_109038_falcons_vs_vitality_m3_dust2,de_dust2,0.5379454301109747
0,0.06082304467108008,0.0,-0.27741346976863535,-0.2927287939850618,0.010255438569122866,-0.022523647676343683,0.022308209927717093,0.02204489349663208,0,1781970037.0,hltv_2395000_109049_aurora_vs_furia_m2_nuke,de_nuke,0.5426558080038536
1,0.06082304467108008,0.0,-0.27741346976863535,-0.2927287939850618,0.010255438569122866,-0.022523647676343683,0.022308209927717093,0.02204489349663208,1,1781970037.0,hltv_2395000_109049_aurora_vs_furia_m2_nuke,de_nuke,0.5431710912572167
1,-0.09519676871757485,0.009775893165509086,0.07715130734299791,0.12446128915756255,0.03298383157593865,0.035195573001802316,-0.023417772481370613,-0.019833759260955264,1,1781983253.0,hltv_2395001_109056_spirit_vs_falcons_m2_mirage,de_mirage,0.5441099827086121
0,-0.09519676871757485,0.009775893165509086,0.07715130734299791,0.12446128915756255,0.03298383157593865,0.035195573001802316,-0.023417772481370613,-0.019833759260955264,1,1781983253.0,hltv_2395001_109056_spirit_vs_falcons_m2_mirage,de_mirage,0.5430304519134216
0,-0.100328619417165,0.031219001432822635,0.0015687272871334201,0.009814214761429796,-0.009569338471467903,-0.024303166064430393,-0.0034258450338232604,-0.0169047402632983,0,1781988035.0,hltv_2395001_109056_spirit_vs_falcons_m3_dust2,de_dust2,0.5489180070378522
1,-0.100328619417165,0.031219001432822635,0.0015687272871334201,0.009814214761429796,-0.009569338471467903,-0.024303166064430393,-0.0034258450338232604,-0.0169047402632983,1,1781988035.0,hltv_2395001_109056_spirit_vs_falcons_m3_dust2,de_dust2,0.5496299746861313
0,0.09172235807381045,-0.03992395437262353,-0.04804587254312853,-0.12367758182493538,0.02112687799432189,0.0052107528433123496,0.06681036583689925,0.017296980439654774,1,1782065350.0,hltv_2395002_109068_furia_vs_falcons_m3_inferno,de_inferno,0.5282560006422793
1,0.09172235807381045,-0.03992395437262353,-0.04804587254312853,-0.12367758182493538,0.02112687799432189,0.0052107528433123496,0.06681036583689925,0.017296980439654774,0,1782065350.0,hltv_2395002_109068_furia_vs_falcons_m3_inferno,de_inferno,0.5339889404335358
1,-0.2997933084011319,-0.27433024491848024,0.0010700310021349857,-0.06895410872836044,-0.14339961803253537,-0.1748188901298387,-0.08288435096495972,-0.06157092305001033,1,1785422634.9006433,hltv_2396018_109851_liquid_vs_spirit_m1_dust2,de_dust2,0.5652341358401297
0,-0.2997933084011319,-0.27433024491848024,0.0010700310021349857,-0.06895410872836044,-0.14339961803253537,-0.1748188901298387,-0.08288435096495972,-0.06157092305001033,0,1785422634.9006433,hltv_2396018_109851_liquid_vs_spirit_m1_dust2,de_dust2,0.5622811119261867
1,-0.31155190550506334,0.0175756420035596,0.0050851580689603715,0.00026902625243785394,-0.029357228462164875,-0.011526659631898806,-0.016443675148091474,-0.010977925829379787,1,1785435280.2599058,hltv_2396017_109861_3dmax_vs_mouz_m2_nuke,de_nuke,0.5548330544305781
0,-0.31155190550506334,0.0175756420035596,0.0050851580689603715,0.00026902625243785394,-0.029357228462164875,-0.011526659631898806,-0.016443675148091474,-0.010977925829379787,0,1785435280.2599058,hltv_2396017_109861_3dmax_vs_mouz_m2_nuke,de_nuke,0.5514748574538493
1,-0.15315589813350797,0.06064776585007797,0.31618625259810246,0.25172423549079903,0.017738772626226307,0.05338471519900345,-0.058401598426182255,-0.03770874309781913,0,1785525506.8214593,hltv_2396015_109896_pain_vs_astralis_m2_inferno,de_inferno,0.5441661659078132
0,-0.15315589813350797,0.06064776585007797,0.31618625259810246,0.25172423549079903,0.017738772626226307,0.05338471519900345,-0.058401598426182255,-0.03770874309781913,0,1785525506.8214593,hltv_2396015_109896_pain_vs_astralis_m2_inferno,de_inferno,0.5400068440288055
1,-0.24028260431188134,0.06424691141680539,-0.2006126491833115,-0.203412826951285,-0.11430499028392443,-0.11856249236089206,0.011574000179899901,0.00156903757961796,1,1785590698.034012,hltv_2396020_109915_faze_vs_spirit_m1_dust2,de_dust2,0.5672773045511519
0,-0.24028260431188134,0.06424691141680539,-0.2006126491833115,-0.203412826951285,-0.11430499028392443,-0.11856249236089206,0.011574000179899901,0.00156903757961796,0,1785590698.034012,hltv_2396020_109915_faze_vs_spirit_m1_dust2,de_dust2,0.5596923670457622
0,-0.26940436587285094,0.060708159764763625,-0.006594978277894681,-0.016429674032056474,-0.1450663043902769,-0.14012913805539357,-0.0743565027575035,-0.06100087284551531,0,1785590701.477583,hltv_2396020_109915_faze_vs_spirit_m2_cache,de_cache,0.5654652114253582
1,-0.26940436587285094,0.060708159764763625,-0.006594978277894681,-0.016429674032056474,-0.1450663043902769,-0.14012913805539357,-0.0743565027575035,-0.06100087284551531,1,1785590701.477583,hltv_2396020_109915_faze_vs_spirit_m2_cache,de_cache,0.5727776070707945
1,-0.025642417321040528,0.009539961840152655,0.1495333628765103,0.08867163115026139,0.08298270028034488,0.0702994127576903,-0.04316178080154759,0.003725324392843621,0,1785601012.0294986,hltv_2396019_109924_astralis_vs_mouz_m2_mirage,de_mirage,0.5546591604744038
0,-0.025642417321040528,0.009539961840152655,0.1495333628765103,0.08867163115026139,0.08298270028034488,0.0702994127576903,-0.04316178080154759,0.003725324392843621,1,1785601012.0294986,hltv_2396019_109924_astralis_vs_mouz_m2_mirage,de_mirage,0.550344024662957
0,-0.04150648626018455,0.009380272468585527,0.003746804346803856,0.011648805163440024,-0.05757132916309987,-0.03531441011851649,-0.036841767400063286,-0.03687963578849068,1,1785601013.8698611,hltv_2396019_109924_astralis_vs_mouz_m1_ancient,de_ancient,0.5508185496578831
1,-0.04150648626018455,0.009380272468585527,0.003746804346803856,0.011648805163440024,-0.05757132916309987,-0.03531441011851649,-0.036841767400063286,-0.03687963578849068,1,1785601013.8698611,hltv_2396019_109924_astralis_vs_mouz_m1_ancient,de_ancient,0.5561499183186429
1,-0.14168541838245005,-0.05285158039395321,0.23520611162963806,0.08559468655482588,0.03178009227977496,0.047189180479358106,-0.0350413048698609,-0.07124530372923005,1,1785681878.0166228,hltv_2396021_109950_spirit_vs_mouz_m1_dust2,de_dust2,0.5167533432761665
0,-0.14168541838245005,-0.05285158039395321,0.23520611162963806,0.08559468655482588,0.03178009227977496,0.047189180479358106,-0.0350413048698609,-0.07124530372923005,1,1785681878.0166228,hltv_2396021_109950_spirit_vs_mouz_m1_dust2,de_dust2,0.5108371663536729
0,-0.11206791132700215,-0.03032518690478364,0.0017501951024481155,-0.0005953990990407165,0.11852993457341088,0.12750564298463762,0.06255455149263128,0.061209966405582905,0,1785681880.9464283,hltv_2396021_109950_spirit_vs_mouz_m2_mirage,de_mirage,0.5469554186132475
1,-0.11206791132700215,-0.03032518690478364,0.0017501951024481155,-0.0005953990990407165,0.11852993457341088,0.12750564298463762,0.06255455149263128,0.061209966405582905,1,1785681880.9464283,hltv_2396021_109950_spirit_vs_mouz_m2_mirage,de_mirage,0.5495158526808726
1,-0.07956817144885564,-0.029681805438744102,0.00433289678647697,0.037224669529728416,0.14167430923860655,0.10783252311280267,0.08143189011933288,0.05790095984479393,0,1785681888.0112762,hltv_2396021_109950_spirit_vs_mouz_m3_ancient,de_ancient,0.5385284801846002
0,-0.07956817144885564,-0.029681805438744102,0.00433289678647697,0.037224669529728416,0.14167430923860655,0.10783252311280267,0.08143189011933288,0.05790095984479393,1,1785681888.0112762,hltv_2396021_109950_spirit_vs_mouz_m3_ancient,de_ancient,0.5359407624202281
0,-0.0831271853000406,-0.029065173903541963,-0.003973687878336407,-0.02500418227451845,-0.007093984317982083,-0.043140864605197615,-0.0012611728884507345,-0.01164756287317159,1,1785681890.46879,hltv_2396021_109950_spirit_vs_mouz_m4_nuke,de_nuke,0.546091593452372
1,-0.0831271853000406,-0.029065173903541963,-0.003973687878336407,-0.02500418227451845,-0.007093984317982083,-0.043140864605197615,-0.0012611728884507345,-0.01164756287317159,0,1785681890.46879,hltv_2396021_109950_spirit_vs_mouz_m4_nuke,de_nuke,0.5479515982670208
0,0.026199421789303214,-0.27722953216374274,-0.03288497281363911,-0.059537020488013126,-0.0006056581258712113,-0.016096039059727507,-0.01954055570656532,-0.007137451132339934,1,1786629524.0,hltv_2396576_110245_big_vs_g2_m1_cache,de_cache,0.5526120073164309
1,0.026199421789303214,-0.27722953216374274,-0.03288497281363911,-0.059537020488013126,-0.0006056581258712113,-0.016096039059727507,-0.01954055570656532,-0.007137451132339934,0,1786629524.0,hltv_2396576_110245_big_vs_g2_m1_cache,de_cache,0.5542612681699681
0,0.07213796171999677,0.012552301255230103,-0.21505722143668893,-0.19177287798405324,-0.11895250273198288,-0.1352703600884972,-0.0051241809990394405,-0.019332617279338826,0,1786632471.0,hltv_2396578_110242_aurora_vs_m80_m1_dust2,de_dust2,0.5633514281841061
1,0.07213796171999677,0.012552301255230103,-0.21505722143668893,-0.19177287798405324,-0.11895250273198288,-0.1352703600884972,-0.0051241809990394405,-0.019332617279338826,1,1786632471.0,hltv_2396578_110242_aurora_vs_m80_m1_dust2,de_dust2,0.5653480355289318
1,0.026199421789303214,-0.2515998127048541,-0.0023637046177896748,-0.01519256993371254,-0.16038147821933124,-0.15907110428597945,-0.0961816841102408,-0.0808863116885799,1,1786633932.0,hltv_2396576_110245_big_vs_g2_m2_ancient,de_ancient,0.5609232806204535
0,0.026199421789303214,-0.2515998127048541,-0.0023637046177896748,-0.01519256993371254,-0.16038147821933124,-0.15907110428597945,-0.0961816841102408,-0.0808863116885799,1,1786633932.0,hltv_2396576_110245_big_vs_g2_m2_ancient,de_ancient,0.5591106471579315
1,-0.05653062007275868,0.2290156009668205,0.0018806755689317889,0.0808640533914835,-0.026811037147329853,0.05540513579167905,0.014373608597238463,0.022599164160936658,0,1786646049.0,hltv_2396580_110247_legacy_vs_faze_m2_mirage,de_mirage,0.5499118187140383
0,-0.05653062007275868,0.2290156009668205,0.0018806755689317889,0.0808640533914835,-0.026811037147329853,0.05540513579167905,0.014373608597238463,0.022599164160936658,0,1786646049.0,hltv_2396580_110247_legacy_vs_faze_m2_mirage,de_mirage,0.5477620744152871
0,0.14989995473598272,0.28063725490196084,0.010035092487130415,0.044205063968039415,0.17176684377717705,0.17480925234360617,0.10046045377608703,0.07722090078904348,0,1786711329.0,hltv_2396582_110259_ninjas_in_pyjamas_m2_anubis,de_anubis,0.5448005475492496
1,0.14989995473598272,0.28063725490196084,0.010035092487130415,0.044205063968039415,0.17176684377717705,0.17480925234360617,0.10046045377608703,0.07722090078904348,0,1786711329.0,hltv_2396582_110259_ninjas_in_pyjamas_m2_anubis,de_anubis,0.5457253267574661
1,0.04953675393518175,-0.036286157024793375,-0.027625923108578476,0.053836979599211854,0.04805780539431265,0.0738397492842019,0.0753392210547143,0.055896892563909006,0,1786716582.0,hltv_2396584_110273_fut_vs_mouz_m1_ancient,de_ancient,0.5422861268852137
0,0.04953675393518175,-0.036286157024793375,-0.027625923108578476,0.053836979599211854,0.04805780539431265,0.0738397492842019,0.0753392210547143,0.055896892563909006,0,1786716582.0,hltv_2396584_110273_fut_vs_mouz_m1_ancient,de_ancient,0.5403985935527589
1,0.2697538990787476,0.10520519847341081,0.0965703884491631,0.02934031241806323,0.007658107056076613,-0.008541154731073475,-0.026342301573667515,0.029386687168611203,1,1786717640.0,hltv_2396583_110274_b8_vs_vitality_m1_mirage,de_mirage,0.5459057386720391
0,0.2697538990787476,0.10520519847341081,0.0965703884491631,0.02934031241806323,0.007658107056076613,-0.008541154731073475,-0.026342301573667515,0.029386687168611203,0,1786717640.0,hltv_2396583_110274_b8_vs_vitality_m1_mirage,de_mirage,0.5444590347990445
0,0.04953675393518175,-0.05828315419552399,-0.0019043218532728279,-0.03236283358271452,-0.03613507321053644,-0.08800717939366914,-0.01313102762556112,-0.027114316208493305,0,1786721176.0,hltv_2396584_110273_fut_vs_mouz_m2_nuke,de_nuke,0.5368518931203569
1,0.04953675393518175,-0.05828315419552399,-0.0019043218532728279,-0.03236283358271452,-0.03613507321053644,-0.08800717939366914,-0.01313102762556112,-0.027114316208493305,1,1786721176.0,hltv_2396584_110273_fut_vs_mouz_m2_nuke,de_nuke,0.5382911079604003
1,0.09580522520551055,-0.07030011823601923,0.14814628563192594,0.07649438412932935,0.06044092970706211,0.044442684954944134,-0.048307276645516095,-0.01581574389008239,0,1786794244.0,hltv_2396587_110300_the_mongolz_vs_natus_vincere_m1_inferno,de_inferno,0.5390679612415512
0,0.09580522520551055,-0.07030011823601923,0.14814628563192594,0.07649438412932935,0.06044092970706211,0.044442684954944134,-0.048307276645516095,-0.01581574389008239,1,1786794244.0,hltv_2396587_110300_the_mongolz_vs_natus_vincere_m1_inferno,de_inferno,0.5373378601564227
0,0.11518562804290702,-0.0667524299599771,-0.005342848217798513,0.015423251745832534,0.10339858087014359,0.15835527375280334,0.05466231533956295,0.06352118225997899,0,1786797733.0,hltv_2396587_110300_the_mongolz_vs_natus_vincere_m2_ancient,de_ancient,0.5339046989496867
1,0.11518562804290702,-0.0667524299599771,-0.005342848217798513,0.015423251745832534,0.10339858087014359,0.15835527375280334,0.05466231533956295,0.06352118225997899,1,1786797733.0,hltv_2396587_110300_the_mongolz_vs_natus_vincere_m2_ancient,de_ancient,0.5354290240973376
0,0.18387448109232452,-0.065359477124183,0.2118470727921533,0.22910616974532286,0.010926861660522758,-0.03260406144609601,-0.07475773459096019,-0.05508628029361179,1,1786811369.0,hltv_2396588_110311_furia_vs_9z_m2_mirage,de_mirage,0.5432501978083727
1,0.18387448109232452,-0.065359477124183,0.2118470727921533,0.22910616974532286,0.010926861660522758,-0.03260406144609601,-0.07475773459096019,-0.05508628029361179,0,1786811369.0,hltv_2396588_110311_furia_vs_9z_m2_mirage,de_mirage,0.5447389993428974
0,-0.089565253163331,-0.11182950191570878,-0.09174282886604279,-0.059443612792742795,-0.07610387044101796,-0.08801423519125962,-0.02119443096123974,-0.04833802346248611,1,1786820463.0,hltv_2396591_110320_spirit_vs_big_m1_cache,de_cache,0.5434880588413856
1,-0.089565253163331,-0.11182950191570878,-0.09174282886604279,-0.059443612792742795,-0.07610387044101796,-0.08801423519125962,-0.02119443096123974,-0.04833802346248611,0,1786820463.0,hltv_2396591_110320_spirit_vs_big_m1_cache,de_cache,0.5449375268878339
0,1.164606567245839,0.17470225283397905,0.002153171904287876,0.016322575060671418,0.07855592753973095,0.22572871899721886,0.052517148570225325,0.09573021470401616,1,1786883449.0,hltv_2396596_110327_lynn_vision_vs_vitality_m2_inferno,de_inferno,0.5596716885443349
1,1.164606567245839,0.17470225283397905,0.002153171904287876,0.016322575060671418,0.07855592753973095,0.22572871899721886,0.052517148570225325,0.09573021470401616,1,1786883449.0,hltv_2396596_110327_lynn_vision_vs_vitality_m2_inferno,de_inferno,0.5608207133809971
1,-0.03820186436417847,-0.08218978102189778,0.07723472260607145,-0.041182651673116466,0.07543046064494002,0.0014963868775016431,-0.018855021787523407,0.01979633631133032,0,1786884186.0,hltv_2396598_110329_the_mongolz_vs_pain_m2_inferno,de_inferno,0.5385482840742487
0,-0.03820186436417847,-0.08218978102189778,0.07723472260607145,-0.041182651673116466,0.07543046064494002,0.0014963868775016431,-0.018855021787523407,0.01979633631133032,0,1786884186.0,hltv_2396598_110329_the_mongolz_vs_pain_m2_inferno,de_inferno,0.5311136131899225
0,-0.03814922674292695,-0.09914434523809523,0.11626226351228686,0.18180234909897108,0.08016978123664681,0.08079124279505162,-0.017406657724705732,0.042016041186168696,0,1786888713.0,hltv_2396595_110336_mouz_vs_parivision_m1_dust2,de_dust2,0.510883987833301
1,-0.03814922674292695,-0.09914434523809523,0.11626226351228686,0.18180234909897108,0.08016978123664681,0.08079124279505162,-0.017406657724705732,0.042016041186168696,1,1786888713.0,hltv_2396595_110336_mouz_vs_parivision_m1_dust2,de_dust2,0.518864986722567
1,0.2758261811045705,0.10297367892304604,-0.11511405745167824,0.11552083320444334,-0.07766547426148185,-0.019774708333675506,0.07688249344973536,0.0034080724533707696,0,1786891561.0,hltv_2396597_110342_magic_vs_9z_m1_ancient,de_ancient,0.530364560330994
0,0.2758261811045705,0.10297367892304604,-0.11511405745167824,0.11552083320444334,-0.07766547426148185,-0.019774708333675506,0.07688249344973536,0.0034080724533707696,0,1786891561.0,hltv_2396597_110342_magic_vs_9z_m1_ancient,de_ancient,0.521541106942957
1,-0.03814922674292695,-0.09487727099850796,-0.0012629805522061943,0.012278079295864941,-0.07877261688738946,-0.12498077169514188,-0.05822631798118871,-0.07770779455190868,0,1786893317.0,hltv_2396595_110336_mouz_vs_parivision_m2_inferno,de_inferno,0.529152157723411
0,-0.03814922674292695,-0.09487727099850796,-0.0012629805522061943,0.012278079295864941,-0.07877261688738946,-0.12498077169514188,-0.05822631798118871,-0.07770779455190868,1,1786893317.0,hltv_2396595_110336_mouz_vs_parivision_m2_inferno,de_inferno,0.5188196996896518
0,-0.030713936943166993,-0.29827586206896556,0.14043878799305476,0.2213693571233822,0.024507508190805105,0.0062636839364274,-0.010100092597253418,-0.03330864430025693,0,1786909389.0,hltv_2396593_110347_legacy_vs_mibr_m2_inferno,de_inferno,0.44132389087427415
1,-0.030713936943166993,-0.29827586206896556,0.14043878799305476,0.2213693571233822,0.024507508190805105,0.0062636839364274,-0.010100092597253418,-0.03330864430025693,0,1786909389.0,hltv_2396593_110347_legacy_vs_mibr_m2_inferno,de_inferno,0.45133203391520266
1,0.3177666387950238,0.027227722772277252,-0.09816792034957827,-0.16226449058620968,-0.048339015454770984,-0.05239637615325626,0.022116133149386652,0.014882408786977608,0,1787151953.0,hltv_2396601_110410_fut_vs_magic_m1_ancient,de_ancient,0.5848768306606608
0,0.3177666387950238,0.027227722772277252,-0.09816792034957827,-0.16226449058620968,-0.048339015454770984,-0.05239637615325626,0.022116133149386652,0.014882408786977608,1,1787151953.0,hltv_2396601_110410_fut_vs_magic_m1_ancient,de_ancient,0.574064639364258
1,0.12419825924950657,0.17456925561986808,-0.11949541721888302,-0.002639704941120702,-0.10623723619522357,-0.04937729013000952,0.013134195673072224,-0.040626029248047535,0,1787226852.0,hltv_2396603_110424_natus_vincere_vs_legacy_m1_inferno,de_inferno,0.5504719490961634
0,0.12419825924950657,0.17456925561986808,-0.11949541721888302,-0.002639704941120702,-0.10623723619522357,-0.04937729013000952,0.013134195673072224,-0.040626029248047535,1,1787226852.0,hltv_2396603_110424_natus_vincere_vs_legacy_m1_inferno,de_inferno,0.539066271955532
0,0.06183584423978252,-0.07701807862097954,-0.07970041245831472,0.03483268278431373,-0.04818201527043997,-0.006123865467705436,-0.0024036789292214422,0.006997127611242326,0,1787229476.0,hltv_2396604_110422_falcons_vs_the_mongolz_m2_dust2,de_dust2,0.5319649917796819
1,0.06183584423978252,-0.07701807862097954,-0.07970041245831472,0.03483268278431373,-0.04818201527043997,-0.006123865467705436,-0.0024036789292214422,0.006997127611242326,0,1787229476.0,hltv_2396604_110422_falcons_vs_the_mongolz_m2_dust2,de_dust2,0.544443977508864
0,0.08430060933321751,0.16697573547900424,0.0008379051232895174,0.00788538556920082,-0.0023385960995269683,-0.013861548168548676,-0.0066822173036037436,-0.0008512221268040521,0,1787229890.0,hltv_2396603_110424_natus_vincere_vs_legacy_m2_ancient,de_ancient,0.5160708249258564
1,0.08430060933321751,0.16697573547900424,0.0008379051232895174,0.00788538556920082,-0.0023385960995269683,-0.013861548168548676,-0.0066822173036037436,-0.0008512221268040521,0,1787229890.0,hltv_2396603_110424_natus_vincere_vs_legacy_m2_ancient,de_ancient,0.5287239550116299
0,0.13628558691221163,0.04357648930017355,0.11126181282001435,0.04500200724768333,-0.030590461592529428,-0.04674251135479246,-0.005937471777039238,-0.017316020534981658,1,1787235910.0,hltv_2396606_110429_b8_vs_spirit_m1_dust2,de_dust2,0.47483160090754495
1,0.13628558691221163,0.04357648930017355,0.11126181282001435,0.04500200724768333,-0.030590461592529428,-0.04674251135479246,-0.005937471777039238,-0.017316020534981658,0,1787235910.0,hltv_2396606_110429_b8_vs_spirit_m1_dust2,de_dust2,0.48626236935580214
0,0.35548828781061875,0.02132781012091356,0.21135986872256896,-0.020821017319230473,0.1650698310791699,0.12635629535871967,-0.02572820867802611,0.0031515668592246304,1,1787236185.0,hltv_2396605_110428_faze_vs_vitality_m1_dust2,de_dust2,0.49308028994405545
1,0.35548828781061875,0.02132781012091356,0.21135986872256896,-0.020821017319230473,0.1650698310791699,0.12635629535871967,-0.02572820867802611,0.0031515668592246304,0,1787236185.0,hltv_2396605_110428_faze_vs_vitality_m1_dust2,de_dust2,0.5051079970330721
1,0.340403940075822,0.022298207166055017,-0.006268699852246651,0.014520007781643529,0.009455868998808181,0.06416158993373289,0.010418778359639114,0.022184990705660657,1,1787239568.0,hltv_2396605_110428_faze_vs_vitality_m2_cache,de_cache,0.5462542027712431
0,0.340403940075822,0.022298207166055017,-0.006268699852246651,0.014520007781643529,0.009455868998808181,0.06416158993373289,0.010418778359639114,0.022184990705660657,1,1787239568.0,hltv_2396605_110428_faze_vs_vitality_m2_cache,de_cache,0.5338997682740855
1,0.13667037839081034,0.04259134140637183,0.005099975848019356,0.02876190662188416,0.051464486176143354,0.07375303371887815,0.01852522172282689,0.022814333150739774,0,1787239678.0,hltv_2396606_110429_b8_vs_spirit_m2_mirage,de_mirage,0.5207481328370676
0,0.13667037839081034,0.04259134140637183,0.005099975848019356,0.02876190662188416,0.051464486176143354,0.07375303371887815,0.01852522172282689,0.022814333150739774,0,1787239678.0,hltv_2396606_110429_b8_vs_spirit_m2_mirage,de_mirage,0.5077225116697093
1,0.1200503889122288,-0.058441558441558406,-0.08019772200904335,0.019657800063231257,-0.05778460768558541,-0.06465760662520098,0.037220938077043186,-0.0008836152008684373,0,1787248478.0,hltv_2396607_110436_g2_vs_furia_m2_anubis,de_anubis,0.49653412061884716
0,0.1200503889122288,-0.058441558441558406,-0.08019772200904335,0.019657800063231257,-0.05778460768558541,-0.06465760662520098,0.037220938077043186,-0.0008836152008684373,0,1787248478.0,hltv_2396607_110436_g2_vs_furia_m2_anubis,de_anubis,0.48591901389905545
0,0.04953675393518175,-0.05519600250765205,0.06917840199953407,-0.017593552255213196,0.0667231590318833,0.02098008596588191,0.004993227754158391,0.03194596459397264,1,1787314119.0,hltv_2396608_110449_fut_vs_mouz_m1_dust2,de_dust2,0.4740848210724492
1,0.04953675393518175,-0.05519600250765205,0.06917840199953407,-0.017593552255213196,0.0667231590318833,0.02098008596588191,0.004993227754158391,0.03194596459397264,0,1787314119.0,hltv_2396608_110449_fut_vs_mouz_m1_dust2,de_dust2,0.4848052005807023
1,0.04953675393518175,-0.05403328386686451,0.0003526303686399723,-0.009625357234551601,-0.017537763431824616,-0.04439828014343988,-0.005402882118564933,-0.016371003123838823,0,1787317213.0,hltv_2396608_110449_fut_vs_mouz_m2_ancient,de_ancient,0.4939386417318922
0,0.04953675393518175,-0.05403328386686451,0.0003526303686399723,-0.009625357234551601,-0.017537763431824616,-0.04439828014343988,-0.005402882118564933,-0.016371003123838823,1,1787317213.0,hltv_2396608_110449_fut_vs_mouz_m2_ancient,de_ancient,0.4830543569968804
1,-0.011239114492639275,0.1273432449903038,0.05199142688912706,0.03898321722996273,-0.002006258940307093,-0.03605897266976332,-0.062343017480636476,-0.057616858171896046,0,1787322810.0,hltv_2396609_110456_legacy_vs_falcons_m1_mirage,de_mirage,0.5208404684265998
0,-0.011239114492639275,0.1273432449903038,0.05199142688912706,0.03898321722996273,-0.002006258940307093,-0.03605897266976332,-0.062343017480636476,-0.057616858171896046,0,1787322810.0,hltv_2396609_110456_legacy_vs_falcons_m1_mirage,de_mirage,0.5088145405309055
0,-0.042156230114085154,0.08987763060579573,0.0006056823664577493,-0.005532134094418717,-0.019592806218276526,-0.04813278464457882,-0.011038710762413029,-0.023550634207548382,0,1787326969.0,hltv_2396609_110456_legacy_vs_falcons_m2_dust2,de_dust2,0.48774265279576334
1,-0.042156230114085154,0.08987763060579573,0.0006056823664577493,-0.005532134094418717,-0.019592806218276526,-0.04813278464457882,-0.011038710762413029,-0.023550634207548382,0,1787326969.0,hltv_2396609_110456_legacy_vs_falcons_m2_dust2,de_dust2,0.49904390393529974
0,0.1414565525320664,0.0804279464041564,0.00033652395100403076,-0.03312565051783878,0.04150920265934399,-0.018973648332100412,0.018839237369448092,-0.004698636001736645,0,1787333650.0,hltv_2396610_110462_vitality_vs_spirit_m1_anubis,de_anubis,0.4803813755183543
1,0.1414565525320664,0.0804279464041564,0.00033652395100403076,-0.03312565051783878,0.04150920265934399,-0.018973648332100412,0.018839237369448092,-0.004698636001736645,0,1787333650.0,hltv_2396610_110462_vitality_vs_spirit_m1_anubis,de_anubis,0.49128352366626316
0,0.03146664824972131,0.035808934881373045,0.020517695610702824,0.03457211311916558,-0.08014666715777907,-0.09053902542379216,-0.02077249463068409,-0.055909997396756006,1,1787483399.4438183,hltv_2396613_110491_furia_vs_legacy_m2_nuke,de_nuke,0.4773037998668942
1,0.03146664824972131,0.035808934881373045,0.020517695610702824,0.03457211311916558,-0.08014666715777907,-0.09053902542379216,-0.02077249463068409,-0.055909997396756006,0,1787483399.4438183,hltv_2396613_110491_furia_vs_legacy_m2_nuke,de_nuke,0.4883334977139004
1,0.12395586250542644,-0.018228184397395708,0.001685946622302259,0.023002260688009146,-0.04957428245635337,-0.02048001044310649,0.0006116386855133937,-0.010210775302506858,0,1787497232.708665,hltv_2396614_110499_fut_vs_spirit_m2_anubis,de_anubis,0.5004767297954941
0,0.12395586250542644,-0.018228184397395708,0.001685946622302259,0.023002260688009146,-0.04957428245635337,-0.02048001044310649,0.0006116386855133937,-0.010210775302506858,1,1787497232.708665,hltv_2396614_110499_fut_vs_spirit_m2_anubis,de_anubis,0.489360337434311
1,0.13432535791023545,-0.017781767781767766,-0.000309656164008576,-0.01752638426745806,0.008348993543412508,-0.009851226027138005,0.0036768530888217077,0.002493059371482864,0,1787504275.047972,hltv_2396614_110499_fut_vs_spirit_m3_ancient,de_ancient,0.5026376250776874
0,0.13432535791023545,-0.017781767781767766,-0.000309656164008576,-0.01752638426745806,0.008348993543412508,-0.009851226027138005,0.0036768530888217077,0.002493059371482864,1,1787504275.047972,hltv_2396614_110499_fut_vs_spirit_m3_ancient,de_ancient,0.4922060648395469
0,-0.06301801129119873,0.05413848446635339,0.01752609331151389,0.12605888301136636,0.01027025215893268,0.06086496104997563,0.055367812293754315,0.0258793701112065,0,1787743105.8793056,hltv_2396923_110581_aurora_vs_g2_m2_anubis,de_anubis,0.4580335103156978
1,-0.06301801129119873,0.05413848446635339,0.01752609331151389,0.12605888301136636,0.01027025215893268,0.06086496104997563,0.055367812293754315,0.0258793701112065,0,1787743105.8793056,hltv_2396923_110581_aurora_vs_g2_m2_anubis,de_anubis,0.467999261978981
0,0.05538888233509289,0.03003003003003002,-0.09203771499170332,0.0028729814948205146,-0.10878170076788363,-0.10414504835066579,-0.008041319843730799,-0.034366519810296925,0,1787764503.9989128,hltv_2396925_110600_natus_vincere_vs_m80_m1_anubis,de_anubis,0.5185513755884681
1,0.05538888233509289,0.03003003003003002,-0.09203771499170332,0.0028729814948205146,-0.10878170076788363,-0.10414504835066579,-0.008041319843730799,-0.034366519810296925,1,1787764503.9989128,hltv_2396925_110600_natus_vincere_vs_m80_m1_anubis,de_anubis,0.5347468862258468
0,0.05538888233509289,0.029585798816568087,0.0023531516015581344,0.011776964495470388,0.10684704575692222,0.07569774362405846,0.06175808373281727,0.0490973871713411,0,1787764508.1896257,hltv_2396925_110600_natus_vincere_vs_m80_m2_mirage,de_mirage,0.4450044974238347
1,0.05538888233509289,0.029585798816568087,0.0023531516015581344,0.011776964495470388,0.10684704575692222,0.07569774362405846,0.06175808373281727,0.0490973871713411,0,1787764508.1896257,hltv_2396925_110600_natus_vincere_vs_m80_m2_mirage,de_mirage,0.46139243196847723
1,0.24213972884152304,0.024214181286549674,-0.0361688572816784,0.028399378409704357,-0.04110957747365901,-0.05911724034142629,0.057374413845797334,-0.014877643558671771,1,1787772423.1643293,hltv_2396926_110604_furia_vs_pain_m1_mirage,de_mirage,0.4689973372582383
0,0.24213972884152304,0.024214181286549674,-0.0361688572816784,0.028399378409704357,-0.04110957747365901,-0.05911724034142629,0.057374413845797334,-0.014877643558671771,1,1787772423.1643293,hltv_2396926_110604_furia_vs_pain_m1_mirage,de_mirage,0.4516603400170775
0,0.24213972884152304,0.06172839506172839,-0.0030790233218531138,0.02691561284158356,0.2099556145267955,0.28857228591233464,0.12946189769732702,0.14336805562118127,1,1787772982.074159,hltv_2396926_110604_furia_vs_pain_m2_cache,de_cache,0.4529458722034152
1,0.24213972884152304,0.06172839506172839,-0.0030790233218531138,0.02691561284158356,0.2099556145267955,0.28857228591233464,0.12946189769732702,0.14336805562118127,1,1787772982.074159,hltv_2396926_110604_furia_vs_pain_m2_cache,de_cache,0.4704839922557672
1,0.09147721162563502,-0.07358579935041498,0.06930546170545937,0.08707963259693408,0.004466061446094682,-0.020982386767580408,-0.00039703043449706987,0.014939114318824442,0,1787838982.8138494,hltv_2396928_110630_mouz_vs_9z_m1_cache,de_cache,0.4955865101760852
0,0.09147721162563502,-0.07358579935041498,0.06930546170545937,0.08707963259693408,0.004466061446094682,-0.020982386767580408,-0.00039703043449706987,0.014939114318824442,0,1787838982.8138494,hltv_2396928_110630_mouz_vs_9z_m1_cache,de_cache,0.4799756358020057
0,0.1295627169201319,-0.06494400995378596,0.0017226242705721262,-0.03863691496624155,0.024685962910954984,-0.016937244545203622,0.012086042732851243,0.005001983287605483,1,1787848576.648805,hltv_2396929_110642_legacy_vs_fut_m2_dust2,de_dust2,0.47370067349978623
1,0.1295627169201319,-0.06494400995378596,0.0017226242705721262,-0.03863691496624155,0.024685962910954984,-0.016937244545203622,0.012086042732851243,0.005001983287605483,1,1787848576.648805,hltv_2396929_110642_legacy_vs_fut_m2_dust2,de_dust2,0.48742911766945946
1,0.6195665636472568,0.18917213528520943,-0.016518226230639588,0.09801603147317317,-0.023726287237759047,0.04681180675542923,0.044063503148229266,0.06749273514110915,1,1787855282.566313,hltv_2396930_110648_falcons_vs_lynn_vision_m1_inferno,de_inferno,0.6089384123305709
0,0.6195665636472568,0.18917213528520943,-0.016518226230639588,0.09801603147317317,-0.023726287237759047,0.04681180675542923,0.044063503148229266,0.06749273514110915,1,1787855282.566313,hltv_2396930_110648_falcons_vs_lynn_vision_m1_inferno,de_inferno,0.5958558116603099
0,0.6195665636472568,0.2463699494949495,-0.0016784752317574592,-0.009831697015340146,0.1116783488710924,0.20067058004566476,0.07496982031653793,0.09261331106263704,1,1787859279.3678331,hltv_2396930_110648_falcons_vs_lynn_vision_m2_ancient,de_ancient,0.6000384051681619
1,0.6195665636472568,0.2463699494949495,-0.0016784752317574592,-0.009831697015340146,0.1116783488710924,0.20067058004566476,0.07496982031653793,0.09261331106263704,1,1787859279.3678331,hltv_2396930_110648_falcons_vs_lynn_vision_m2_ancient,de_ancient,0.6149954937198934
1,-0.08741286380590141,0.024041483343808845,0.1160727303106911,0.016546411318503262,-0.010750907705952994,-0.02351152848268695,-0.04238551905045451,-0.040119470657000555,1,1787925378.780091,hltv_2396932_110675_g2_vs_spirit_m1_dust2,de_dust2,0.47678732271932156
0,-0.08741286380590141,0.024041483343808845,0.1160727303106911,0.016546411318503262,-0.010750907705952994,-0.02351152848268695,-0.04238551905045451,-0.040119470657000555,0,1787925378.780091,hltv_2396932_110675_g2_vs_spirit_m1_dust2,de_dust2,0.45982575062547903
1,-0.08741286380590141,0.02287581699346397,-0.0009598346242108979,-0.0026774059370501258,0.03936495744720325,0.02483023343209656,0.02438622839906951,0.0250187532521578,1,1787925385.6183238,hltv_2396932_110675_g2_vs_spirit_m2_cache,de_cache,0.46041925325931077
0,-0.08741286380590141,0.02287581699346397,-0.0009598346242108979,-0.0026774059370501258,0.03936495744720325,0.02483023343209656,0.02438622839906951,0.0250187532521578,0,1787925385.6183238,hltv_2396932_110675_g2_vs_spirit_m2_cache,de_cache,0.44437246128075153
0,-0.2039980383017312,-0.10907519153840933,-0.0003575588320349765,-0.027248490249418278,0.029163520828996703,0.0860486088081178,0.032861452079176456,0.04423779451251675,1,1787931553.471241,hltv_2396933_110682_natus_vincere_vs_pain_m1_nuke,de_nuke,0.41412751665315445
1,-0.2039980383017312,-0.10907519153840933,-0.0003575588320349765,-0.027248490249418278,0.029163520828996703,0.0860486088081178,0.032861452079176456,0.04423779451251675,1,1787931553.471241,hltv_2396933_110682_natus_vincere_vs_pain_m1_nuke,de_nuke,0.43141643607124086
1,-0.2039980383017312,-0.069312871037009,0.003972252101788198,0.06348720109760364,-0.08652592796802938,-0.04598663718991186,-0.0463545160616638,-0.040122460052698705,1,1787934855.2367826,hltv_2396933_110682_natus_vincere_vs_pain_m2_mirage,de_mirage,0.5000080907234398
0,-0.2039980383017312,-0.069312871037009,0.003972252101788198,0.06348720109760364,-0.08652592796802938,-0.04598663718991186,-0.0463545160616638,-0.040122460052698705,0,1787934855.2367826,hltv_2396933_110682_natus_vincere_vs_pain_m2_mirage,de_mirage,0.4837847037001549
0,0.09353057287488474,-0.031293277937573194,-0.0024640554279699023,-0.038648268317220236,-0.06292386860124971,-0.10713717805175799,-0.024781990535267306,-0.03939639102550313,0,1787944624.4668846,hltv_2396934_110690_m80_vs_furia_m2_dust2,de_dust2,0.49458765580631536
1,0.09353057287488474,-0.031293277937573194,-0.0024640554279699023,-0.038648268317220236,-0.06292386860124971,-0.10713717805175799,-0.024781990535267306,-0.03939639102550313,1,1787944624.4668846,hltv_2396934_110690_m80_vs_furia_m2_dust2,de_dust2,0.5095496625417931
1,0.09353057287488474,-0.028513880799844626,-0.003380497492161738,0.07356767379150886,0.145501052656136,0.20205821651074718,0.07884006101052188,0.07668565415410361,0,1787944626.7094939,hltv_2396934_110690_m80_vs_furia_m1_cache,de_cache,0.45212967753306776
0,0.09353057287488474,-0.028513880799844626,-0.003380497492161738,0.07356767379150886,0.145501052656136,0.20205821651074718,0.07884006101052188,0.07668565415410361,0,1787944626.7094939,hltv_2396934_110690_m80_vs_furia_m1_cache,de_cache,0.43862629495105165
1,0.3101015298431077,0.005388471177944831,0.10379292916938965,0.08140129364157161,0.04749587668656047,0.02865211270640894,0.0412042645391163,0.016764360564567815,1,1787999730.464401,hltv_2396935_110710_vitality_vs_9z_m1_dust2,de_dust2,0.4383269300544044
0,0.3101015298431077,0.005388471177944831,0.10379292916938965,0.08140129364157161,0.04749587668656047,0.02865211270640894,0.0412042645391163,0.016764360564567815,1,1787999730.464401,hltv_2396935_110710_vitality_vs_9z_m1_dust2,de_dust2,0.4234571328253065
0,0.3101015298431077,0.029061191947378995,-0.008819380401331345,-0.0499894003370388,0.12655735966594822,0.13738022716409615,0.07914231876147482,0.07959348567645808,1,1787999734.655552,hltv_2396935_110710_vitality_vs_9z_m2_nuke,de_nuke,0.4759303735899402
1,0.3101015298431077,0.029061191947378995,-0.008819380401331345,-0.0499894003370388,0.12655735966594822,0.13738022716409615,0.07914231876147482,0.07959348567645808,1,1787999734.655552,hltv_2396935_110710_vitality_vs_9z_m2_nuke,de_nuke,0.4885374346195822
1,-0.5743602811112664,-0.27581612258494337,-0.1963840310947454,-0.13032279860446905,-0.020899504080597153,0.02967124098905477,0.044060843136758454,0.017805063421648726,0,1788017115.0428796,hltv_2396937_110727_fut_vs_lynn_vision_m2_anubis,de_anubis,0.383330032351862
0,-0.5743602811112664,-0.27581612258494337,-0.1963840310947454,-0.13032279860446905,-0.020899504080597153,0.02967124098905477,0.044060843136758454,0.017805063421648726,0,1788017115.0428796,hltv_2396937_110727_fut_vs_lynn_vision_m2_anubis,de_anubis,0.3713900431970264
1,-0.08435643438414143,0.042009636619152746,-0.20515389302236697,-0.1851162272385008,-0.07712009981957707,-0.11298287414040831,0.019356387378449802,-0.022098833358219494,1,1788024988.5095618,hltv_2396938_110733_legacy_vs_falcons_m1_mirage,de_mirage,0.5074632418897964
0,-0.08435643438414143,0.042009636619152746,-0.20515389302236697,-0.1851162272385008,-0.07712009981957707,-0.11298287414040831,0.019356387378449802,-0.022098833358219494,0,1788024988.5095618,hltv_2396938_110733_legacy_vs_falcons_m1_mirage,de_mirage,0.495639296664069
0,-0.08435643438414143,0.04086432917267763,-0.004044755777232012,-0.01960148031794562,0.0859610613596406,0.04577193486810782,0.05421758463508586,0.03244311236914932,0,1788029118.1212158,hltv_2396938_110733_legacy_vs_falcons_m2_ancient,de_ancient,0.3791176281295163
1,-0.08435643438414143,0.04086432917267763,-0.004044755777232012,-0.01960148031794562,0.0859610613596406,0.04577193486810782,0.05421758463508586,0.03244311236914932,0,1788029118.1212158,hltv_2396938_110733_legacy_vs_falcons_m2_ancient,de_ancient,0.3926325857723721
0,-0.046268931906294844,0.030139491519345918,0.15823083870693583,0.10481233484070046,-0.031497747855391,-0.022435498235796436,-0.025053612354485444,-0.007411476074868528,1,1788090776.6349225,hltv_2396940_110759_g2_vs_natus_vincere_m2_inferno,de_inferno,0.4211817434320152
1,-0.046268931906294844,0.030139491519345918,0.15823083870693583,0.10481233484070046,-0.031497747855391,-0.022435498235796436,-0.025053612354485444,-0.007411476074868528,1,1788090776.6349225,hltv_2396940_110759_g2_vs_natus_vincere_m2_inferno,de_inferno,0.4367425752554415
0,0.07213796171999677,-0.056682127062884335,-0.02815205976630758,-0.02401785714609711,0.032500985923487824,-0.025609803021178823,7.217533109660224e-05,-0.008866200552580084,1,1788099494.5382078,hltv_2396939_110768_aurora_vs_m80_m1_dust2,de_dust2,0.4756492890370559
1,0.07213796171999677,-0.056682127062884335,-0.02815205976630758,-0.02401785714609711,0.032500985923487824,-0.025609803021178823,7.217533109660224e-05,-0.008866200552580084,1,1788099494.5382078,hltv_2396939_110768_aurora_vs_m80_m1_dust2,de_dust2,0.49099717046203406
1,0.07213796171999677,-0.010815760815760855,0.0032936273856083442,0.036651890181471636,0.15220704097718107,0.10812963655931368,0.08148717532039029,0.06656631081615266,1,1788099496.7999547,hltv_2396939_110768_aurora_vs_m80_m2_inferno,de_inferno,0.3996430113525644
0,0.07213796171999677,-0.010815760815760855,0.0032936273856083442,0.036651890181471636,0.15220704097718107,0.10812963655931368,0.08148717532039029,0.06656631081615266,0,1788099496.7999547,hltv_2396939_110768_aurora_vs_m80_m2_inferno,de_inferno,0.38490843871111474
0,0.1445669165158326,0.07073244552058111,-0.10492391234331822,-0.20800503532357434,-0.04038686655520429,-0.037761188898331965,0.03293524808661369,-0.009719440670353297,0,1788113983.7296095,hltv_2396941_110806_vitality_vs_legacy_m1_nuke,de_nuke,0.5076416042155495
1,0.1445669165158326,0.07073244552058111,-0.10492391234331822,-0.20800503532357434,-0.04038686655520429,-0.037761188898331965,0.03293524808661369,-0.009719440670353297,1,1788113983.7296095,hltv_2396941_110806_vitality_vs_legacy_m1_nuke,de_nuke,0.5204364409189707
1,-0.0030022413598147085,-0.022508038585209,-0.05669095710041033,-0.0116604038192209,-0.04106896047624109,-0.024766535498522035,0.0009108692921321326,0.008170831271869683,0,1788173236.1868203,hltv_2396943_110821_spirit_vs_furia_m2_cache,de_cache,0.5280678132168649
0,-0.0030022413598147085,-0.022508038585209,-0.05669095710041033,-0.0116604038192209,-0.04106896047624109,-0.024766535498522035,0.0009108692921321326,0.008170831271869683,0,1788173236.1868203,hltv_2396943_110821_spirit_vs_furia_m2_cache,de_cache,0.514869391977237
1,-0.0030022413598147085,-0.03805051158652489,-7.718499898073938e-05,-0.029919242411137248,-0.11224589131172208,-0.1296279347307921,-0.061902775746888294,-0.06544036587809549,1,1788173246.8706045,hltv_2396943_110821_spirit_vs_furia_m1_ancient,de_ancient,0.5339591058022854
0,-0.0030022413598147085,-0.03805051158652489,-7.718499898073938e-05,-0.029919242411137248,-0.11224589131172208,-0.1296279347307921,-0.061902775746888294,-0.06544036587809549,1,1788173246.8706045,hltv_2396943_110821_spirit_vs_furia_m1_ancient,de_ancient,0.5236288009166369
0,-0.06301801129119873,0.03744887525562368,0.12505986249455336,0.10376031437600652,0.05805451439648718,-0.016050897296854938,-0.007305906639077098,0.003488259505831537,0,1788188255.1754515,hltv_2396944_110828_g2_vs_aurora_m1_anubis,de_anubis,0.4130356312306236
1,-0.06301801129119873,0.03744887525562368,0.12505986249455336,0.10376031437600652,0.05805451439648718,-0.016050897296854938,-0.007305906639077098,0.003488259505831537,0,1788188255.1754515,hltv_2396944_110828_g2_vs_aurora_m1_anubis,de_anubis,0.42312151712246987
0,-0.06301801129119873,0.011926889714993782,-0.0017363141590913678,0.009853372199806032,-0.023726151130342432,-0.01762825743584573,-0.019243101778821048,-0.016681935418259408,1,1788188455.149085,hltv_2396944_110828_g2_vs_aurora_m2_inferno,de_inferno,0.4904496277641039
1,-0.06301801129119873,0.011926889714993782,-0.0017363141590913678,0.009853372199806032,-0.023726151130342432,-0.01762825743584573,-0.019243101778821048,-0.016681935418259408,0,1788188455.149085,hltv_2396944_110828_g2_vs_aurora_m2_inferno,de_inferno,0.501312052236903
0,-0.01029903268250133,0.05361280808931962,0.07986694496265967,0.15540694839169378,-0.037623514871026054,-0.046889179821724136,-0.05862569620131458,-0.041657020883063944,1,1788198754.7946482,hltv_2396945_110839_mouz_vs_falcons_m2_ancient,de_ancient,0.5265463991294292
1,-0.01029903268250133,0.05361280808931962,0.07986694496265967,0.15540694839169378,-0.037623514871026054,-0.046889179821724136,-0.05862569620131458,-0.041657020883063944,0,1788198754.7946482,hltv_2396945_110839_mouz_vs_falcons_m2_ancient,de_ancient,0.5346158665704455
1,-0.01029903268250133,0.05270034843205579,-0.004187788971926953,-0.005219094159212179,-0.03816293043793362,-0.07365646638893997,-0.02658407117038497,-0.021175308133733917,1,1788198846.0819056,hltv_2396945_110839_mouz_vs_falcons_m1_nuke,de_nuke,0.5266909194045553
0,-0.01029903268250133,0.05270034843205579,-0.004187788971926953,-0.005219094159212179,-0.03816293043793362,-0.07365646638893997,-0.02658407117038497,-0.021175308133733917,0,1788198846.0819056,hltv_2396945_110839_mouz_vs_falcons_m1_nuke,de_nuke,0.5160111623777308
0,0.27412963343596447,0.04658730158730162,-0.015886391553447732,0.03628155105502617,-0.051620435260962605,-0.044837450249401334,-0.02054777007370251,-0.00416750719870479,1,1788207898.579855,hltv_2396946_110851_fut_vs_vitality_m2_dust2,de_dust2,0.6039543075877941
1,0.27412963343596447,0.04658730158730162,-0.015886391553447732,0.03628155105502617,-0.051620435260962605,-0.044837450249401334,-0.02054777007370251,-0.00416750719870479,0,1788207898.579855,hltv_2396946_110851_fut_vs_vitality_m2_dust2,de_dust2,0.613936141477121
1,0.27412963343596447,0.04592077565860819,0.010932566795580856,0.051562544990471526,0.04571375478749862,0.11288289764487269,0.019376530032914563,0.031338253944278804,0,1788208244.1998298,hltv_2396946_110851_fut_vs_vitality_m1_anubis,de_anubis,0.5430374808929931
0,0.27412963343596447,0.04592077565860819,0.010932566795580856,0.051562544990471526,0.04571375478749862,0.11288289764487269,0.019376530032914563,0.031338253944278804,1,1788208244.1998298,hltv_2396946_110851_fut_vs_vitality_m1_anubis,de_anubis,0.5330743836453801
