key,mtime,y,is_ct,pistol_rate_gap,pistol_rate_top,call_early_winrate,call_mid_winrate,call_early_alive_end,call_mid_alive_end,call_early_future_kill,call_mid_future_kill,cpist_early_winrate,cpist_mid_winrate,cpist_early_alive_end,cpist_mid_alive_end,cpist_early_future_kill,cpist_mid_future_kill,form_gap
hltv_2389644_103938_falcons_vs_aurora_m1_anubis,1769953705.0,1,1,,,,,,,,,,,,,,,
hltv_2389644_103938_falcons_vs_aurora_m1_anubis,1769953705.0,0,0,,,,,,,,,,,,,,,
hltv_2389643_103935_mouz_vs_nrg_m1_dust2,1769954055.0,0,0,,,,,,,,,,,,,,,
hltv_2389643_103935_mouz_vs_nrg_m1_dust2,1769954055.0,0,1,,,,,,,,,,,,,,,
hltv_2389643_103935_mouz_vs_nrg_m2_ancient,1769957345.0,1,1,-0.625,0.8125,-0.012209438001529294,-0.00651390895568893,-0.029233403617624054,-0.05379019493173376,-0.008277519323027505,-0.01737976027280419,-0.004652149001757366,-0.019298523981134352,-0.031384014839927366,-0.23800459061624546,-0.0027785011927287107,-0.06537359533505843,
hltv_2389643_103935_mouz_vs_nrg_m2_ancient,1769957345.0,0,0,-0.625,0.8125,-0.012209438001529294,-0.00651390895568893,-0.029233403617624054,-0.05379019493173376,-0.008277519323027505,-0.01737976027280419,-0.004652149001757366,-0.019298523981134352,-0.031384014839927366,-0.23800459061624546,-0.0027785011927287107,-0.06537359533505843,
hltv_2389644_103938_falcons_vs_aurora_m2_mirage,1769957970.0,1,1,0.0,0.5,0.0033100662881601073,-0.0016888895367280221,0.070402153888595,0.05202287907520936,0.03708182687322559,0.023759526522836083,0.00810518432232965,0.06070380630450861,0.0028192804762209867,0.14796150344550166,-0.0033999734614945654,0.03959682693777161,0.6678293725756554
hltv_2389644_103938_falcons_vs_aurora_m2_mirage,1769957970.0,0,0,0.0,0.5,0.0033100662881601073,-0.0016888895367280221,0.070402153888595,0.05202287907520936,0.03708182687322559,0.023759526522836083,0.00810518432232965,0.06070380630450861,0.0028192804762209867,0.14796150344550166,-0.0033999734614945654,0.03959682693777161,0.6678293725756554
hltv_2389645_103943_g2_vs_fut_m1_mirage,1769962751.0,1,1,,,,,,,,,,,,,,,
hltv_2389645_103943_g2_vs_fut_m1_mirage,1769962751.0,0,0,,,,,,,,,,,,,,,
hltv_2389646_103946_the_mongolz_vs_furia_m1_mirage,1769965830.0,0,1,,,,,,,,,,,,,,,
hltv_2389646_103946_the_mongolz_vs_furia_m1_mirage,1769965830.0,1,0,,,,,,,,,,,,,,,
hltv_2389646_103946_the_mongolz_vs_furia_m2_inferno,1769970577.0,1,0,0.0,0.5,0.0025356185059350334,0.004912291803800151,-0.04167643102447732,-0.06276148983813906,-0.017574843867717627,-0.029847657452816978,0.0008063153080318797,-0.00879497984622385,-0.019867871053840802,-0.01906668453457505,0.0030052731866421767,-0.011861003459768038,-0.10598971419071462
hltv_2389646_103946_the_mongolz_vs_furia_m2_inferno,1769970577.0,0,1,0.0,0.5,0.0025356185059350334,0.004912291803800151,-0.04167643102447732,-0.06276148983813906,-0.017574843867717627,-0.029847657452816978,0.0008063153080318797,-0.00879497984622385,-0.019867871053840802,-0.01906668453457505,0.0030052731866421767,-0.011861003459768038,-0.10598971419071462
hltv_2389648_103951_parivision_vs_astralis_m1_overpass,1769975323.0,1,1,,,,,,,,,,,,,,,
hltv_2389648_103951_parivision_vs_astralis_m1_overpass,1769975323.0,0,0,,,,,,,,,,,,,,,
hltv_2389647_103949_natus_vincere_vs_spirit_m1_mirage,1769978293.0,1,0,,,,,,,,,,,,,,,
hltv_2389647_103949_natus_vincere_vs_spirit_m1_mirage,1769978293.0,1,1,,,,,,,,,,,,,,,
hltv_2389647_103949_natus_vincere_vs_spirit_m2_dust2,1769981411.0,0,1,0.625,0.8125,0.0014958555669988272,0.0054389269208675595,-0.01663924732908101,-0.01639692644613111,-0.009896844282331174,-0.010476403096824793,0.0031668543658758264,-0.07669751152866633,0.012288120250430079,-0.030213368910230354,0.038142262237113755,0.003007587574181958,-0.07767966663252784
hltv_2389647_103949_natus_vincere_vs_spirit_m2_dust2,1769981411.0,0,0,0.625,0.8125,0.0014958555669988272,0.0054389269208675595,-0.01663924732908101,-0.01639692644613111,-0.009896844282331174,-0.010476403096824793,0.0031668543658758264,-0.07669751152866633,0.012288120250430079,-0.030213368910230354,0.038142262237113755,0.003007587574181958,-0.07767966663252784
hltv_2389649_103964_3dmax_vs_vitality_m1_inferno,1770039814.0,0,1,,,,,,,,,,,,,,,
hltv_2389649_103964_3dmax_vs_vitality_m1_inferno,1770039814.0,0,0,,,,,,,,,,,,,,,
hltv_2389651_103966_mouz_vs_aurora_m1_dust2,1770040069.0,1,0,-0.1923076923076923,0.6923076923076923,-0.07279319668660422,0.028679017340320467,-0.08304795458526465,-0.09449107516890642,-1.458449210633983e-05,-0.03831006751765326,-0.22823427734543794,-0.1308829389766208,0.00738911702613454,0.002439207801977067,0.032780111109467325,-0.03570802243480681,
hltv_2389651_103966_mouz_vs_aurora_m1_dust2,1770040069.0,1,1,-0.1923076923076923,0.6923076923076923,-0.07279319668660422,0.028679017340320467,-0.08304795458526465,-0.09449107516890642,-1.458449210633983e-05,-0.03831006751765326,-0.22823427734543794,-0.1308829389766208,0.00738911702613454,0.002439207801977067,0.032780111109467325,-0.03570802243480681,
hltv_2389649_103964_3dmax_vs_vitality_m2_dust2,1770043438.0,1,0,-0.625,0.8125,-0.005432436775178351,-0.0013902020105753254,0.14306077889697677,0.1341163603705095,0.07837689875677523,0.07912763788504834,-0.008269736781716275,0.014917921308358117,0.0074454672026137425,0.08641510055901991,-0.009388043541461222,0.04157149772644286,1.112575995685496
hltv_2389649_103964_3dmax_vs_vitality_m2_dust2,1770043438.0,0,1,-0.625,0.8125,-0.005432436775178351,-0.0013902020105753254,0.14306077889697677,0.1341163603705095,0.07837689875677523,0.07912763788504834,-0.008269736781716275,0.014917921308358117,0.0074454672026137425,0.08641510055901991,-0.009388043541461222,0.04157149772644286,1.112575995685496
hltv_2389651_103966_mouz_vs_aurora_m2_inferno,1770044134.0,0,1,0.13888888888888884,0.6388888888888888,0.00294628828253507,0.01057443877129094,0.06114436950119417,0.008497080708185778,0.04004172562887204,0.01593246374094681,0.013873173816081774,0.09636425764267287,0.03578893704148828,0.1934255221623385,0.020169755388528887,0.05418248428606692,0.4200522385774805
hltv_2389651_103966_mouz_vs_aurora_m2_inferno,1770044134.0,1,0,0.13888888888888884,0.6388888888888888,0.00294628828253507,0.01057443877129094,0.06114436950119417,0.008497080708185778,0.04004172562887204,0.01593246374094681,0.013873173816081774,0.09636425764267287,0.03578893704148828,0.1934255221623385,0.020169755388528887,0.05418248428606692,0.4200522385774805
hltv_2389652_103972_nrg_vs_falcons_m1_inferno,1770048559.0,0,0,-0.1923076923076923,0.5,0.0699493549368036,-0.07795037037068064,-0.02825550189543785,-0.11995026616547927,-0.052654274965277637,-0.04764261667174369,0.2055807119597453,0.16636513465632652,0.04990532885662957,-0.04690952307427676,-0.011870892736401573,0.019289175721412755,
hltv_2389652_103972_nrg_vs_falcons_m1_inferno,1770048559.0,1,1,-0.1923076923076923,0.5,0.0699493549368036,-0.07795037037068064,-0.02825550189543785,-0.11995026616547927,-0.052654274965277637,-0.04764261667174369,0.2055807119597453,0.16636513465632652,0.04990532885662957,-0.04690952307427676,-0.011870892736401573,0.019289175721412755,
hltv_2389650_103971_faze_vs_bc_game_m1_dust2,1770049094.0,0,1,,,,,,,,,,,,,,,
hltv_2389650_103971_faze_vs_bc_game_m1_dust2,1770049094.0,0,0,,,,,,,,,,,,,,,
hltv_2389652_103972_nrg_vs_falcons_m2_ancient,1770052512.0,1,1,-0.1388888888888889,0.5,0.0044083285734721755,0.0158679922774958,-0.056346078052556814,-0.09211833010775944,-0.0326060420704859,-0.04901850238364136,-0.003998280104088425,0.01387056660024688,-0.014425993145194604,0.09875941050124698,-0.0011121189107699547,0.041886891386573366,
hltv_2389652_103972_nrg_vs_falcons_m2_ancient,1770052512.0,0,0,-0.1388888888888889,0.5,0.0044083285734721755,0.0158679922774958,-0.056346078052556814,-0.09211833010775944,-0.0326060420704859,-0.04901850238364136,-0.003998280104088425,0.01387056660024688,-0.014425993145194604,0.09875941050124698,-0.0011121189107699547,0.041886891386573366,
hltv_2389650_103971_faze_vs_bc_game_m2_nuke,1770052582.0,1,0,-0.625,0.8125,0.00569781244705625,0.005532489505639671,0.04914641284715271,0.03166896427673144,0.02348360275530753,0.008598319907354879,0.005160784861856782,-0.04510293095467505,-0.02318914036959513,-0.08632645654164423,-0.0065970712137543575,-0.02478823667680602,
hltv_2389650_103971_faze_vs_bc_game_m2_nuke,1770052582.0,0,1,-0.625,0.8125,0.00569781244705625,0.005532489505639671,0.04914641284715271,0.03166896427673144,0.02348360275530753,0.008598319907354879,0.005160784861856782,-0.04510293095467505,-0.02318914036959513,-0.08632645654164423,-0.0065970712137543575,-0.02478823667680602,
hltv_2389653_103979_furia_vs_natus_vincere_m1_mirage,1770059408.0,0,1,0.0,0.5,-0.03466140614328106,-0.14863312043797194,0.14718961240881878,0.1004053433456415,0.03821968847479418,0.028937492279552057,0.06471958749037121,-0.15439690907756876,0.07998601059425248,0.028625261313496964,-0.04487966145978045,0.003723748846824415,0.3770742077145569
hltv_2389653_103979_furia_vs_natus_vincere_m1_mirage,1770059408.0,0,0,0.0,0.5,-0.03466140614328106,-0.14863312043797194,0.14718961240881878,0.1004053433456415,0.03821968847479418,0.028937492279552057,0.06471958749037121,-0.15439690907756876,0.07998601059425248,0.028625261313496964,-0.04487966145978045,0.003723748846824415,0.3770742077145569
hltv_2389654_103977_fut_vs_astralis_m1_mirage,1770059428.0,0,1,0.0,0.5,-0.07845274717719103,-0.2504877804217215,0.052187586445702094,-0.004609985807718042,0.02242488297657541,0.029647301348216193,-0.11226886721492119,-0.34235087876858805,0.06328435820880635,0.11062724376733091,0.04094589235487489,0.032136216669689355,
hltv_2389654_103977_fut_vs_astralis_m1_mirage,1770059428.0,1,0,0.0,0.5,-0.07845274717719103,-0.2504877804217215,0.052187586445702094,-0.004609985807718042,0.02242488297657541,0.029647301348216193,-0.11226886721492119,-0.34235087876858805,0.06328435820880635,0.11062724376733091,0.04094589235487489,0.032136216669689355,
hltv_2389653_103979_furia_vs_natus_vincere_m2_inferno,1770063573.0,1,0,-0.27777777777777773,0.6388888888888888,0.002074994845144229,-0.002699289634617741,0.08754443996306194,0.05800347325646249,0.0521403893775208,0.03766960910548289,0.010285490402188624,-0.06570048378814958,-0.04065774810895467,-0.5551655724334865,-0.008668011210097692,-0.16013030620413243,0.4804423565163537
hltv_2389653_103979_furia_vs_natus_vincere_m2_inferno,1770063573.0,0,1,-0.27777777777777773,0.6388888888888888,0.002074994845144229,-0.002699289634617741,0.08754443996306194,0.05800347325646249,0.0521403893775208,0.03766960910548289,0.010285490402188624,-0.06570048378814958,-0.04065774810895467,-0.5551655724334865,-0.008668011210097692,-0.16013030620413243,0.4804423565163537
hltv_2389654_103977_fut_vs_astralis_m2_overpass,1770063667.0,1,0,0.0,0.5,-0.00214837279953195,-0.018567357670979057,-0.058870703152627435,-0.11862277338512905,-0.03329010725344128,-0.04946948689665659,-0.015715559278230873,0.11156121570439437,0.028194962927944822,0.18266367670113948,0.0005075575416660372,0.038631600904322716,-0.4402441895939015
hltv_2389654_103977_fut_vs_astralis_m2_overpass,1770063667.0,0,1,0.0,0.5,-0.00214837279953195,-0.018567357670979057,-0.058870703152627435,-0.11862277338512905,-0.03329010725344128,-0.04946948689665659,-0.015715559278230873,0.11156121570439437,0.028194962927944822,0.18266367670113948,0.0005075575416660372,0.038631600904322716,-0.4402441895939015
hltv_2389656_103994_3dmax_vs_falcons_m1_anubis,1770126018.0,1,0,-0.1923076923076923,0.6923076923076923,-0.19269149111823086,-0.2696718848148084,-0.004788991570818246,-0.006943444358043505,0.05770242291983119,-0.029261137303977724,-0.12029741413623629,-0.33344279200678245,0.008408574587196904,-0.07148877799875275,0.020740724507335162,-0.16178064202393627,0.41632512203981104
hltv_2389656_103994_3dmax_vs_falcons_m1_anubis,1770126018.0,1,1,-0.1923076923076923,0.6923076923076923,-0.19269149111823086,-0.2696718848148084,-0.004788991570818246,-0.006943444358043505,0.05770242291983119,-0.029261137303977724,-0.12029741413623629,-0.33344279200678245,0.008408574587196904,-0.07148877799875275,0.020740724507335162,-0.16178064202393627,0.41632512203981104
hltv_2389656_103994_3dmax_vs_falcons_m2_dust2,1770129795.0,0,0,0.0892857142857143,0.5892857142857143,0.0038933890506805957,0.02520127127461841,0.0690407285038504,0.036600612713445,0.03194698159991455,0.020092731333090086,0.00431109702166832,0.005822236166169559,-0.029322498349043047,-0.14598962328368054,-0.032363844013366894,-0.0659541754004283,0.41632512203981104
hltv_2389656_103994_3dmax_vs_falcons_m2_dust2,1770129795.0,1,1,0.0892857142857143,0.5892857142857143,0.0038933890506805957,0.02520127127461841,0.0690407285038504,0.036600612713445,0.03194698159991455,0.020092731333090086,0.00431109702166832,0.005822236166169559,-0.029322498349043047,-0.14598962328368054,-0.032363844013366894,-0.0659541754004283,0.41632512203981104
hltv_2389655_103995_mouz_vs_faze_m2_inferno,1770130289.0,1,1,-0.1923076923076923,0.5,0.036198713743478494,0.16662773638649742,-0.07331506045486902,-0.05599427580445987,0.011615699893105291,-0.011143861584076153,-0.13791248477066909,-0.15602395978473133,-0.07426468260863678,-0.07384101040437357,0.04154351181527094,-0.06409554719885169,
hltv_2389655_103995_mouz_vs_faze_m2_inferno,1770130289.0,1,0,-0.1923076923076923,0.5,0.036198713743478494,0.16662773638649742,-0.07331506045486902,-0.05599427580445987,0.011615699893105291,-0.011143861584076153,-0.13791248477066909,-0.15602395978473133,-0.07426468260863678,-0.07384101040437357,0.04154351181527094,-0.06409554719885169,
hltv_2389657_104002_astralis_vs_furia_m1_overpass,1770135643.0,0,1,-0.10869565217391303,0.5,0.28484972672528375,0.22956968922910537,-0.0013488378231695242,-0.04842595846341108,-0.09091686164988771,-0.09583184665239047,0.3800040120477232,0.40875761876615335,0.046653071710712535,0.0523529639215663,-0.10250480268654366,-0.051972670684684974,0.09670523039189287
hltv_2389657_104002_astralis_vs_furia_m1_overpass,1770135643.0,1,0,-0.10869565217391303,0.5,0.28484972672528375,0.22956968922910537,-0.0013488378231695242,-0.04842595846341108,-0.09091686164988771,-0.09583184665239047,0.3800040120477232,0.40875761876615335,0.046653071710712535,0.0523529639215663,-0.10250480268654366,-0.051972670684684974,0.09670523039189287
hltv_2389659_104003_g2_vs_spirit_m1_anubis,1770135838.0,0,0,0.0,0.5,-0.3476888770154542,-0.17373673894813346,-0.16463127072722478,-0.11856543629454297,-0.017059798313148966,-0.06649513368673321,-0.30350591618922557,-0.13564965794748263,-0.0034890393544186327,-0.04487282836769807,0.03834619933011679,-0.002117041482191162,
hltv_2389659_104003_g2_vs_spirit_m1_anubis,1770135838.0,1,1,0.0,0.5,-0.3476888770154542,-0.17373673894813346,-0.16463127072722478,-0.11856543629454297,-0.017059798313148966,-0.06649513368673321,-0.30350591618922557,-0.13564965794748263,-0.0034890393544186327,-0.04487282836769807,0.03834619933011679,-0.002117041482191162,
hltv_2389657_104002_astralis_vs_furia_m2_mirage,1770139710.0,1,0,-0.0892857142857143,0.5,-0.01876756099520982,-0.002446960901350159,-0.05545801758954505,-0.07911388280801196,-0.040378662454828906,-0.05637913470375988,0.004051108552320382,-0.000983477026355789,-0.03031662900178206,-0.05129589045335248,-0.02559581536090083,-0.07925611824389767,-0.03205073431407572
hltv_2389657_104002_astralis_vs_furia_m2_mirage,1770139710.0,1,1,-0.0892857142857143,0.5,-0.01876756099520982,-0.002446960901350159,-0.05545801758954505,-0.07911388280801196,-0.040378662454828906,-0.05637913470375988,0.004051108552320382,-0.000983477026355789,-0.03031662900178206,-0.05129589045335248,-0.02559581536090083,-0.07925611824389767,-0.03205073431407572
hltv_2389659_104003_g2_vs_spirit_m2_overpass,1770139987.0,1,1,0.0,0.5,-0.003647217960146776,0.021531522940061054,-0.047329495035802915,0.014409132147392978,-0.02409375872126196,-0.009127802903900306,0.008067087974087395,0.08873808189655086,0.03814834755079205,0.18569707307902683,0.015390821416022715,0.040728373832143505,-0.41635091575341543
hltv_2389659_104003_g2_vs_spirit_m2_overpass,1770139987.0,0,0,0.0,0.5,-0.003647217960146776,0.021531522940061054,-0.047329495035802915,0.014409132147392978,-0.02409375872126196,-0.009127802903900306,0.008067087974087395,0.08873808189655086,0.03814834755079205,0.18569707307902683,0.015390821416022715,0.040728373832143505,-0.41635091575341543
hltv_2389658_104008_vitality_vs_aurora_m2_overpass,1770154090.0,0,1,0.3010033444816054,0.6086956521739131,-0.1377358800907177,-0.26561825797448,-0.03521611312867695,-0.032270979554288426,0.002460063743628338,-0.004465532738040179,0.0503636410297601,-0.11490317310365677,0.09305764667801247,0.10096322016982573,-0.009274430260416522,0.06654861050249294,-0.4128133593587102
hltv_2389658_104008_vitality_vs_aurora_m2_overpass,1770154090.0,1,0,0.3010033444816054,0.6086956521739131,-0.1377358800907177,-0.26561825797448,-0.03521611312867695,-0.032270979554288426,0.002460063743628338,-0.004465532738040179,0.0503636410297601,-0.11490317310365677,0.09305764667801247,0.10096322016982573,-0.009274430260416522,0.06654861050249294,-0.4128133593587102
hltv_2389660_104011_falcons_vs_mouz_m2_dust2,1770156369.0,1,0,0.1650432900432901,0.5757575757575758,-0.14132877764989638,-0.028069227598008006,-0.10073826791229257,-0.017757317125748573,-0.008733722394297816,-0.01631837265055991,-0.04665820346873362,-0.07931381905947776,-0.025394811507654325,-0.12111969360053401,0.02165701293647526,-0.012717481658999052,0.0038453369322621056
hltv_2389660_104011_falcons_vs_mouz_m2_dust2,1770156369.0,1,1,0.1650432900432901,0.5757575757575758,-0.14132877764989638,-0.028069227598008006,-0.10073826791229257,-0.017757317125748573,-0.008733722394297816,-0.01631837265055991,-0.04665820346873362,-0.07931381905947776,-0.025394811507654325,-0.12111969360053401,0.02165701293647526,-0.012717481658999052,0.0038453369322621056
hltv_2389661_104067_furia_vs_aurora_m2_mirage,1770395646.0,1,0,-0.0892857142857143,0.5892857142857143,0.03558520050015401,0.2423360223173217,-0.016629462420553465,0.04200627592290518,-0.003535776321154316,-0.04543904771024909,0.08735479752157721,0.2438381741740664,-0.05201291149999698,0.05358404229381636,-0.007749070375975775,-0.03337323137662079,0.01222741069417078
hltv_2389661_104067_furia_vs_aurora_m2_mirage,1770395646.0,1,1,-0.0892857142857143,0.5892857142857143,0.03558520050015401,0.2423360223173217,-0.016629462420553465,0.04200627592290518,-0.003535776321154316,-0.04543904771024909,0.08735479752157721,0.2438381741740664,-0.05201291149999698,0.05358404229381636,-0.007749070375975775,-0.03337323137662079,0.01222741069417078
hltv_2389664_104113_vitality_vs_mouz_m2_dust2,1770497948.0,0,0,0.012626262626262597,0.3611111111111111,-0.2929839607226858,-0.2167239258229659,0.03227052012910947,0.028454436463309363,0.07410013754376032,0.0497740073105048,-0.33982699940270855,-0.19850844792916988,0.05583442312644593,-0.010890379884719859,0.037384488145510264,0.0035446135196399164,0.5241295893923535
hltv_2389664_104113_vitality_vs_mouz_m2_dust2,1770497948.0,1,1,0.012626262626262597,0.3611111111111111,-0.2929839607226858,-0.2167239258229659,0.03227052012910947,0.028454436463309363,0.07410013754376032,0.0497740073105048,-0.33982699940270855,-0.19850844792916988,0.05583442312644593,-0.010890379884719859,0.037384488145510264,0.0035446135196399164,0.5241295893923535
hltv_2389665_104123_spirit_vs_mouz_m2_mirage,1770560071.0,0,0,-0.13157894736842107,0.5,0.3094454597681256,0.3453990221537513,-0.028735006168188137,0.05831472143913086,-0.0778020938899634,-0.01628581838536336,0.29986154379999125,0.37103532046793153,-0.042068689010293314,0.06066980594171684,-0.06741676146960585,0.08846492004230122,-0.282047569614549
hltv_2389665_104123_spirit_vs_mouz_m2_mirage,1770560071.0,0,1,-0.13157894736842107,0.5,0.3094454597681256,0.3453990221537513,-0.028735006168188137,0.05831472143913086,-0.0778020938899634,-0.01628581838536336,0.29986154379999125,0.37103532046793153,-0.042068689010293314,0.06066980594171684,-0.06741676146960585,0.08846492004230122,-0.282047569614549
hltv_2389666_104141_furia_vs_vitality_m3_nuke,1770576742.0,0,0,0.17448512585812354,0.5657894736842105,-0.15098947788166733,-0.020700530274176954,-0.07921428839695294,-0.05207360801638122,0.05823950941342282,-0.017101270847758365,-0.2593715637638456,-0.0874593669512741,-0.02956403378929412,-0.06504239618051938,0.04558197466153946,-0.010416359221469884,-0.33685889847343337
hltv_2389666_104141_furia_vs_vitality_m3_nuke,1770576742.0,0,1,0.17448512585812354,0.5657894736842105,-0.15098947788166733,-0.020700530274176954,-0.07921428839695294,-0.05207360801638122,0.05823950941342282,-0.017101270847758365,-0.2593715637638456,-0.0874593669512741,-0.02956403378929412,-0.06504239618051938,0.04558197466153946,-0.010416359221469884,-0.33685889847343337
hltv_2389666_104141_furia_vs_vitality_m4_overpass,1770581733.0,0,1,0.0,0.5,0.004525364594297976,-0.00498854275913474,-0.1403698777208271,-0.23584238873030966,-0.08748150018427714,-0.12327128891455408,0.016615811904133082,-0.008664033724018444,-0.01745993603760776,-0.06954168906387526,-0.014304193658765008,-0.02928920276879915,-0.4683112407194617
hltv_2389666_104141_furia_vs_vitality_m4_overpass,1770581733.0,1,0,0.0,0.5,0.004525364594297976,-0.00498854275913474,-0.1403698777208271,-0.23584238873030966,-0.08748150018427714,-0.12327128891455408,0.016615811904133082,-0.008664033724018444,-0.01745993603760776,-0.06954168906387526,-0.014304193658765008,-0.02928920276879915,-0.4683112407194617
hltv_2389948_104317_aurora_vs_fut_m1_mirage,1771061989.6006212,0,1,0.0,0.5,0.18142935601633486,0.25133315187499117,-0.11095688457213432,-0.07905970146491814,-0.03064832841784837,-0.09079748939117638,0.12694834649866327,0.2883195663210233,-0.032468210612733917,-0.012885261422644179,-0.04416681501384845,0.020213187174997427,-0.13226440328203357
hltv_2389948_104317_aurora_vs_fut_m1_mirage,1771061989.6006212,0,0,0.0,0.5,0.18142935601633486,0.25133315187499117,-0.11095688457213432,-0.07905970146491814,-0.03064832841784837,-0.09079748939117638,0.12694834649866327,0.2883195663210233,-0.032468210612733917,-0.012885261422644179,-0.04416681501384845,0.020213187174997427,-0.13226440328203357
hltv_2389947_104312_natus_vincere_vs_astralis_m1_nuke,1771061993.6640399,1,0,-0.19798136645962738,0.6086956521739131,-0.18457524186551105,0.02593417783676094,-0.1801490298006696,-0.11052981717337085,0.011154069703813552,-0.02179292769316593,-0.2462274236927725,0.13789517164905907,-0.12729846438431935,-5.676389207068255e-05,0.06143552773668548,-0.004645313646010452,0.15512174339572246
hltv_2389947_104312_natus_vincere_vs_astralis_m1_nuke,1771061993.6640399,0,1,-0.19798136645962738,0.6086956521739131,-0.18457524186551105,0.02593417783676094,-0.1801490298006696,-0.11052981717337085,0.011154069703813552,-0.02179292769316593,-0.2462274236927725,0.13789517164905907,-0.12729846438431935,-5.676389207068255e-05,0.06143552773668548,-0.004645313646010452,0.15512174339572246
hltv_2389947_104312_natus_vincere_vs_astralis_m2_mirage,1771064686.0282722,0,1,-0.16504329004329005,0.5892857142857143,0.005563853248643058,-0.003225295397373096,-0.07080257788017424,-0.04729185152131399,-0.03589513638123648,-0.031168036305711078,-0.001849732198885623,-0.008301025136872309,0.0323826249901738,0.013581725909563913,0.019790158237729727,0.01968714751459366,0.03579662345585879
hltv_2389947_104312_natus_vincere_vs_astralis_m2_mirage,1771064686.0282722,0,0,-0.16504329004329005,0.5892857142857143,0.005563853248643058,-0.003225295397373096,-0.07080257788017424,-0.04729185152131399,-0.03589513638123648,-0.031168036305711078,-0.001849732198885623,-0.008301025136872309,0.0323826249901738,0.013581725909563913,0.019790158237729727,0.01968714751459366,0.03579662345585879
hltv_2389948_104317_aurora_vs_fut_m2_anubis,1771068762.756181,0,1,-0.1744851258581236,0.6086956521739131,-7.670136853760168e-05,-0.027015892767572935,-0.015094198341139231,-0.0978912933246695,-0.00486296358560967,-0.039004976854270845,-0.004168411913753167,-0.018152294287205495,0.02633855617353642,-0.034848602734333184,0.04568737595054018,0.01552094418293326,-0.22567024736104602
hltv_2389948_104317_aurora_vs_fut_m2_anubis,1771068762.756181,0,0,-0.1744851258581236,0.6086956521739131,-7.670136853760168e-05,-0.027015892767572935,-0.015094198341139231,-0.0978912933246695,-0.00486296358560967,-0.039004976854270845,-0.004168411913753167,-0.018152294287205495,0.02633855617353642,-0.034848602734333184,0.04568737595054018,0.01552094418293326,-0.22567024736104602
hltv_2389948_104317_aurora_vs_fut_m3_overpass,1771068882.9695184,0,1,-0.29485049833887045,0.6785714285714286,0.0015626602995393313,-0.009316398384259073,0.055479450623372784,0.030351363213567184,0.031330894058649805,0.021448962073062905,0.0014848423819256995,-0.057378104125354434,-0.01018702362656082,-0.3147891966188583,-0.011603620845792584,-0.08772427109611147,-0.08109435488264498
hltv_2389948_104317_aurora_vs_fut_m3_overpass,1771068882.9695184,0,0,-0.29485049833887045,0.6785714285714286,0.0015626602995393313,-0.009316398384259073,0.055479450623372784,0.030351363213567184,0.031330894058649805,0.021448962073062905,0.0014848423819256995,-0.057378104125354434,-0.01018702362656082,-0.3147891966188583,-0.011603620845792584,-0.08772427109611147,-0.08109435488264498
hltv_2389950_104327_faze_vs_heroic_m1_overpass,1771078675.386639,1,1,,,,,,,,,,,,,,,
hltv_2389950_104327_faze_vs_heroic_m1_overpass,1771078675.386639,0,0,,,,,,,,,,,,,,,
hltv_2389952_104340_falcons_vs_3dmax_m1_nuke,1771087171.105233,0,1,0.13157894736842102,0.631578947368421,0.15320126459263395,0.05086424736292583,0.018866917689332907,-0.01840066713056293,0.009172466767512044,0.007873670334388627,0.03682482876890414,0.16427657366108178,-0.013152875335836811,-0.09986578566292165,0.005883993090407269,0.045504443787554305,0.41632512203981104
hltv_2389952_104340_falcons_vs_3dmax_m1_nuke,1771087171.105233,1,0,0.13157894736842102,0.631578947368421,0.15320126459263395,0.05086424736292583,0.018866917689332907,-0.01840066713056293,0.009172466767512044,0.007873670334388627,0.03682482876890414,0.16427657366108178,-0.013152875335836811,-0.09986578566292165,0.005883993090407269,0.045504443787554305,0.41632512203981104
hltv_2389951_104352_vitality_vs_g2_m3_anubis,1771093388.2211227,0,0,0.0,0.5,0.04500244202866416,0.03989508268119865,0.003763517207523104,-0.05561367029066344,-0.0004402171069214367,-0.007936552465864222,-0.012570176420481527,0.009626942675602518,-0.012455130920045965,-0.0684962389464851,0.030427274791272496,-0.020684423722262313,0.3204442766874608
hltv_2389951_104352_vitality_vs_g2_m3_anubis,1771093388.2211227,0,1,0.0,0.5,0.04500244202866416,0.03989508268119865,0.003763517207523104,-0.05561367029066344,-0.0004402171069214367,-0.007936552465864222,-0.012570176420481527,0.009626942675602518,-0.012455130920045965,-0.0684962389464851,0.030427274791272496,-0.020684423722262313,0.3204442766874608
hltv_2389954_104361_the_mongolz_vs_pain_m2_mirage,1771096890.3104131,0,1,,,,,,,,,,,,,,,
hltv_2389954_104361_the_mongolz_vs_pain_m2_mirage,1771096890.3104131,0,0,,,,,,,,,,,,,,,
hltv_2389954_104361_the_mongolz_vs_pain_m1_nuke,1771096890.9878044,1,0,-0.4910714285714286,0.6785714285714286,-0.018784765308840434,-0.06452595666002803,-0.1080872529131161,-0.16860209981980484,-0.06144919853921621,-0.06938320462467035,0.0006237988584133491,-0.016913878426821294,-0.027710212332290707,-0.04459425793613067,-0.02863864290433893,-0.019164497823476567,-0.7172637871986012
hltv_2389954_104361_the_mongolz_vs_pain_m1_nuke,1771096890.9878044,0,1,-0.4910714285714286,0.6785714285714286,-0.018784765308840434,-0.06452595666002803,-0.1080872529131161,-0.16860209981980484,-0.06144919853921621,-0.06938320462467035,0.0006237988584133491,-0.016913878426821294,-0.027710212332290707,-0.04459425793613067,-0.02863864290433893,-0.019164497823476567,-0.7172637871986012
hltv_2389954_104361_the_mongolz_vs_pain_m3_dust2,1771098095.7540007,0,0,-0.3238866396761133,0.631578947368421,0.0036252606107191054,0.03269827416241666,0.005816086346264404,0.04687855085286868,0.005996107711683463,0.017484008428690245,0.004831227983458475,-0.015413640505051951,-0.03930507846387088,-0.01690529849003916,-0.01694843311767802,-0.0028149179759479614,-0.2803019651541585
hltv_2389954_104361_the_mongolz_vs_pain_m3_dust2,1771098095.7540007,0,1,-0.3238866396761133,0.631578947368421,0.0036252606107191054,0.03269827416241666,0.005816086346264404,0.04687855085286868,0.005996107711683463,0.017484008428690245,0.004831227983458475,-0.015413640505051951,-0.03930507846387088,-0.01690529849003916,-0.01694843311767802,-0.0028149179759479614,-0.2803019651541585
hltv_2389953_104363_furia_vs_b8_m2_inferno,1771100851.4503412,1,0,,,,,,,,,,,,,,,
hltv_2389953_104363_furia_vs_b8_m2_inferno,1771100851.4503412,0,1,,,,,,,,,,,,,,,
hltv_2389956_104371_3dmax_vs_astralis_m1_overpass,1771147641.8305657,1,0,-0.13157894736842107,0.5,-0.1964872748524381,-0.10206017288175906,-0.018202178282834103,-0.009379073795192483,0.010710520831702541,-0.010289373860882911,-0.19924413451902934,-0.05310649013566471,-0.029530042612070873,-0.0015293920328056099,-0.004096251937481643,0.09521880821500939,0.4368096517068203
hltv_2389956_104371_3dmax_vs_astralis_m1_overpass,1771147641.8305657,1,1,-0.13157894736842107,0.5,-0.1964872748524381,-0.10206017288175906,-0.018202178282834103,-0.009379073795192483,0.010710520831702541,-0.010289373860882911,-0.19924413451902934,-0.05310649013566471,-0.029530042612070873,-0.0015293920328056099,-0.004096251937481643,0.09521880821500939,0.4368096517068203
hltv_2389956_104371_3dmax_vs_astralis_m2_nuke,1771150211.4325378,1,1,0.017618040873854823,0.4418604651162791,0.053657112924449524,0.07103337684984634,0.08915457818214667,0.04331990763932825,0.06146118585954147,0.002707450561642566,-0.009503111200723446,0.001779681130395394,-0.028367736821045264,-0.14927659344512617,-0.03687295197597096,-0.08396424737019381,0.449264734911323
hltv_2389956_104371_3dmax_vs_astralis_m2_nuke,1771150211.4325378,0,0,0.017618040873854823,0.4418604651162791,0.053657112924449524,0.07103337684984634,0.08915457818214667,0.04331990763932825,0.06146118585954147,0.002707450561642566,-0.009503111200723446,0.001779681130395394,-0.028367736821045264,-0.14927659344512617,-0.03687295197597096,-0.08396424737019381,0.449264734911323
hltv_2389955_104372_natus_vincere_vs_mouz_m2_mirage,1771150878.538859,1,0,0.32593375616631426,0.6515151515151515,0.08558115060706661,0.041322696120312474,0.16559819273309206,0.1775025202223951,0.06849658493425875,0.05366617316298272,0.0761240395079697,0.06368948898493809,-0.01824310091403003,0.01286511647047256,0.031491979643445134,0.03517782655028512,0.2605155071831522
hltv_2389955_104372_natus_vincere_vs_mouz_m2_mirage,1771150878.538859,0,1,0.32593375616631426,0.6515151515151515,0.08558115060706661,0.041322696120312474,0.16559819273309206,0.1775025202223951,0.06849658493425875,0.05366617316298272,0.0761240395079697,0.06368948898493809,-0.01824310091403003,0.01286511647047256,0.031491979643445134,0.03517782655028512,0.2605155071831522
hltv_2389958_104377_g2_vs_parivision_m2_inferno,1771160600.947579,0,0,0.125,0.625,0.3356542049721066,0.3417374906385411,-0.07660773874339022,-0.05412765484277593,-0.07597400208187155,-0.08079296858185914,0.27364680684297105,0.30886311151812573,-0.0016629248861900758,0.037868020828567606,-0.06942226818276143,-0.0350781897068565,-0.006580269844881657
hltv_2389958_104377_g2_vs_parivision_m2_inferno,1771160600.947579,1,1,0.125,0.625,0.3356542049721066,0.3417374906385411,-0.07660773874339022,-0.05412765484277593,-0.07597400208187155,-0.08079296858185914,0.27364680684297105,0.30886311151812573,-0.0016629248861900758,0.037868020828567606,-0.06942226818276143,-0.0350781897068565,-0.006580269844881657
hltv_2389958_104377_g2_vs_parivision_m1_mirage,1771160604.0111716,1,1,0.09999999999999998,0.6,-0.0030007399677259294,-0.014962056238120358,-0.017969454879121383,-0.08172732930154303,-0.018505933565612698,-0.0340014887707456,-0.017888596532486978,-0.023612641418354507,-0.04022648566740189,-0.018464909753084457,-0.013954296318839543,-0.0057981082109190285,-0.17902216248166897
hltv_2389958_104377_g2_vs_parivision_m1_mirage,1771160604.0111716,1,0,0.09999999999999998,0.6,-0.0030007399677259294,-0.014962056238120358,-0.017969454879121383,-0.08172732930154303,-0.018505933565612698,-0.0340014887707456,-0.017888596532486978,-0.023612641418354507,-0.04022648566740189,-0.018464909753084457,-0.013954296318839543,-0.0057981082109190285,-0.17902216248166897
hltv_2389958_104377_g2_vs_parivision_m3_dust2,1771161219.8985984,1,1,0.3055555555555555,0.6666666666666666,-0.004670807924284148,-0.008193188175457333,0.06011572382965663,0.025044908300334512,0.037565007624405566,0.02710037843005697,0.0072603416618068906,-0.011358582099606607,-0.06187130739869301,-0.0820040364356922,-0.020745567780796503,-0.022980620155836073,0.0812113600191336
hltv_2389958_104377_g2_vs_parivision_m3_dust2,1771161219.8985984,0,0,0.3055555555555555,0.6666666666666666,-0.004670807924284148,-0.008193188175457333,0.06011572382965663,0.025044908300334512,0.037565007624405566,0.02710037843005697,0.0072603416618068906,-0.011358582099606607,-0.06187130739869301,-0.0820040364356922,-0.020745567780796503,-0.022980620155836073,0.0812113600191336
hltv_2389957_104379_falcons_vs_faze_m2_dust2,1771161516.0749702,0,1,-0.11627906976744184,0.6162790697674418,-0.3158439584498975,-0.3432557030503821,0.020232840074370595,-0.014071477733074211,0.03696658565900662,0.037931561545933246,-0.23648899420652658,-0.4790100568204573,0.09019996399421493,-0.1504137474850664,0.03042459509428097,0.05385082879360853,
hltv_2389957_104379_falcons_vs_faze_m2_dust2,1771161516.0749702,1,0,-0.11627906976744184,0.6162790697674418,-0.3158439584498975,-0.3432557030503821,0.020232840074370595,-0.014071477733074211,0.03696658565900662,0.037931561545933246,-0.23648899420652658,-0.4790100568204573,0.09019996399421493,-0.1504137474850664,0.03042459509428097,0.05385082879360853,
hltv_2389957_104379_falcons_vs_faze_m3_ancient,1771162568.0680895,0,0,-0.10416666666666663,0.6041666666666666,-0.006628825860811038,0.0022326268030581353,0.031746467579160886,-0.0005749002373937606,0.0169958258643218,0.014290629318387094,0.007708804737880159,-0.05885728448423416,0.014330917667659815,-0.08499606460212206,-0.00043528469379633394,-0.03514259583125606,
hltv_2389957_104379_falcons_vs_faze_m3_ancient,1771162568.0680895,1,1,-0.10416666666666663,0.6041666666666666,-0.006628825860811038,0.0022326268030581353,0.031746467579160886,-0.0005749002373937606,0.0169958258643218,0.014290629318387094,0.007708804737880159,-0.05885728448423416,0.014330917667659815,-0.08499606460212206,-0.00043528469379633394,-0.03514259583125606,
hltv_2389960_104385_aurora_vs_pain_m2_anubis,1771172163.7666626,0,1,0.12152777777777779,0.34375,-0.27102540046299495,-0.2087558541247248,0.08209418599549473,0.08779790955366534,0.10416646507242572,0.11725901490860424,-0.272235493331066,0.023078177630496077,0.08690270328551258,0.16067069261962147,0.009163159164992885,0.3483616292772142,0.36449286191607666
hltv_2389960_104385_aurora_vs_pain_m2_anubis,1771172163.7666626,1,0,0.12152777777777779,0.34375,-0.27102540046299495,-0.2087558541247248,0.08209418599549473,0.08779790955366534,0.10416646507242572,0.11725901490860424,-0.272235493331066,0.023078177630496077,0.08690270328551258,0.16067069261962147,0.009163159164992885,0.3483616292772142,0.36449286191607666
hltv_2389960_104385_aurora_vs_pain_m1_nuke,1771172164.130664,1,1,0.07588187038556193,0.3584905660377358,0.001713193391839618,-0.005655439438927434,0.12504411908482072,0.14255856352853546,0.07341003031403909,0.08030164399160888,-0.0017205290744701784,0.08998145653715983,-0.007321412141124417,0.11215466242920313,0.012203338270386055,0.029840101959604404,0.4362889347396115
hltv_2389960_104385_aurora_vs_pain_m1_nuke,1771172164.130664,0,0,0.07588187038556193,0.3584905660377358,0.001713193391839618,-0.005655439438927434,0.12504411908482072,0.14255856352853546,0.07341003031403909,0.08030164399160888,-0.0017205290744701784,0.08998145653715983,-0.007321412141124417,0.11215466242920313,0.012203338270386055,0.029840101959604404,0.4362889347396115
hltv_2389959_104390_furia_vs_fut_m1_mirage,1771172654.5914345,0,1,-0.2272727272727273,0.7272727272727273,0.41965486410915637,0.2562208734082587,0.07262864393601698,-0.007795696155042275,-0.07368128854265404,-0.08090052737432524,0.3098546861423576,0.3197845697242295,-0.003546785566390376,-0.02409751442932606,-0.05325099061273153,-0.03065010505782373,-0.06760841441336536
hltv_2389959_104390_furia_vs_fut_m1_mirage,1771172654.5914345,0,0,-0.2272727272727273,0.7272727272727273,0.41965486410915637,0.2562208734082587,0.07262864393601698,-0.007795696155042275,-0.07368128854265404,-0.08090052737432524,0.3098546861423576,0.3197845697242295,-0.003546785566390376,-0.02409751442932606,-0.05325099061273153,-0.03065010505782373,-0.06760841441336536
hltv_2389959_104390_furia_vs_fut_m2_overpass,1771172666.5368783,0,0,-0.3062613430127042,0.7631578947368421,0.0012972557560585463,-0.005129274416438789,-0.030717797487275933,-0.04296812816051465,-0.013802859128878964,-0.027005671792702746,0.006665114177247633,-0.04344653818834465,-0.02097186070078838,-0.20097789997885643,0.02549156616800108,-0.027981796473403597,-0.09077002721885173
hltv_2389959_104390_furia_vs_fut_m2_overpass,1771172666.5368783,1,1,-0.3062613430127042,0.7631578947368421,0.0012972557560585463,-0.005129274416438789,-0.030717797487275933,-0.04296812816051465,-0.013802859128878964,-0.027005671792702746,0.006665114177247633,-0.04344653818834465,-0.02097186070078838,-0.20097789997885643,0.02549156616800108,-0.027981796473403597,-0.09077002721885173
hltv_2389962_104394_b8_vs_heroic_m2_ancient,1771178907.4308784,0,1,0.0,0.5,-0.4226729059880728,-0.2719151221153893,-0.09264484557218222,-0.03577584707987497,0.05230054712871668,0.06601676943507595,-0.3298649524902989,-0.3426138911217791,-0.023438166802756788,0.1791335583859371,0.05543103624666851,0.02919760954330225,
hltv_2389962_104394_b8_vs_heroic_m2_ancient,1771178907.4308784,0,0,0.0,0.5,-0.4226729059880728,-0.2719151221153893,-0.09264484557218222,-0.03577584707987497,0.05230054712871668,0.06601676943507595,-0.3298649524902989,-0.3426138911217791,-0.023438166802756788,0.1791335583859371,0.05543103624666851,0.02919760954330225,
hltv_2389961_104404_vitality_vs_the_mongolz_m2_dust2,1771185698.216049,0,0,-0.2741228070175439,0.7083333333333334,0.057574238890467866,0.11613741558766016,-0.03800337545611371,-0.14858140200943282,-0.002550627054962007,-0.02581478971825235,-0.05073319276300625,0.013725122831189651,0.01302934792209548,-0.43058351800377487,0.011283893012304425,0.14105453960322073,0.2066822742601377
hltv_2389961_104404_vitality_vs_the_mongolz_m2_dust2,1771185698.216049,1,1,-0.2741228070175439,0.7083333333333334,0.057574238890467866,0.11613741558766016,-0.03800337545611371,-0.14858140200943282,-0.002550627054962007,-0.02581478971825235,-0.05073319276300625,0.013725122831189651,0.01302934792209548,-0.43058351800377487,0.011283893012304425,0.14105453960322073,0.2066822742601377
hltv_2389961_104404_vitality_vs_the_mongolz_m1_mirage,1771185699.5924711,1,1,-0.2305533279871692,0.6724137931034483,0.006680750279905556,0.07016283434252779,0.12782427358984855,0.16321692193746173,0.06251425337230448,0.05921671716059512,1.8169293327985336e-05,-0.019435483430113087,-0.010094946086722068,-0.06044573027285799,-0.012581322227836311,-0.0279868721961975,0.3203167963989277
hltv_2389961_104404_vitality_vs_the_mongolz_m1_mirage,1771185699.5924711,1,0,-0.2305533279871692,0.6724137931034483,0.006680750279905556,0.07016283434252779,0.12782427358984855,0.16321692193746173,0.06251425337230448,0.05921671716059512,1.8169293327985336e-05,-0.019435483430113087,-0.010094946086722068,-0.06044573027285799,-0.012581322227836311,-0.0279868721961975,0.3203167963989277
hltv_2389961_104404_vitality_vs_the_mongolz_m3_nuke,1771186052.7896562,1,1,-0.07352941176470584,0.5735294117647058,0.0012850845502129227,-0.009713497583574648,-0.017816618292279818,0.006880921156735609,-0.005309610728812253,-0.002543394017726186,0.00776185303023369,-0.06760112394444273,-0.015542053815090329,-0.15004820394461016,0.0038041590289636384,-0.06079577909130762,0.2369587841580471
hltv_2389961_104404_vitality_vs_the_mongolz_m3_nuke,1771186052.7896562,0,0,-0.07352941176470584,0.5735294117647058,0.0012850845502129227,-0.009713497583574648,-0.017816618292279818,0.006880921156735609,-0.005309610728812253,-0.002543394017726186,0.00776185303023369,-0.06760112394444273,-0.015542053815090329,-0.15004820394461016,0.0038041590289636384,-0.06079577909130762,0.2369587841580471
hltv_2389964_104425_faze_vs_parivision_m1_mirage,1771237366.1370647,1,1,0.10869565217391303,0.5,-0.0948983847770446,-0.13955162606209504,-0.14790229340854,-0.1832671924083642,-0.030194308622088495,-0.03673982296720202,-0.007404072183583521,0.16372383055422812,0.008758324359854075,0.018723444934601458,0.019285366056220887,0.10519328101104419,
hltv_2389964_104425_faze_vs_parivision_m1_mirage,1771237366.1370647,1,0,0.10869565217391303,0.5,-0.0948983847770446,-0.13955162606209504,-0.14790229340854,-0.1832671924083642,-0.030194308622088495,-0.03673982296720202,-0.007404072183583521,0.16372383055422812,0.008758324359854075,0.018723444934601458,0.019285366056220887,0.10519328101104419,
hltv_2389963_104429_natus_vincere_vs_aurora_m1_anubis,1771237382.2445998,1,0,-0.2608892921960072,0.631578947368421,0.23418107186208653,0.06284657744436545,0.0643210044094204,0.060198982488145925,0.015117259363152613,0.0055246773817762,0.09713401956240214,-0.37178692438423083,-0.005697231951552528,-0.09960664540127978,-0.0048981818873855,-0.2288654200171421,0.01117588194774512
hltv_2389963_104429_natus_vincere_vs_aurora_m1_anubis,1771237382.2445998,0,1,-0.2608892921960072,0.631578947368421,0.23418107186208653,0.06284657744436545,0.0643210044094204,0.060198982488145925,0.015117259363152613,0.0055246773817762,0.09713401956240214,-0.37178692438423083,-0.005697231951552528,-0.09960664540127978,-0.0048981818873855,-0.2288654200171421,0.01117588194774512
hltv_2389964_104425_faze_vs_parivision_m2_ancient,1771237387.282328,1,0,0.24436090225563906,0.5657894736842105,-0.004223766672689422,-0.045316520505067515,0.2125550580175695,0.14439911639211028,0.11794135584547705,0.08167201289906556,0.005953643816455689,-0.014322519322836735,0.018874987851557667,-0.007503887078948279,-0.0008983831731299019,0.013328940183906735,0.6745457546093998
hltv_2389964_104425_faze_vs_parivision_m2_ancient,1771237387.282328,0,1,0.24436090225563906,0.5657894736842105,-0.004223766672689422,-0.045316520505067515,0.2125550580175695,0.14439911639211028,0.11794135584547705,0.08167201289906556,0.005953643816455689,-0.014322519322836735,0.018874987851557667,-0.007503887078948279,-0.0008983831731299019,0.013328940183906735,0.6745457546093998
hltv_2389964_104425_faze_vs_parivision_m3_inferno,1771238989.727141,1,0,0.20965468639887241,0.5581395348837209,-0.003906596445122035,-0.02616702164353557,0.0021827855273799934,-0.02205293046393103,0.006698481147257684,0.003232037749350547,-0.0074718555169445144,0.034618305422703166,0.0208588945972068,-0.024711295368493813,0.011258345374039302,-0.01989086564201925,0.23685184822763383
hltv_2389964_104425_faze_vs_parivision_m3_inferno,1771238989.727141,0,1,0.20965468639887241,0.5581395348837209,-0.003906596445122035,-0.02616702164353557,0.0021827855273799934,-0.02205293046393103,0.006698481147257684,0.003232037749350547,-0.0074718555169445144,0.034618305422703166,0.0208588945972068,-0.024711295368493813,0.011258345374039302,-0.01989086564201925,0.23685184822763383
hltv_2389966_104430_fut_vs_astralis_m2_mirage,1771246308.4078553,1,1,-0.284641472868217,0.7325581395348837,0.2800560003786006,0.1928289132341655,-0.005227481541359602,-0.009761813692735266,-0.03843304293084754,-0.058690016060263195,0.21331928482414558,0.05136427018599271,-0.04348389375114581,0.10015598045150043,-0.06824585599241256,-0.07316863330481027,-0.03501847453343297
hltv_2389966_104430_fut_vs_astralis_m2_mirage,1771246308.4078553,0,0,-0.284641472868217,0.7325581395348837,0.2800560003786006,0.1928289132341655,-0.005227481541359602,-0.009761813692735266,-0.03843304293084754,-0.058690016060263195,0.21331928482414558,0.05136427018599271,-0.04348389375114581,0.10015598045150043,-0.06824585599241256,-0.07316863330481027,-0.03501847453343297
hltv_2389966_104430_fut_vs_astralis_m1_overpass,1771246316.4557352,1,0,-0.2555031446540881,0.7083333333333334,-0.004636873236927852,-0.04616962688181181,-0.07121905710218046,-0.10708540544997172,-0.04183302669870026,-0.047714119317286086,0.005223286327193766,-0.020511310067853117,-0.030070476905972365,-0.08856453241565615,-0.010308077852098196,-0.03298212331999284,-0.10193841077282383
hltv_2389966_104430_fut_vs_astralis_m1_overpass,1771246316.4557352,0,1,-0.2555031446540881,0.7083333333333334,-0.004636873236927852,-0.04616962688181181,-0.07121905710218046,-0.10708540544997172,-0.04183302669870026,-0.047714119317286086,0.005223286327193766,-0.020511310067853117,-0.030070476905972365,-0.08856453241565615,-0.010308077852098196,-0.03298212331999284,-0.10193841077282383
hltv_2389965_104434_the_mongolz_vs_b8_m1_ancient,1771253443.3200674,1,0,0.1282051282051282,0.6923076923076923,0.01815889412620475,0.014992494542260926,0.06798911974498567,0.08581752198871873,0.02784088732536888,0.0754247188458751,-0.0013731111906377658,-0.049572768615860185,-0.040776542335359156,0.03945876016716077,0.02555769942816355,0.07196690843911208,-0.03853677670221432
hltv_2389965_104434_the_mongolz_vs_b8_m1_ancient,1771253443.3200674,1,1,0.1282051282051282,0.6923076923076923,0.01815889412620475,0.014992494542260926,0.06798911974498567,0.08581752198871873,0.02784088732536888,0.0754247188458751,-0.0013731111906377658,-0.049572768615860185,-0.040776542335359156,0.03945876016716077,0.02555769942816355,0.07196690843911208,-0.03853677670221432
hltv_2389965_104434_the_mongolz_vs_b8_m2_mirage,1771253455.694282,0,1,0.2777777777777778,0.7777777777777778,0.010190732537213754,-0.02915838568785356,-0.01997141836863303,-0.1412421822766552,-0.00891379745046228,-0.04102069002811326,0.01745061041300111,0.019579860397191506,0.01913487438972178,0.0305978491729334,-0.0017444164798810502,0.02749678224909108,-0.12600738107928655
hltv_2389965_104434_the_mongolz_vs_b8_m2_mirage,1771253455.694282,0,0,0.2777777777777778,0.7777777777777778,0.010190732537213754,-0.02915838568785356,-0.01997141836863303,-0.1412421822766552,-0.00891379745046228,-0.04102069002811326,0.01745061041300111,0.019579860397191506,0.01913487438972178,0.0305978491729334,-0.0017444164798810502,0.02749678224909108,-0.12600738107928655
hltv_2389965_104434_the_mongolz_vs_b8_m3_nuke,1771253459.5579188,1,0,0.05767524401064783,0.6086956521739131,0.003207519857529373,0.0024020080409059563,0.024193851185170367,0.07956439370414481,0.026238873096979143,0.03492034215647022,0.019579010597571833,-0.08344046220419848,-0.04124565921529283,-0.14222567436342376,-0.0017441965651035507,-0.024488832127480265,-0.06681920014466547
hltv_2389965_104434_the_mongolz_vs_b8_m3_nuke,1771253459.5579188,1,1,0.05767524401064783,0.6086956521739131,0.003207519857529373,0.0024020080409059563,0.024193851185170367,0.07956439370414481,0.026238873096979143,0.03492034215647022,0.019579010597571833,-0.08344046220419848,-0.04124565921529283,-0.14222567436342376,-0.0017441965651035507,-0.024488832127480265,-0.06681920014466547
hltv_2389968_104436_3dmax_vs_heroic_m2_inferno,1771257642.3317566,0,0,0.12651821862348178,0.4342105263157895,-0.010086960050936122,-0.05519793965793168,0.018781250548629502,-0.024788479693288012,0.029883812662480358,0.009449278724777799,0.009344627677248862,-0.06216044287176242,0.006757291446129521,-0.20041567145492806,0.01883311518003461,-0.1270942474713565,-0.0735740503071945
hltv_2389968_104436_3dmax_vs_heroic_m2_inferno,1771257642.3317566,0,1,0.12651821862348178,0.4342105263157895,-0.010086960050936122,-0.05519793965793168,0.018781250548629502,-0.024788479693288012,0.029883812662480358,0.009449278724777799,0.009344627677248862,-0.06216044287176242,0.006757291446129521,-0.20041567145492806,0.01883311518003461,-0.1270942474713565,-0.0735740503071945
hltv_2389967_104441_mouz_vs_vitality_m2_inferno,1771261099.766168,1,1,0.15625,0.5,0.21987325613112102,0.08337894966798587,0.013988748851661126,0.011277166790073845,-0.014488691035484447,-0.06607213778894949,0.09180902223396148,-0.0759600688477634,0.00680545402249394,0.18685169750617436,-0.03820149445949411,-0.07214381494204403,0.49887256752647813
hltv_2389967_104441_mouz_vs_vitality_m2_inferno,1771261099.766168,0,0,0.15625,0.5,0.21987325613112102,0.08337894966798587,0.013988748851661126,0.011277166790073845,-0.014488691035484447,-0.06607213778894949,0.09180902223396148,-0.0759600688477634,0.00680545402249394,0.18685169750617436,-0.03820149445949411,-0.07214381494204403,0.49887256752647813
hltv_2389970_104443_g2_vs_pain_m1_inferno,1771264014.588214,1,0,-0.32142857142857145,0.6428571428571429,-0.0359810509220051,-0.02942567813072583,0.012400858305977758,-0.02782244221636615,0.05561505884575718,0.026962334208513683,-0.009142469392402042,-0.09180283420718477,-0.022310747308872114,-0.06510010522792503,0.01251893749634403,-0.09401422543103555,-0.279122819056111
hltv_2389970_104443_g2_vs_pain_m1_inferno,1771264014.588214,1,1,-0.32142857142857145,0.6428571428571429,-0.0359810509220051,-0.02942567813072583,0.012400858305977758,-0.02782244221636615,0.05561505884575718,0.026962334208513683,-0.009142469392402042,-0.09180283420718477,-0.022310747308872114,-0.06510010522792503,0.01251893749634403,-0.09401422543103555,-0.279122819056111
hltv_2389972_104462_faze_vs_astralis_m1_ancient,1771328972.217192,0,1,0.09518678160919541,0.5520833333333334,0.3359922777488777,0.24800017628132387,0.010644341226110465,-0.051691754806646284,-0.08389849972221902,-0.08116109880927841,0.3606657593452609,0.11718884922356765,0.016736230784145656,-0.07183867407177197,-0.08095178001636788,-0.0754551693266512,0.09886527263300551
hltv_2389972_104462_faze_vs_astralis_m1_ancient,1771328972.217192,0,0,0.09518678160919541,0.5520833333333334,0.3359922777488777,0.24800017628132387,0.010644341226110465,-0.051691754806646284,-0.08389849972221902,-0.08116109880927841,0.3606657593452609,0.11718884922356765,0.016736230784145656,-0.07183867407177197,-0.08095178001636788,-0.0754551693266512,0.09886527263300551
hltv_2389972_104462_faze_vs_astralis_m2_mirage,1771329492.8609884,1,0,0.0,0.5,-0.0032181135936536487,-0.06778551555321266,-0.19694566165851268,-0.2681842940351846,-0.09257445104883288,-0.10723237104263106,0.004616472920431325,0.056381945796945776,-0.028265635187134985,0.030848073019316247,-0.01115528922974407,-0.009057270174205545,-0.07074578197164758
hltv_2389972_104462_faze_vs_astralis_m2_mirage,1771329492.8609884,0,1,0.0,0.5,-0.0032181135936536487,-0.06778551555321266,-0.19694566165851268,-0.2681842940351846,-0.09257445104883288,-0.10723237104263106,0.004616472920431325,0.056381945796945776,-0.028265635187134985,0.030848073019316247,-0.01115528922974407,-0.009057270174205545,-0.07074578197164758
hltv_2389971_104463_mouz_vs_fut_m2_overpass,1771330571.5331666,1,0,-0.330188679245283,0.6886792452830188,0.2763302703729287,0.0967224657300017,-0.04219084818027424,-0.10578788862515126,-0.08358383937389352,-0.08519766114099764,0.35019330633653223,0.17672941848884716,-0.03228422322033753,-0.11726531031330217,-0.11446219733747165,-0.22785010088004548,-0.24856615866861195
hltv_2389971_104463_mouz_vs_fut_m2_overpass,1771330571.5331666,0,1,-0.330188679245283,0.6886792452830188,0.2763302703729287,0.0967224657300017,-0.04219084818027424,-0.10578788862515126,-0.08358383937389352,-0.08519766114099764,0.35019330633653223,0.17672941848884716,-0.03228422322033753,-0.11726531031330217,-0.11446219733747165,-0.22785010088004548,-0.24856615866861195
hltv_2389974_104468_b8_vs_aurora_m1_overpass,1771337606.5938463,1,0,-0.29761904761904767,0.6785714285714286,0.07315011739820743,0.13909131496244076,-0.0015555172686748664,0.03808090882747406,-0.029342577199929054,-0.041415380612029096,-0.023726776668659744,-0.04228266470303532,-0.03940512740280655,-0.015229253162581113,-0.00726282356556851,-0.06524355723005476,-0.013798238316660404
hltv_2389974_104468_b8_vs_aurora_m1_overpass,1771337606.5938463,0,1,-0.29761904761904767,0.6785714285714286,0.07315011739820743,0.13909131496244076,-0.0015555172686748664,0.03808090882747406,-0.029342577199929054,-0.041415380612029096,-0.023726776668659744,-0.04228266470303532,-0.03940512740280655,-0.015229253162581113,-0.00726282356556851,-0.06524355723005476,-0.013798238316660404
hltv_2389974_104468_b8_vs_aurora_m2_mirage,1771337687.100185,1,1,-0.2618092691622103,0.6515151515151515,-0.0051212467226590674,-0.010039988273583045,0.020136442424413425,0.02094120692697371,0.013749311903402894,0.02102479444469929,-0.013983846313009696,-0.03582518328629114,0.008129240067468735,0.021864882125316787,-0.0189422640038861,-0.01297905396103205,0.013291070520065135
hltv_2389974_104468_b8_vs_aurora_m2_mirage,1771337687.100185,0,0,-0.2618092691622103,0.6515151515151515,-0.0051212467226590674,-0.010039988273583045,0.020136442424413425,0.02094120692697371,0.013749311903402894,0.02102479444469929,-0.013983846313009696,-0.03582518328629114,0.008129240067468735,0.021864882125316787,-0.0189422640038861,-0.01297905396103205,0.013291070520065135
hltv_2389973_104469_natus_vincere_vs_the_mongolz_m3_mirage,1771341339.3671265,1,1,0.11627906976744184,0.6162790697674418,0.07354426803582204,0.15417628777985204,0.03884374286997366,0.07550578869384461,-0.0053000687109241995,-0.00693200903656449,-0.023583850172308907,-0.06631343035535164,0.030996419123381358,0.037524809753469335,0.03137678575086866,-0.0307725110745955,-0.06393428957485087
hltv_2389973_104469_natus_vincere_vs_the_mongolz_m3_mirage,1771341339.3671265,0,0,0.11627906976744184,0.6162790697674418,0.07354426803582204,0.15417628777985204,0.03884374286997366,0.07550578869384461,-0.0053000687109241995,-0.00693200903656449,-0.023583850172308907,-0.06631343035535164,0.030996419123381358,0.037524809753469335,0.03137678575086866,-0.0307725110745955,-0.06393428957485087
hltv_2389976_104472_g2_vs_heroic_m2_ancient,1771345286.096151,1,0,0.0625,0.5625,-0.12217624602131005,-0.07494528284328744,-0.05240190456841998,-0.015328930338228075,0.013592384187301243,-0.008277724324911806,0.0237585495324939,0.08848942243603286,0.04716209305349672,-0.012478626411080052,0.020741945656812588,-0.008884111895039126,0.2206325644330517
hltv_2389976_104472_g2_vs_heroic_m2_ancient,1771345286.096151,0,1,0.0625,0.5625,-0.12217624602131005,-0.07494528284328744,-0.05240190456841998,-0.015328930338228075,0.013592384187301243,-0.008277724324911806,0.0237585495324939,0.08848942243603286,0.04716209305349672,-0.012478626411080052,0.020741945656812588,-0.008884111895039126,0.2206325644330517
hltv_2389975_104482_furia_vs_parivision_m1_dust2,1771351231.5677934,1,0,0.09189640768588136,0.4603174603174603,-0.32766107285417184,-0.2293942862095382,-0.12076633351442212,-0.09165587325591312,0.04108804870171523,0.010805096849219264,-0.32840334417433814,-0.005759185009511558,0.00493944205978597,-0.02389918960971471,0.07113093301037648,0.07262563649531983,0.031946238207520516
hltv_2389975_104482_furia_vs_parivision_m1_dust2,1771351231.5677934,1,1,0.09189640768588136,0.4603174603174603,-0.32766107285417184,-0.2293942862095382,-0.12076633351442212,-0.09165587325591312,0.04108804870171523,0.010805096849219264,-0.32840334417433814,-0.005759185009511558,0.00493944205978597,-0.02389918960971471,0.07113093301037648,0.07262563649531983,0.031946238207520516
hltv_2389975_104482_furia_vs_parivision_m2_inferno,1771351512.0226896,1,0,0.17441860465116277,0.5,0.0013349025792684932,0.008690936301761654,-0.00880142203817813,0.03706839108149962,-0.006864378855403752,0.004537015845185621,0.00664248102241094,0.028577101230173402,0.0020641326904297097,0.09008152112051615,0.0033917068607277057,0.012376933473430163,0.05761813191050487
hltv_2389975_104482_furia_vs_parivision_m2_inferno,1771351512.0226896,0,1,0.17441860465116277,0.5,0.0013349025792684932,0.008690936301761654,-0.00880142203817813,0.03706839108149962,-0.006864378855403752,0.004537015845185621,0.00664248102241094,0.028577101230173402,0.0020641326904297097,0.09008152112051615,0.0033917068607277057,0.012376933473430163,0.05761813191050487
hltv_2389975_104482_furia_vs_parivision_m3_mirage,1771355230.444333,1,1,0.15625,0.5,-0.002706579948118404,-0.0123066427354665,-0.0015870465156484492,0.014338682624108146,-0.0013999082697074283,0.0028206082343543715,-0.009548760015590574,0.009113010451994585,-0.014475551495949424,0.16734948223007348,-0.0015723688929688562,0.020302131555447356,0.037068765426524625
hltv_2389975_104482_furia_vs_parivision_m3_mirage,1771355230.444333,1,0,0.15625,0.5,-0.002706579948118404,-0.0123066427354665,-0.0015870465156484492,0.014338682624108146,-0.0013999082697074283,0.0028206082343543715,-0.009548760015590574,0.009113010451994585,-0.014475551495949424,0.16734948223007348,-0.0015723688929688562,0.020302131555447356,0.037068765426524625
hltv_2389977_104519_aurora_vs_astralis_m2_dust2,1771416579.6906013,0,0,-0.10273972602739728,0.5,0.05388673453888676,0.09913850745348485,-0.015434157624710232,0.013323779275286107,0.008190038840985792,0.006767989159355503,0.00355317588466475,-0.011429320441700419,0.0039616648658145626,-0.014955977835345025,0.020584948499196953,0.01399168942113077,-0.005231049417552525
hltv_2389977_104519_aurora_vs_astralis_m2_dust2,1771416579.6906013,1,1,-0.10273972602739728,0.5,0.05388673453888676,0.09913850745348485,-0.015434157624710232,0.013323779275286107,0.008190038840985792,0.006767989159355503,0.00355317588466475,-0.011429320441700419,0.0039616648658145626,-0.014955977835345025,0.020584948499196953,0.01399168942113077,-0.005231049417552525
hltv_2389977_104519_aurora_vs_astralis_m1_overpass,1771416581.443069,0,1,-0.09615384615384615,0.5,-0.006597660349634049,0.0020659238526931634,0.030546811519685024,0.05852306344760694,0.02224005759288289,0.021615256490378876,0.003251879768095045,0.023893497092632554,0.02555804155443031,0.28736654422453,-0.0028586817737938364,0.05937220118939873,0.013984475582881767
hltv_2389977_104519_aurora_vs_astralis_m1_overpass,1771416581.443069,0,0,-0.09615384615384615,0.5,-0.006597660349634049,0.0020659238526931634,0.030546811519685024,0.05852306344760694,0.02224005759288289,0.021615256490378876,0.003251879768095045,0.023893497092632554,0.02555804155443031,0.28736654422453,-0.0028586817737938364,0.05937220118939873,0.013984475582881767
hltv_2389978_104525_fut_vs_parivision_m2_mirage,1771429056.0507646,0,0,-0.36109303838646717,0.6724137931034483,0.20609739332141896,0.35582796239280357,-0.08921621706111765,-0.01220184473606084,-0.048428629762277964,-0.06436497799997298,0.12276987053158839,0.08479600223875872,-0.043344646994918246,0.027424251457689258,-0.06400388246597444,0.11864737508529871,-0.11553511351804407
hltv_2389978_104525_fut_vs_parivision_m2_mirage,1771429056.0507646,1,1,-0.36109303838646717,0.6724137931034483,0.20609739332141896,0.35582796239280357,-0.08921621706111765,-0.01220184473606084,-0.048428629762277964,-0.06436497799997298,0.12276987053158839,0.08479600223875872,-0.043344646994918246,0.027424251457689258,-0.06400388246597444,0.11864737508529871,-0.11553511351804407
hltv_2389978_104525_fut_vs_parivision_m1_dust2,1771429062.0105038,0,0,-0.331143951833607,0.6587301587301587,-0.004799323590678417,0.008560879392418841,-0.02835580885243394,-0.021732140937451405,-0.018674704351165805,-0.011918275823243285,-0.014389015768061952,-0.032498406438341176,0.032067099385753695,-0.1476789428928918,-0.02127278065873356,-0.012133717488681417,-0.1386074628648351
hltv_2389978_104525_fut_vs_parivision_m1_dust2,1771429062.0105038,0,1,-0.331143951833607,0.6587301587301587,-0.004799323590678417,0.008560879392418841,-0.02835580885243394,-0.021732140937451405,-0.018674704351165805,-0.011918275823243285,-0.014389015768061952,-0.032498406438341176,0.032067099385753695,-0.1476789428928918,-0.02127278065873356,-0.012133717488681417,-0.1386074628648351
hltv_2389978_104525_fut_vs_parivision_m3_ancient,1771429143.0680265,1,0,-0.38223622782446315,0.6838235294117647,-0.0005178112440439309,-0.008038793090866136,0.014026274063144273,-0.006992697172843343,0.001683129698031638,-0.007711423552042129,-0.006275236098389869,-0.020037104901297842,-0.011939481565826804,-0.12454744945886118,-0.01624728522488955,-0.029750416653728073,-0.11894621635949174
hltv_2389978_104525_fut_vs_parivision_m3_ancient,1771429143.0680265,1,1,-0.38223622782446315,0.6838235294117647,-0.0005178112440439309,-0.008038793090866136,0.014026274063144273,-0.006992697172843343,0.001683129698031638,-0.007711423552042129,-0.006275236098389869,-0.020037104901297842,-0.011939481565826804,-0.12454744945886118,-0.01624728522488955,-0.029750416653728073,-0.11894621635949174
hltv_2389979_104530_natus_vincere_vs_g2_m1_dust2,1771437366.44137,1,0,-0.04861111111111105,0.6041666666666666,0.23425290495276174,0.15487784211543026,0.0905960862497524,0.06233576282399239,-0.008623702204296702,-0.024646613997315103,0.20622768636652522,0.21455866559079295,0.0005932401095647966,-0.01672812117051703,-0.018786520869367662,-0.19241725612387856,0.02125873723964293
hltv_2389979_104530_natus_vincere_vs_g2_m1_dust2,1771437366.44137,0,1,-0.04861111111111105,0.6041666666666666,0.23425290495276174,0.15487784211543026,0.0905960862497524,0.06233576282399239,-0.008623702204296702,-0.024646613997315103,0.20622768636652522,0.21455866559079295,0.0005932401095647966,-0.01672812117051703,-0.018786520869367662,-0.19241725612387856,0.02125873723964293
hltv_2389979_104530_natus_vincere_vs_g2_m2_ancient,1771437615.025999,1,1,-0.04433962264150937,0.5943396226415094,-0.003628056841535665,-0.009303271757753362,-0.032416659429737815,-0.08843171751388812,-0.02223909158259124,-0.03392538594210004,-0.008472456543514362,-0.013149843848294096,0.012967898184536863,0.05208128957607999,-0.006046837267616678,0.005551856480927764,-0.036925632148500184
hltv_2389979_104530_natus_vincere_vs_g2_m2_ancient,1771437615.025999,0,0,-0.04433962264150937,0.5943396226415094,-0.003628056841535665,-0.009303271757753362,-0.032416659429737815,-0.08843171751388812,-0.02223909158259124,-0.03392538594210004,-0.008472456543514362,-0.013149843848294096,0.012967898184536863,0.05208128957607999,-0.006046837267616678,0.005551856480927764,-0.036925632148500184
hltv_2389980_104594_falcons_vs_parivision_m2_mirage,1771583682.8114862,1,0,0.24139844617092115,0.5943396226415094,-0.025485760486203213,-0.10945141223706517,0.006738864226147889,0.07578038353371302,0.043646975370188634,0.054070529912286946,0.022566313482466294,-0.1259631517971792,-0.02620988677796865,0.020964290877774572,0.03549515032768241,-0.009012861048418308,-0.05538721943117282
hltv_2389980_104594_falcons_vs_parivision_m2_mirage,1771583682.8114862,1,1,0.24139844617092115,0.5943396226415094,-0.025485760486203213,-0.10945141223706517,0.006738864226147889,0.07578038353371302,0.043646975370188634,0.054070529912286946,0.022566313482466294,-0.1259631517971792,-0.02620988677796865,0.020964290877774572,0.03549515032768241,-0.009012861048418308,-0.05538721943117282
hltv_2389980_104594_falcons_vs_parivision_m1_dust2,1771583682.8365133,1,1,0.300543221539915,0.6293103448275862,0.002249242111503569,0.021230009123041405,0.051673155215975264,0.05826897395252861,0.023822892206523727,0.024301089172440782,-0.012780078218476099,-0.00938593066615756,0.01859928730034055,-0.07508770543351692,0.028590973591710256,-0.0010955644849404145,0.10484074843175581
hltv_2389980_104594_falcons_vs_parivision_m1_dust2,1771583682.8365133,1,0,0.300543221539915,0.6293103448275862,0.002249242111503569,0.021230009123041405,0.051673155215975264,0.05826897395252861,0.023822892206523727,0.024301089172440782,-0.012780078218476099,-0.00938593066615756,0.01859928730034055,-0.07508770543351692,0.028590973591710256,-0.0010955644849404145,0.10484074843175581
hltv_2389980_104594_falcons_vs_parivision_m3_ancient,1771586381.6614192,1,1,0.351037851037851,0.6587301587301587,-0.0022529799269050965,-0.011417261399504663,-0.024992497946338954,0.0076495668279231155,-0.015396253863265819,0.004756982413153421,-0.0063293063157311424,0.016240509559173832,0.0016538525251923453,0.06433034016549388,-0.002811909988019168,0.006578027420501009,0.07436673401349864
hltv_2389980_104594_falcons_vs_parivision_m3_ancient,1771586381.6614192,1,0,0.351037851037851,0.6587301587301587,-0.0022529799269050965,-0.011417261399504663,-0.024992497946338954,0.0076495668279231155,-0.015396253863265819,0.004756982413153421,-0.0063293063157311424,0.016240509559173832,0.0016538525251923453,0.06433034016549388,-0.002811909988019168,0.006578027420501009,0.07436673401349864
hltv_2389981_104607_mouz_vs_natus_vincere_m2_inferno,1771599483.3019154,0,1,0.21551724137931028,0.5862068965517241,0.20397437771547855,0.13019340984225927,-0.019084911465905685,-0.046522644802510615,-0.05030298947009859,-0.08929600913362573,0.2761415764024522,0.029501128394314013,-0.008098651693365488,-0.09196698487850063,-0.025339619831115323,0.04508781205465956,0.16576572632912817
hltv_2389981_104607_mouz_vs_natus_vincere_m2_inferno,1771599483.3019154,0,0,0.21551724137931028,0.5862068965517241,0.20397437771547855,0.13019340984225927,-0.019084911465905685,-0.046522644802510615,-0.05030298947009859,-0.08929600913362573,0.2761415764024522,0.029501128394314013,-0.008098651693365488,-0.09196698487850063,-0.025339619831115323,0.04508781205465956,0.16576572632912817
hltv_2389981_104607_mouz_vs_natus_vincere_m3_mirage,1771599810.536626,1,0,0.11904761904761901,0.5396825396825397,-0.001772236419042006,-0.034716464505376965,-0.08721385721874941,-0.10204761956779757,-0.05358217194223419,-0.035053408030116584,-0.0007546636421938979,-0.1123138256330008,0.016683849484936564,-0.1166318054509431,0.01928922820131518,-0.016363399773545617,0.06741995652953478
hltv_2389981_104607_mouz_vs_natus_vincere_m3_mirage,1771599810.536626,1,1,0.11904761904761901,0.5396825396825397,-0.001772236419042006,-0.034716464505376965,-0.08721385721874941,-0.10204761956779757,-0.05358217194223419,-0.035053408030116584,-0.0007546636421938979,-0.1123138256330008,0.016683849484936564,-0.1166318054509431,0.01928922820131518,-0.016363399773545617,0.06741995652953478
hltv_2389982_104615_vitality_vs_aurora_m2_overpass,1771610315.0472116,0,1,-0.12048192771084337,0.5,-0.2719229706348646,-0.09621421258553137,-0.044008213206865265,-0.04984918626282486,0.04919272208215225,0.005306889822955851,-0.30229708334855865,-0.03894373173261406,-0.0550140926581103,0.031706938823609865,0.06792372624253662,0.1274914395842962,-0.3156458808634758
hltv_2389982_104615_vitality_vs_aurora_m2_overpass,1771610315.0472116,1,0,-0.12048192771084337,0.5,-0.2719229706348646,-0.09621421258553137,-0.044008213206865265,-0.04984918626282486,0.04919272208215225,0.005306889822955851,-0.30229708334855865,-0.03894373173261406,-0.0550140926581103,0.031706938823609865,0.06792372624253662,0.1274914395842962,-0.3156458808634758
hltv_2389983_104623_furia_vs_the_mongolz_m3_nuke,1771623641.062843,0,1,0.03205128205128205,0.532051282051282,0.1446251376384135,0.11912677386564613,0.022517582864064134,0.05330280360959683,0.008374665900728218,0.014504899494247936,0.03577848061059519,0.014960265669464512,0.02151881927449223,0.0784956882622605,-0.022252982108192987,0.007718097502175392,-0.02129180847897262
hltv_2389983_104623_furia_vs_the_mongolz_m3_nuke,1771623641.062843,0,0,0.03205128205128205,0.532051282051282,0.1446251376384135,0.11912677386564613,0.022517582864064134,0.05330280360959683,0.008374665900728218,0.014504899494247936,0.03577848061059519,0.014960265669464512,0.02151881927449223,0.0784956882622605,-0.022252982108192987,0.007718097502175392,-0.02129180847897262
hltv_2389984_104660_parivision_vs_mouz_m1_dust2,1771693835.3408601,1,0,-0.1005492558469171,0.3897058823529412,0.24459431153989375,0.1141723529528702,-0.014145393218998659,-0.06152041565887689,-0.04828793057682662,-0.055955068566960364,0.07105553892855831,-0.10900888921918805,0.01816409436474259,-0.028897005610722837,-0.003745440837039593,-0.042827627185212325,0.012716323284175556
hltv_2389984_104660_parivision_vs_mouz_m1_dust2,1771693835.3408601,0,1,-0.1005492558469171,0.3897058823529412,0.24459431153989375,0.1141723529528702,-0.014145393218998659,-0.06152041565887689,-0.04828793057682662,-0.055955068566960364,0.07105553892855831,-0.10900888921918805,0.01816409436474259,-0.028897005610722837,-0.003745440837039593,-0.042827627185212325,0.012716323284175556
hltv_2389984_104660_parivision_vs_mouz_m2_inferno,1771693838.6318424,1,1,-0.09612391033623907,0.3972602739726027,0.0032522290189609393,-0.026617747064500097,-0.018336012967032134,-0.06555139936721105,-0.008474342623789433,-0.024324567037004086,-0.0014548031035920284,-0.007054522038004496,-0.008147763459131707,0.035521704872186366,-0.0026583418511507695,0.03715868163417807,0.006227309693157407
hltv_2389984_104660_parivision_vs_mouz_m2_inferno,1771693838.6318424,0,0,-0.09612391033623907,0.3972602739726027,0.0032522290189609393,-0.026617747064500097,-0.018336012967032134,-0.06555139936721105,-0.008474342623789433,-0.024324567037004086,-0.0014548031035920284,-0.007054522038004496,-0.008147763459131707,0.035521704872186366,-0.0026583418511507695,0.03715868163417807,0.006227309693157407
hltv_2389986_104700_mouz_vs_the_mongolz_m2_inferno,1771768461.9009695,1,0,-0.13521634615384615,0.5390625,-0.12329294473647834,-0.20947372669044262,0.012225587378660918,-0.015829871311268617,-0.026323606839226188,0.010290846273212806,0.16663412519649345,0.03405407131683186,0.13002417698392593,0.020458133099023668,-0.04050051153460493,0.023220355920236635,-0.12795418298191819
hltv_2389986_104700_mouz_vs_the_mongolz_m2_inferno,1771768461.9009695,0,1,-0.13521634615384615,0.5390625,-0.12329294473647834,-0.20947372669044262,0.012225587378660918,-0.015829871311268617,-0.026323606839226188,0.010290846273212806,0.16663412519649345,0.03405407131683186,0.13002417698392593,0.020458133099023668,-0.04050051153460493,0.023220355920236635,-0.12795418298191819
hltv_2389987_104739_parivision_vs_vitality_m2_dust2,1771787259.8515732,1,1,0.1881720430107527,0.5,-0.15349560605067847,-0.14660668399979704,-0.014240122036271396,-0.02027561125530397,0.05595548572770365,-0.02285370090457084,-0.385594383894759,-0.33464883954712016,-0.09436216665085029,-0.10828441174749451,0.11761102723512656,-0.01453760843466706,0.3250025074803736
hltv_2389987_104739_parivision_vs_vitality_m2_dust2,1771787259.8515732,0,0,0.1881720430107527,0.5,-0.15349560605067847,-0.14660668399979704,-0.014240122036271396,-0.02027561125530397,0.05595548572770365,-0.02285370090457084,-0.385594383894759,-0.33464883954712016,-0.09436216665085029,-0.10828441174749451,0.11761102723512656,-0.01453760843466706,0.3250025074803736
hltv_2389987_104739_parivision_vs_vitality_m3_inferno,1771787586.0526726,1,0,0.17857142857142855,0.5,-0.0031444616645741608,0.01953018103529458,0.10776563607684453,0.19467566849271795,0.0725071205479022,0.08885607224603714,-0.007176168944154515,-0.015424458006072395,-0.01455361202359201,-0.01673577073143484,-0.003746362844748219,-0.019707357625376898,0.3678364184173674
hltv_2389987_104739_parivision_vs_vitality_m3_inferno,1771787586.0526726,0,1,0.17857142857142855,0.5,-0.0031444616645741608,0.01953018103529458,0.10776563607684453,0.19467566849271795,0.0725071205479022,0.08885607224603714,-0.007176168944154515,-0.015424458006072395,-0.01455361202359201,-0.01673577073143484,-0.003746362844748219,-0.019707357625376898,0.3678364184173674
hltv_2391022_105090_3dmax_vs_semperfi_m1_dust2,1772460023.0,0,0,,,,,,,,,,,,,,,
hltv_2391022_105090_3dmax_vs_semperfi_m1_dust2,1772460023.0,0,1,,,,,,,,,,,,,,,
hltv_2391022_105090_3dmax_vs_semperfi_m2_inferno,1772464256.0,1,0,-0.275,0.4625,-0.0003996058040798278,-0.022977312726248478,-0.07303287264850161,-0.08079029434229479,-0.044335965823329215,-0.0495715390215567,0.005160336645648744,-0.012469645440246258,0.004021125533344161,0.04432724355255879,0.007517586034887003,0.018743922713741035,
hltv_2391022_105090_3dmax_vs_semperfi_m2_inferno,1772464256.0,0,1,-0.275,0.4625,-0.0003996058040798278,-0.022977312726248478,-0.07303287264850161,-0.08079029434229479,-0.044335965823329215,-0.0495715390215567,0.005160336645648744,-0.012469645440246258,0.004021125533344161,0.04432724355255879,0.007517586034887003,0.018743922713741035,
hltv_2391031_105138_3dmax_vs_gaimin_gladiators_m1_nuke,1772554648.0,1,0,,,,,,,,,,,,,,,
hltv_2391031_105138_3dmax_vs_gaimin_gladiators_m1_nuke,1772554648.0,1,1,,,,,,,,,,,,,,,
hltv_2391031_105138_3dmax_vs_gaimin_gladiators_m2_dust2,1772559800.0,0,1,0.3925,0.8125,0.007010193257737218,-0.0066997587581332785,-0.07698157783448972,-0.15182364130402481,-0.049132459142315565,-0.07107378494847538,-0.011142688381307164,-0.010878745293464054,-0.06228294266447271,-0.0697424392704584,-0.015986355649743267,-0.060264063391483935,
hltv_2391031_105138_3dmax_vs_gaimin_gladiators_m2_dust2,1772559800.0,0,0,0.3925,0.8125,0.007010193257737218,-0.0066997587581332785,-0.07698157783448972,-0.15182364130402481,-0.049132459142315565,-0.07107378494847538,-0.011142688381307164,-0.010878745293464054,-0.06228294266447271,-0.0697424392704584,-0.015986355649743267,-0.060264063391483935,
hltv_2391120_105362_fut_vs_3dmax_m1_dust2,1772977852.0,1,0,-0.1642590286425903,0.636986301369863,0.0917330241277513,-0.008053810707399744,0.04175306314547916,0.051952526219107176,0.007690662276147786,0.0006314406085309865,0.12322716385139187,-0.40711494283356653,-0.0032541098725377138,0.11701931275902,-0.02743570005619206,-0.07926262421392039,-0.36342672433028644
hltv_2391120_105362_fut_vs_3dmax_m1_dust2,1772977852.0,1,1,-0.1642590286425903,0.636986301369863,0.0917330241277513,-0.008053810707399744,0.04175306314547916,0.051952526219107176,0.007690662276147786,0.0006314406085309865,0.12322716385139187,-0.40711494283356653,-0.0032541098725377138,0.11701931275902,-0.02743570005619206,-0.07926262421392039,-0.36342672433028644
hltv_2391120_105362_fut_vs_3dmax_m2_ancient,1772981921.0,1,1,-0.07948717948717943,0.5961538461538461,-2.924275494842199e-05,0.007414101539610751,0.046078587723882014,0.08689811450763629,0.033873924881138884,0.03563008586177335,0.020235260352446938,0.006733767746797958,0.01817593196688111,0.41487500682277645,-0.005664619533158055,0.09207623619808769,-0.36342672433028644
hltv_2391120_105362_fut_vs_3dmax_m2_ancient,1772981921.0,0,0,-0.07948717948717943,0.5961538461538461,-2.924275494842199e-05,0.007414101539610751,0.046078587723882014,0.08689811450763629,0.033873924881138884,0.03563008586177335,0.020235260352446938,0.006733767746797958,0.01817593196688111,0.41487500682277645,-0.005664619533158055,0.09207623619808769,-0.36342672433028644
hltv_2391134_105601_the_mongolz_vs_natus_vincere_m2_mirage,1773398658.0,1,1,0.042917166866746626,0.5735294117647058,-0.29208245493460594,-0.025312511265757287,-0.1523465090401812,-0.099937198410821,0.0027580912224490217,-0.03153996662940056,-0.24895328793406152,0.19242098582419587,-0.06566638610027786,0.013342504915732356,0.06303763480584657,0.07551799475923426,-0.04844229262495352
hltv_2391134_105601_the_mongolz_vs_natus_vincere_m2_mirage,1773398658.0,0,0,0.042917166866746626,0.5735294117647058,-0.29208245493460594,-0.025312511265757287,-0.1523465090401812,-0.099937198410821,0.0027580912224490217,-0.03153996662940056,-0.24895328793406152,0.19242098582419587,-0.06566638610027786,0.013342504915732356,0.06303763480584657,0.07551799475923426,-0.04844229262495352
hltv_2391136_105627_mouz_vs_fut_m2_overpass,1773425709.0,0,0,-0.1807228915662651,0.5903614457831325,0.03778044942208836,-0.02631372615492189,0.09171492301946133,0.05553347316165752,-0.0006375525406074889,0.058814451241406884,0.1035620208406468,0.01090163200354044,0.09055750979085236,0.05845498518496084,-0.0559648264636598,-0.05034986965344895,-0.07195133650974658
hltv_2391136_105627_mouz_vs_fut_m2_overpass,1773425709.0,1,1,-0.1807228915662651,0.5903614457831325,0.03778044942208836,-0.02631372615492189,0.09171492301946133,0.05553347316165752,-0.0006375525406074889,0.058814451241406884,0.1035620208406468,0.01090163200354044,0.09055750979085236,0.05845498518496084,-0.0559648264636598,-0.05034986965344895,-0.07195133650974658
hltv_2391137_105640_astralis_vs_spirit_m2_ancient,1773440463.0,1,0,-0.05723443223443225,0.5892857142857143,-0.04920455767068266,-0.1857543418876035,-0.02186462724278654,-0.12067651337189678,-0.028776419479478732,-0.09814551841483976,-0.015119512941019708,-0.1641131600218244,0.08326414494802298,0.03073561618332682,0.026184293321055263,0.033800121777371406,-0.23348126055685886
hltv_2391137_105640_astralis_vs_spirit_m2_ancient,1773440463.0,1,1,-0.05723443223443225,0.5892857142857143,-0.04920455767068266,-0.1857543418876035,-0.02186462724278654,-0.12067651337189678,-0.028776419479478732,-0.09814551841483976,-0.015119512941019708,-0.1641131600218244,0.08326414494802298,0.03073561618332682,0.026184293321055263,0.033800121777371406,-0.23348126055685886
hltv_2391139_105666_natus_vincere_vs_fut_m2_ancient,1773505762.0,1,0,-0.01673412204234115,0.5852272727272727,0.03315281682256266,0.1682226659014768,0.019079585981033653,0.030131896570509076,0.030677195613893427,-0.03850202139731057,0.1428621336847924,0.11792614407253516,-0.051121110099107636,-0.05141958699079441,-0.006455465634541968,0.004449063797482722,-0.07160798886688853
hltv_2391139_105666_natus_vincere_vs_fut_m2_ancient,1773505762.0,0,1,-0.01673412204234115,0.5852272727272727,0.03315281682256266,0.1682226659014768,0.019079585981033653,0.030131896570509076,0.030677195613893427,-0.03850202139731057,0.1428621336847924,0.11792614407253516,-0.051121110099107636,-0.05141958699079441,-0.006455465634541968,0.004449063797482722,-0.07160798886688853
hltv_2391138_105677_aurora_vs_astralis_m2_dust2,1773519034.0,1,0,-0.1738773274917853,0.5602409638554217,-0.2883370082950933,-0.3325778544840416,-0.011693384744776048,-0.10270045061805633,0.01592179069509203,0.053542487396698035,-0.2259064359306467,-0.2432081377301598,0.029935529744268274,-0.11914377881549076,0.03379941795865382,0.018743072209723433,0.01512592878662787
hltv_2391138_105677_aurora_vs_astralis_m2_dust2,1773519034.0,1,1,-0.1738773274917853,0.5602409638554217,-0.2883370082950933,-0.3325778544840416,-0.011693384744776048,-0.10270045061805633,0.01592179069509203,0.053542487396698035,-0.2259064359306467,-0.2432081377301598,0.029935529744268274,-0.11914377881549076,0.03379941795865382,0.018743072209723433,0.01512592878662787
hltv_2391140_105700_fut_vs_astralis_m1_dust2,1773580659.0,0,1,-0.05223607038123168,0.5806451612903226,0.023534256903474438,-0.007174491112851067,-0.07663660693430097,-0.02529386107047582,-0.04373058697043558,0.018656093131403706,0.091252236687834,-0.03283108043369393,-0.03578439784579407,0.12109358153017458,-0.01893757191170009,0.06928454577087667,-0.09103791795904956
hltv_2391140_105700_fut_vs_astralis_m1_dust2,1773580659.0,0,0,-0.05223607038123168,0.5806451612903226,0.023534256903474438,-0.007174491112851067,-0.07663660693430097,-0.02529386107047582,-0.04373058697043558,0.018656093131403706,0.091252236687834,-0.03283108043369393,-0.03578439784579407,0.12109358153017458,-0.01893757191170009,0.06928454577087667,-0.09103791795904956
hltv_2391140_105700_fut_vs_astralis_m2_ancient,1773583754.0,1,0,-0.10204081632653061,0.6020408163265306,0.001882137823130292,-0.006094543128503327,-0.06239385510437234,0.004484416011585224,-0.030048677427739978,-0.00870401236783569,0.00821649855018658,-0.018218897095432784,0.03774964761020794,0.1421200412084083,-0.009246854089264178,0.033369006751864105,-0.11585139130150524
hltv_2391140_105700_fut_vs_astralis_m2_ancient,1773583754.0,1,1,-0.10204081632653061,0.6020408163265306,0.001882137823130292,-0.006094543128503327,-0.06239385510437234,0.004484416011585224,-0.030048677427739978,-0.00870401236783569,0.00821649855018658,-0.018218897095432784,0.03774964761020794,0.1421200412084083,-0.009246854089264178,0.033369006751864105,-0.11585139130150524
hltv_2391141_105714_natus_vincere_vs_aurora_m2_anubis,1773599286.0,1,0,-0.14474772539288666,0.5641025641025641,0.027102408932366373,-0.0002595200249859708,0.05573106714710718,0.03168251591508087,0.0564565820248496,0.06455485117258042,0.09509794106257052,-0.07692432142645306,-0.02782448182005387,-0.07611960267996604,-0.0111849706568391,0.011552351771016212,0.041681701198319675
hltv_2391141_105714_natus_vincere_vs_aurora_m2_anubis,1773599286.0,0,1,-0.14474772539288666,0.5641025641025641,0.027102408932366373,-0.0002595200249859708,0.05573106714710718,0.03168251591508087,0.0564565820248496,0.06455485117258042,0.09509794106257052,-0.07692432142645306,-0.02782448182005387,-0.07611960267996604,-0.0111849706568391,0.011552351771016212,0.041681701198319675
hltv_2391141_105714_natus_vincere_vs_aurora_m4_dust2,1773607806.0,0,0,-0.1367715761003196,0.5602409638554217,-0.001762661638399221,-0.013527152937485853,-0.0115097972409679,-0.055487867969198745,-0.00010745676392437398,-0.012306061389518508,-0.014510715421238385,-0.0193362071425065,-0.02596509446895584,-0.03873896862155407,-0.01949853500367743,-0.02623435747006847,0.043807283879641654
hltv_2391141_105714_natus_vincere_vs_aurora_m4_dust2,1773607806.0,0,1,-0.1367715761003196,0.5602409638554217,-0.001762661638399221,-0.013527152937485853,-0.0115097972409679,-0.055487867969198745,-0.00010745676392437398,-0.012306061389518508,-0.014510715421238385,-0.0193362071425065,-0.02596509446895584,-0.03873896862155407,-0.01949853500367743,-0.02623435747006847,0.043807283879641654
hltv_2390811_105805_falcons_vs_nrg_m1_ancient,1773834632.6977758,0,0,-0.2870813397129186,0.6818181818181818,-0.12118595018714318,-0.1947684319692365,-0.003041169128335075,-0.019571845229605644,0.04092910406628786,-0.013963839599539729,0.07028374884957489,-0.2786892487130689,-0.016410007628804513,-0.020607676422151666,-0.023266828290017527,-0.11513936108243827,
hltv_2390811_105805_falcons_vs_nrg_m1_ancient,1773834632.6977758,1,1,-0.2870813397129186,0.6818181818181818,-0.12118595018714318,-0.1947684319692365,-0.003041169128335075,-0.019571845229605644,0.04092910406628786,-0.013963839599539729,0.07028374884957489,-0.2786892487130689,-0.016410007628804513,-0.020607676422151666,-0.023266828290017527,-0.11513936108243827,
hltv_2390811_105805_falcons_vs_nrg_m2_dust2,1773834634.6058776,0,1,-0.24999999999999994,0.6666666666666666,-0.012548385084036218,-0.03173498673003006,-0.1231307243526884,-0.1236345530304756,-0.06836296099088057,-0.06226685155328249,-0.0021538621714326522,-0.05475725122131653,-0.010667852702594904,-0.07347680465297807,0.0035519341830493323,-0.007239192796261007,
hltv_2390811_105805_falcons_vs_nrg_m2_dust2,1773834634.6058776,1,0,-0.24999999999999994,0.6666666666666666,-0.012548385084036218,-0.03173498673003006,-0.1231307243526884,-0.1236345530304756,-0.06836296099088057,-0.06226685155328249,-0.0021538621714326522,-0.05475725122131653,-0.010667852702594904,-0.07347680465297807,0.0035519341830493323,-0.007239192796261007,
hltv_2390812_105813_natus_vincere_vs_b8_m2_ancient,1773848176.1897273,1,0,-0.04635167464114831,0.631578947368421,0.17307021774236936,-0.03660325221094585,0.062303068605350787,0.0153275290473332,-0.04780863318374229,-0.013218715437285089,0.2455573431165009,0.08014597414190594,0.0073703328458868955,0.02976600823785497,-0.0017971910768985189,0.0058691056048637,0.028900258750549294
hltv_2390812_105813_natus_vincere_vs_b8_m2_ancient,1773848176.1897273,0,1,-0.04635167464114831,0.631578947368421,0.17307021774236936,-0.03660325221094585,0.062303068605350787,0.0153275290473332,-0.04780863318374229,-0.013218715437285089,0.2455573431165009,0.08014597414190594,0.0073703328458868955,0.02976600823785497,-0.0017971910768985189,0.0058691056048637,0.028900258750549294
hltv_2390813_105823_faze_vs_aurora_m2_inferno,1773865598.9166288,0,0,-0.09708737864077671,0.5,0.22580733505276307,0.07657408744991151,0.0652578891803427,0.08191692902706948,-0.02986101476530839,0.004777839412788698,0.2216526050549038,0.07205043123184618,0.011068007221123333,0.049832228243430365,0.020831075177090486,0.0168721558692016,0.10709373537771985
hltv_2390813_105823_faze_vs_aurora_m2_inferno,1773865598.9166288,0,1,-0.09708737864077671,0.5,0.22580733505276307,0.07657408744991151,0.0652578891803427,0.08191692902706948,-0.02986101476530839,0.004777839412788698,0.2216526050549038,0.07205043123184618,0.011068007221123333,0.049832228243430365,0.020831075177090486,0.0168721558692016,0.10709373537771985
hltv_2390813_105823_faze_vs_aurora_m1_nuke,1773865599.7629843,1,1,-0.1554232804232804,0.5396825396825397,-0.007061185924853941,-0.001907797637812625,0.05451425269738713,0.01537750553177597,0.039836696312574915,0.03249694765435557,-0.009937054532545453,-0.002818654366569251,-0.009897212700711311,-0.04283849083913166,-0.0034538099081427576,-0.008666387662428277,0.10876069862766852
hltv_2390813_105823_faze_vs_aurora_m1_nuke,1773865599.7629843,1,0,-0.1554232804232804,0.5396825396825397,-0.007061185924853941,-0.001907797637812625,0.05451425269738713,0.01537750553177597,0.039836696312574915,0.03249694765435557,-0.009937054532545453,-0.002818654366569251,-0.009897212700711311,-0.04283849083913166,-0.0034538099081427576,-0.008666387662428277,0.10876069862766852
hltv_2390814_105829_furia_vs_tyloo_m2_overpass,1773878754.6023922,0,0,,,,,,,,,,,,,,,
hltv_2390814_105829_furia_vs_tyloo_m2_overpass,1773878754.6023922,0,1,,,,,,,,,,,,,,,
hltv_2390814_105829_furia_vs_tyloo_m1_mirage,1773878758.5521114,1,1,-0.3409090909090909,0.8125,-6.402465290139547e-05,0.001597505009278466,0.03383759386626717,0.020146157372113116,0.017823582363652113,0.017083888455926843,-0.005647022689658054,-0.010026643508002309,0.006731948435858448,-0.18790837506988117,-0.008629459217190716,-0.09611558687907673,0.17142140791782037
hltv_2390814_105829_furia_vs_tyloo_m1_mirage,1773878758.5521114,0,0,-0.3409090909090909,0.8125,-6.402465290139547e-05,0.001597505009278466,0.03383759386626717,0.020146157372113116,0.017823582363652113,0.017083888455926843,-0.005647022689658054,-0.010026643508002309,0.006731948435858448,-0.18790837506988117,-0.008629459217190716,-0.09611558687907673,0.17142140791782037
hltv_2390815_105840_parivision_vs_ninjas_in_pyjamas_m1_ancient,1773924320.4809277,1,0,,,,,,,,,,,,,,,
hltv_2390815_105840_parivision_vs_ninjas_in_pyjamas_m1_ancient,1773924320.4809277,0,1,,,,,,,,,,,,,,,
hltv_2390815_105840_parivision_vs_ninjas_in_pyjamas_m2_mirage,1773924322.966289,1,1,0.16203703703703703,0.5,-0.0027553033934996085,0.011495699550334137,0.021564806385788116,0.04577444420996413,0.002249847631871471,0.009837246543842826,0.0035996552926522707,-0.016885814729063586,-0.025731029953117712,0.05043123566871094,-0.032343362271785636,-0.013029834544116714,0.12855675297547048
hltv_2390815_105840_parivision_vs_ninjas_in_pyjamas_m2_mirage,1773924322.966289,1,0,0.16203703703703703,0.5,-0.0027553033934996085,0.011495699550334137,0.021564806385788116,0.04577444420996413,0.002249847631871471,0.009837246543842826,0.0035996552926522707,-0.016885814729063586,-0.025731029953117712,0.05043123566871094,-0.032343362271785636,-0.013029834544116714,0.12855675297547048
hltv_2390816_105847_spirit_vs_liquid_m1_mirage,1773935918.6571727,0,0,0.0357142857142857,0.5357142857142857,-0.16561482466036026,-0.19217055342103173,0.0019473803721357652,0.04292219716958706,0.016393731109612786,0.04035083685247226,0.029824326396270084,0.1305646711337426,-0.01992569023244395,0.17446929990265742,-0.0016396725282301072,0.07546893649636705,-0.18471412258053815
hltv_2390816_105847_spirit_vs_liquid_m1_mirage,1773935918.6571727,0,1,0.0357142857142857,0.5357142857142857,-0.16561482466036026,-0.19217055342103173,0.0019473803721357652,0.04292219716958706,0.016393731109612786,0.04035083685247226,0.029824326396270084,0.1305646711337426,-0.01992569023244395,0.17446929990265742,-0.0016396725282301072,0.07546893649636705,-0.18471412258053815
hltv_2390816_105847_spirit_vs_liquid_m2_ancient,1773935923.238122,0,1,-0.18338815789473684,0.578125,0.0030708388325650926,-0.02105031609197744,-0.07091358766232153,-0.078645626043019,-0.04028492536391853,-0.028683598999341087,0.00817303800414787,-0.019864915897569613,-0.010919154219145522,0.08432132123591912,-0.01802399045712233,0.03886952442507596,-0.21644837751350232
hltv_2390816_105847_spirit_vs_liquid_m2_ancient,1773935923.238122,0,0,-0.18338815789473684,0.578125,0.0030708388325650926,-0.02105031609197744,-0.07091358766232153,-0.078645626043019,-0.04028492536391853,-0.028683598999341087,0.00817303800414787,-0.019864915897569613,-0.010919154219145522,0.08432132123591912,-0.01802399045712233,0.03886952442507596,-0.21644837751350232
hltv_2390817_105854_mouz_vs_the_mongolz_m1_nuke,1773943428.5580945,1,1,-0.11647727272727271,0.53125,-0.11935237191077241,-0.21031244130232019,0.0917488906215067,0.06422499492733857,0.06643607620690883,0.06218264944752927,-0.1686909958040967,-0.1108015504225826,0.010073104365566299,-0.012320969122803282,0.05492158685217685,-0.027982734672642617,-0.0572992886728928
hltv_2390817_105854_mouz_vs_the_mongolz_m1_nuke,1773943428.5580945,0,0,-0.11647727272727271,0.53125,-0.11935237191077241,-0.21031244130232019,0.0917488906215067,0.06422499492733857,0.06643607620690883,0.06218264944752927,-0.1686909958040967,-0.1108015504225826,0.010073104365566299,-0.012320969122803282,0.05492158685217685,-0.027982734672642617,-0.0572992886728928
hltv_2390817_105854_mouz_vs_the_mongolz_m2_inferno,1773945514.4427848,0,0,-0.10894704808277539,0.5283018867924528,0.0010099031593044927,-0.002662341894216713,-0.03587817698274892,0.033145642014178855,-0.0204839545215445,-0.0031634822313417743,-0.0005632639463458711,0.033177655217865254,0.015702330461658864,0.1924148339865248,0.0037454861721822885,0.04353523486707772,-0.08470113847753083
hltv_2390817_105854_mouz_vs_the_mongolz_m2_inferno,1773945514.4427848,0,1,-0.10894704808277539,0.5283018867924528,0.0010099031593044927,-0.002662341894216713,-0.03587817698274892,0.033145642014178855,-0.0204839545215445,-0.0031634822313417743,-0.0005632639463458711,0.033177655217865254,0.015702330461658864,0.1924148339865248,0.0037454861721822885,0.04353523486707772,-0.08470113847753083
hltv_2390818_105860_vitality_vs_9z_m2_nuke,1773954563.1443198,0,0,,,,,,,,,,,,,,,
hltv_2390818_105860_vitality_vs_9z_m2_nuke,1773954563.1443198,0,1,,,,,,,,,,,,,,,
hltv_2391755_105877_nrg_vs_b8_m2_ancient,1774011320.08468,1,1,-0.18524458700882118,0.6162790697674418,-0.006212461459153551,-0.08566780943331487,0.029387180150668768,0.0321030407710991,-0.005471743154693731,0.055090918554629775,0.038021403439689405,-0.017305962822936782,-0.013542797825254582,0.1525520891783882,-0.018135763280565986,0.09363952731458991,
hltv_2391755_105877_nrg_vs_b8_m2_ancient,1774011320.08468,1,0,-0.18524458700882118,0.6162790697674418,-0.006212461459153551,-0.08566780943331487,0.029387180150668768,0.0321030407710991,-0.005471743154693731,0.055090918554629775,0.038021403439689405,-0.017305962822936782,-0.013542797825254582,0.1525520891783882,-0.018135763280565986,0.09363952731458991,
hltv_2391755_105877_nrg_vs_b8_m1_inferno,1774011325.8048995,0,0,-0.037377450980392246,0.5520833333333334,0.0005199111888245511,0.013674980512768775,0.003152958478869927,0.0487249534100096,0.0020738943113168817,0.014460728102388853,-0.008684590293301486,0.2218603073605434,0.00883189684814878,0.24691510468456124,-0.0030185916026433945,0.06773642507095046,0.18993504787388654
hltv_2391755_105877_nrg_vs_b8_m1_inferno,1774011325.8048995,1,1,-0.037377450980392246,0.5520833333333334,0.0005199111888245511,0.013674980512768775,0.003152958478869927,0.0487249534100096,0.0020738943113168817,0.014460728102388853,-0.008684590293301486,0.2218603073605434,0.00883189684814878,0.24691510468456124,-0.0030185916026433945,0.06773642507095046,0.18993504787388654
hltv_2391756_105883_faze_vs_tyloo_m1_mirage,1774024624.8276017,0,1,-0.1923076923076923,0.6923076923076923,0.23921935571656427,-0.06092611622873312,0.06965179020045498,-0.005565583180735023,0.011517947382617078,-0.019510213925120368,0.1994489530135044,-0.07812399936974707,0.022208450715482164,-0.07311623128085704,-0.008732044178052012,-0.1068006682274637,0.10497429044033008
hltv_2391756_105883_faze_vs_tyloo_m1_mirage,1774024624.8276017,0,0,-0.1923076923076923,0.6923076923076923,0.23921935571656427,-0.06092611622873312,0.06965179020045498,-0.005565583180735023,0.011517947382617078,-0.019510213925120368,0.1994489530135044,-0.07812399936974707,0.022208450715482164,-0.07311623128085704,-0.008732044178052012,-0.1068006682274637,0.10497429044033008
hltv_2391756_105883_faze_vs_tyloo_m2_ancient,1774024628.0001047,1,0,-0.31202435312024357,0.7777777777777778,-0.00280193978215737,-0.013655704717738137,-0.006104619046163606,-0.05080397709004347,0.0023691449629875128,-0.017551484323203415,0.009896645320086384,-0.007011684306241772,-0.0012967144658194707,-0.05888775664204804,0.0052528854725375496,-0.008352336835902474,0.10497429044033008
hltv_2391756_105883_faze_vs_tyloo_m2_ancient,1774024628.0001047,0,1,-0.31202435312024357,0.7777777777777778,-0.00280193978215737,-0.013655704717738137,-0.006104619046163606,-0.05080397709004347,0.0023691449629875128,-0.017551484323203415,0.009896645320086384,-0.007011684306241772,-0.0012967144658194707,-0.05888775664204804,0.0052528854725375496,-0.008352336835902474,0.10497429044033008
hltv_2391757_105896_falcons_vs_natus_vincere_m1_mirage,1774037524.3369265,1,1,0.08382852292020371,0.6644736842105263,0.002030060017708335,-0.03989122961978886,-6.679489139765904e-05,-0.0136422944306821,-0.015411068926479032,0.012676712407886148,0.020043168499435438,-0.038949024649850394,0.005950185423743093,-0.1044551387660177,-0.0066150281406685,-0.04324672596419621,0.0018633310329065605
hltv_2391757_105896_falcons_vs_natus_vincere_m1_mirage,1774037524.3369265,1,0,0.08382852292020371,0.6644736842105263,0.002030060017708335,-0.03989122961978886,-6.679489139765904e-05,-0.0136422944306821,-0.015411068926479032,0.012676712407886148,0.020043168499435438,-0.038949024649850394,0.005950185423743093,-0.1044551387660177,-0.0066150281406685,-0.04324672596419621,0.0018633310329065605
hltv_2391757_105896_falcons_vs_natus_vincere_m2_inferno,1774037529.4397488,0,0,0.13416477702191998,0.6851851851851852,-0.003929120294355881,-0.006552618447037972,0.06668538665156681,0.04012547867476107,0.03910715351485561,0.03598891933332565,-0.017462696356084384,0.01770385994797652,0.031822689815098004,0.06971146601456835,0.014897127076030692,0.04136719365868885,0.08012145894433628
hltv_2391757_105896_falcons_vs_natus_vincere_m2_inferno,1774037529.4397488,1,1,0.13416477702191998,0.6851851851851852,-0.003929120294355881,-0.006552618447037972,0.06668538665156681,0.04012547867476107,0.03910715351485561,0.03598891933332565,-0.017462696356084384,0.01770385994797652,0.031822689815098004,0.06971146601456835,0.014897127076030692,0.04136719365868885,0.08012145894433628
hltv_2391758_105904_aurora_vs_furia_m1_dust2,1774048488.2879002,0,1,0.06161385479113146,0.4731182795698925,-0.2408309978173559,0.025984021243705524,0.0014614518481398386,0.01881346070061074,0.03558189189569899,0.04436299427774948,-0.18418774941238536,-0.09433851811341731,-0.03352420871680001,-0.14085122068694556,0.027218172769873206,0.10833260087333746,0.026806992315426895
hltv_2391758_105904_aurora_vs_furia_m1_dust2,1774048488.2879002,1,0,0.06161385479113146,0.4731182795698925,-0.2408309978173559,0.025984021243705524,0.0014614518481398386,0.01881346070061074,0.03558189189569899,0.04436299427774948,-0.18418774941238536,-0.09433851811341731,-0.03352420871680001,-0.14085122068694556,0.027218172769873206,0.10833260087333746,0.026806992315426895
hltv_2391758_105904_aurora_vs_furia_m2_inferno,1774048554.2193148,0,0,0.05923555863023178,0.4744897959183674,0.002851126662758885,-0.00566039855769046,-0.0022471302139092653,-0.009586600886972496,-0.002090300866805561,-0.0007182052914834758,0.0005498980599567549,0.03427781618087866,0.02248637718163171,0.15811737345270122,-0.011551731847132929,0.03744944619605822,0.014878518790655854
hltv_2391758_105904_aurora_vs_furia_m2_inferno,1774048554.2193148,1,1,0.05923555863023178,0.4744897959183674,0.002851126662758885,-0.00566039855769046,-0.0022471302139092653,-0.009586600886972496,-0.002090300866805561,-0.0007182052914834758,0.0005498980599567549,0.03427781618087866,0.02248637718163171,0.15811737345270122,-0.011551731847132929,0.03744944619605822,0.014878518790655854
hltv_2391759_105928_ninjas_vs_pyjamas_m2_mirage,1774102103.7151794,1,1,0.3798076923076923,0.6923076923076923,-0.09365248610593413,0.1289996862911344,0.0491578383454212,0.1039420554255146,0.06210373323675378,0.10892408127795367,-0.16772413255694585,-0.04144744304832826,0.0022604699763986713,-0.050360220212934126,0.0050389603640024205,0.02329542356486064,0.30380918847528493
hltv_2391759_105928_ninjas_vs_pyjamas_m2_mirage,1774102103.7151794,1,0,0.3798076923076923,0.6923076923076923,-0.09365248610593413,0.1289996862911344,0.0491578383454212,0.1039420554255146,0.06210373323675378,0.10892408127795367,-0.16772413255694585,-0.04144744304832826,0.0022604699763986713,-0.050360220212934126,0.0050389603640024205,0.02329542356486064,0.30380918847528493
hltv_2391760_105941_mouz_vs_9z_m2_inferno,1774117710.7171476,1,0,-0.4145408163265306,0.8125,-0.019034117896019942,-0.0925643468936283,0.0715488139261023,-0.02603435056703457,-0.018970165748209755,-0.018407668444765102,0.07339551138791889,-0.07276836923710717,0.0648391592269481,-0.048673317638958435,-0.03352386167206345,-0.035209552636094765,0.38658535029146235
hltv_2391760_105941_mouz_vs_9z_m2_inferno,1774117710.7171476,1,1,-0.4145408163265306,0.8125,-0.019034117896019942,-0.0925643468936283,0.0715488139261023,-0.02603435056703457,-0.018970165748209755,-0.018407668444765102,0.07339551138791889,-0.07276836923710717,0.0648391592269481,-0.048673317638958435,-0.03352386167206345,-0.035209552636094765,0.38658535029146235
hltv_2391761_105949_parivision_vs_spirit_m1_anubis,1774121491.592704,1,0,-0.31212628557761296,0.6351351351351351,-0.09793088450344206,0.11848749993812785,-0.12014626424988778,-0.09983823398857922,-0.014539224585659205,0.008898795382847158,-0.16899322549629414,0.0406194693130692,0.0036416736550820006,0.051375479763416526,0.008305953016393197,0.04177147533097597,-0.10830592500688954
hltv_2391761_105949_parivision_vs_spirit_m1_anubis,1774121491.592704,1,1,-0.31212628557761296,0.6351351351351351,-0.09793088450344206,0.11848749993812785,-0.12014626424988778,-0.09983823398857922,-0.014539224585659205,0.008898795382847158,-0.16899322549629414,0.0406194693130692,0.0036416736550820006,0.051375479763416526,0.008305953016393197,0.04177147533097597,-0.10830592500688954
hltv_2391761_105949_parivision_vs_spirit_m2_ancient,1774125379.5151987,0,0,-0.20782889426957224,0.5595238095238095,-0.004532965832385716,-0.0050958139695527205,0.08178259452197156,0.08058917924195808,0.04714338417315045,0.0534459842124983,0.0019827117451598486,0.004254412792316864,-0.017205003422818,0.3059130935574129,0.014302291412438717,0.118125094947446,-0.06547596624117413
hltv_2391761_105949_parivision_vs_spirit_m2_ancient,1774125379.5151987,1,1,-0.20782889426957224,0.5595238095238095,-0.004532965832385716,-0.0050958139695527205,0.08178259452197156,0.08058917924195808,0.04714338417315045,0.0534459842124983,0.0019827117451598486,0.004254412792316864,-0.017205003422818,0.3059130935574129,0.014302291412438717,0.118125094947446,-0.06547596624117413
hltv_2391762_105958_the_mongolz_vs_vitality_m1_mirage,1774132063.3917305,0,1,-0.10101679929266139,0.5689655172413793,0.0268736800491165,0.09271897163673631,-0.04911255668422737,-0.0711835879624868,0.025692784606523744,-0.013727738466049633,-0.07482627558940602,0.0011920279487959706,-0.03224018227678477,-0.07298577760774097,0.03935007482567754,-0.03405431510666723,0.20710627447560148
hltv_2391762_105958_the_mongolz_vs_vitality_m1_mirage,1774132063.3917305,1,0,-0.10101679929266139,0.5689655172413793,0.0268736800491165,0.09271897163673631,-0.04911255668422737,-0.0711835879624868,0.025692784606523744,-0.013727738466049633,-0.07482627558940602,0.0011920279487959706,-0.03224018227678477,-0.07298577760774097,0.03935007482567754,-0.03405431510666723,0.20710627447560148
hltv_2391762_105958_the_mongolz_vs_vitality_m2_overpass,1774134407.831258,0,0,-0.09361254541977432,0.5634920634920635,-0.00317313516007367,-0.02747822883888623,0.0940127847214825,0.07937689319759578,0.060437931883041196,0.04761273519216486,-0.015923560793265568,-0.14352978781874898,-0.007803248090919479,-0.2502163316014709,-0.010341526615671393,-0.08440952566950022,0.25169488024444825
hltv_2391762_105958_the_mongolz_vs_vitality_m2_overpass,1774134407.831258,1,1,-0.09361254541977432,0.5634920634920635,-0.00317313516007367,-0.02747822883888623,0.0940127847214825,0.07937689319759578,0.060437931883041196,0.04761273519216486,-0.015923560793265568,-0.14352978781874898,-0.007803248090919479,-0.2502163316014709,-0.010341526615671393,-0.08440952566950022,0.25169488024444825
hltv_2391764_105977_tyloo_vs_falcons_m2_ancient,1774187678.2205353,1,0,-0.042972699696663286,0.717391304347826,0.0071924041553884654,-0.07118163086317036,0.023951752443772845,0.025047106840552502,-0.01047774650372868,0.010688661409852529,0.16724277250032937,0.03535910968937783,0.048215022762968573,0.2608686451116201,-0.05793398166979408,0.13790200262600966,0.19925116120125108
hltv_2391764_105977_tyloo_vs_falcons_m2_ancient,1774187678.2205353,1,1,-0.042972699696663286,0.717391304347826,0.0071924041553884654,-0.07118163086317036,0.023951752443772845,0.025047106840552502,-0.01047774650372868,0.010688661409852529,0.16724277250032937,0.03535910968937783,0.048215022762968573,0.2608686451116201,-0.05793398166979408,0.13790200262600966,0.19925116120125108
hltv_2391764_105977_tyloo_vs_falcons_m1_inferno,1774187719.161227,0,1,0.10302197802197799,0.6923076923076923,0.010335739292283486,0.0470435062248068,0.16896610438880177,0.1406628386901021,0.08096725393259069,0.07474630970268675,0.0008247112802097778,0.0077774298161708,-0.0024878621952874047,0.07725622414142047,0.0013260718328612087,0.032052573817361596,0.19925116120125108
hltv_2391764_105977_tyloo_vs_falcons_m1_inferno,1774187719.161227,1,0,0.10302197802197799,0.6923076923076923,0.010335739292283486,0.0470435062248068,0.16896610438880177,0.1406628386901021,0.08096725393259069,0.07474630970268675,0.0008247112802097778,0.0077774298161708,-0.0024878621952874047,0.07725622414142047,0.0013260718328612087,0.032052573817361596,0.19925116120125108
hltv_2391763_105981_nrg_vs_furia_m2_nuke,1774198840.5303545,0,0,-0.03709235748070694,0.5128205128205128,-0.12037174242841686,-0.07851116492520493,-0.04709694800751291,-0.05779513799073982,-0.013247215445086058,0.029808568586167927,0.01062078541501199,0.20235323794084897,0.028110590036205974,-0.055167887034534624,-0.03136974258332048,0.04032642403415049,-0.1119406467675464
hltv_2391763_105981_nrg_vs_furia_m2_nuke,1774198840.5303545,1,1,-0.03709235748070694,0.5128205128205128,-0.12037174242841686,-0.07851116492520493,-0.04709694800751291,-0.05779513799073982,-0.013247215445086058,0.029808568586167927,0.01062078541501199,0.20235323794084897,0.028110590036205974,-0.055167887034534624,-0.03136974258332048,0.04032642403415049,-0.1119406467675464
hltv_2391763_105981_nrg_vs_furia_m1_mirage,1774198848.6203587,0,1,-0.03451178451178449,0.5113636363636364,0.01760916309523175,0.043724574596780974,0.15011715531510067,0.10101532479539116,0.07001051114105222,0.06311934891676196,-0.0036547714913333085,-0.042325450886216864,0.028763406599561336,-0.2659800637789955,0.00908121284511354,-0.071163874198507,0.10322082356836745
hltv_2391763_105981_nrg_vs_furia_m1_mirage,1774198848.6203587,0,0,-0.03451178451178449,0.5113636363636364,0.01760916309523175,0.043724574596780974,0.15011715531510067,0.10101532479539116,0.07001051114105222,0.06311934891676196,-0.0036547714913333085,-0.042325450886216864,0.028763406599561336,-0.2659800637789955,0.00908121284511354,-0.071163874198507,0.10322082356836745
hltv_2391765_105987_liquid_vs_the_mongolz_m1_ancient,1774208568.374808,0,0,-0.3002028397565923,0.5588235294117647,0.10385560193694338,0.26878268084398094,-0.0806357978312861,0.014774073567846824,-0.021714748853362553,-0.05519867128002831,0.09456170018333904,0.3548989263180442,-0.0346752757055514,-0.04432976227001839,-0.016132417206469074,-0.01538236016838701,-0.1765740359491508
hltv_2391765_105987_liquid_vs_the_mongolz_m1_ancient,1774208568.374808,0,1,-0.3002028397565923,0.5588235294117647,0.10385560193694338,0.26878268084398094,-0.0806357978312861,0.014774073567846824,-0.021714748853362553,-0.05519867128002831,0.09456170018333904,0.3548989263180442,-0.0346752757055514,-0.04432976227001839,-0.016132417206469074,-0.01538236016838701,-0.1765740359491508
hltv_2391765_105987_liquid_vs_the_mongolz_m2_mirage,1774208619.1100097,0,1,-0.36845286059629334,0.589041095890411,0.0011704283618311218,0.021000441193646247,-0.03425018627481524,-0.018298299214648484,-0.014300746373789974,-0.022066284036394657,-0.012083947538239215,0.0032605649197161857,-0.004114872272057701,-0.015602634156986622,0.011577428291483727,-0.009888074828797055,-0.16210134676509336
hltv_2391765_105987_liquid_vs_the_mongolz_m2_mirage,1774208619.1100097,0,0,-0.36845286059629334,0.589041095890411,0.0011704283618311218,0.021000441193646247,-0.03425018627481524,-0.018298299214648484,-0.014300746373789974,-0.022066284036394657,-0.012083947538239215,0.0032605649197161857,-0.004114872272057701,-0.015602634156986622,0.011577428291483727,-0.009888074828797055,-0.16210134676509336
hltv_2391766_105994_9z_vs_spirit_m1_overpass,1774217357.6093626,0,0,-0.05319148936170215,0.5531914893617021,0.04123145128387007,-0.07415634546110017,0.1087380127794213,0.035126360696313086,0.015272069375424913,-0.01636787037697013,0.06684701879261257,0.17597726478644637,0.09875528872753003,0.16676783249209273,-0.03404672769223155,0.08451317355935462,-0.4675056108617687
hltv_2391766_105994_9z_vs_spirit_m1_overpass,1774217357.6093626,1,1,-0.05319148936170215,0.5531914893617021,0.04123145128387007,-0.07415634546110017,0.1087380127794213,0.035126360696313086,0.015272069375424913,-0.01636787037697013,0.06684701879261257,0.17597726478644637,0.09875528872753003,0.16676783249209273,-0.03404672769223155,0.08451317355935462,-0.4675056108617687
hltv_2391766_105994_9z_vs_spirit_m2_dust2,1774217360.8041246,0,1,-0.04807692307692313,0.5480769230769231,0.01866111525568115,-4.898948492451649e-05,-0.02706600472775822,-0.07385760032933097,-0.012976457886529347,0.00025718136179431195,0.001609987020492587,0.03278473021973882,-0.010553862251716173,0.14542045494588623,0.020516760743357843,0.02969855509546332,-0.4727167362728536
hltv_2391766_105994_9z_vs_spirit_m2_dust2,1774217360.8041246,0,0,-0.04807692307692313,0.5480769230769231,0.01866111525568115,-4.898948492451649e-05,-0.02706600472775822,-0.07385760032933097,-0.012976457886529347,0.00025718136179431195,0.001609987020492587,0.03278473021973882,-0.010553862251716173,0.14542045494588623,0.020516760743357843,0.02969855509546332,-0.4727167362728536
hltv_2391767_106016_natus_vincere_vs_aurora_m1_anubis,1774270307.1024935,0,1,-0.1298445023285184,0.5485436893203883,-0.016305072356045724,0.02151884624353001,-0.027464649543641084,0.013236739251846819,-0.01446877824702858,0.041524591986289494,0.039726639850590995,0.11330260067012593,0.026294868212370703,0.09074742078098078,-0.027381585335612746,0.004509089029976543,0.04415967698061607
hltv_2391767_106016_natus_vincere_vs_aurora_m1_anubis,1774270307.1024935,0,0,-0.1298445023285184,0.5485436893203883,-0.016305072356045724,0.02151884624353001,-0.027464649543641084,0.013236739251846819,-0.01446877824702858,0.041524591986289494,0.039726639850590995,0.11330260067012593,0.026294868212370703,0.09074742078098078,-0.027381585335612746,0.004509089029976543,0.04415967698061607
hltv_2391767_106016_natus_vincere_vs_aurora_m2_nuke,1774270406.915978,0,1,-0.16710069444444442,0.5694444444444444,0.007045980796996476,0.0067022655559834665,-0.035873880347878806,-0.016016623060842117,-0.019034165777126355,-0.00906742011738243,0.0003614766150713544,0.011082715105505736,0.030288645757051813,0.054704722424503416,-0.00027493021140490015,0.006811156322158229,0.031709268791787995
hltv_2391767_106016_natus_vincere_vs_aurora_m2_nuke,1774270406.915978,1,0,-0.16710069444444442,0.5694444444444444,0.007045980796996476,0.0067022655559834665,-0.035873880347878806,-0.016016623060842117,-0.019034165777126355,-0.00906742011738243,0.0003614766150713544,0.011082715105505736,0.030288645757051813,0.054704722424503416,-0.00027493021140490015,0.006811156322158229,0.031709268791787995
hltv_2391768_106031_falcons_vs_furia_m1_mirage,1774286044.2074878,1,1,-0.2265394542772861,0.6822916666666666,-0.2877564399267105,-0.11910850694030445,-0.12355708865010179,-0.024050841381460075,0.02443672512476791,-0.004803618104654572,-0.3254708113178374,0.0005262148071123463,-0.06960053080766798,0.01173751448294813,0.05126229684711203,0.054548622926461454,0.018397420612037047
hltv_2391768_106031_falcons_vs_furia_m1_mirage,1774286044.2074878,0,0,-0.2265394542772861,0.6822916666666666,-0.2877564399267105,-0.11910850694030445,-0.12355708865010179,-0.024050841381460075,0.02443672512476791,-0.004803618104654572,-0.3254708113178374,0.0005262148071123463,-0.06960053080766798,0.01173751448294813,0.05126229684711203,0.054548622926461454,0.018397420612037047
hltv_2391769_106050_parivision_vs_vitality_m1_mirage,1774293453.272756,1,1,0.11386733185513676,0.4715909090909091,-0.22553367101970223,-0.1997629611200344,-0.027544090460554116,-0.004889672182719518,0.026138611913729515,0.027374360809895526,-0.2640729136077368,-0.1202712589294504,0.06196496847311472,-0.16049012832579884,0.037889500516235686,-0.012038820522098148,0.3423806042743589
hltv_2391769_106050_parivision_vs_vitality_m1_mirage,1774293453.272756,1,0,0.11386733185513676,0.4715909090909091,-0.22553367101970223,-0.1997629611200344,-0.027544090460554116,-0.004889672182719518,0.026138611913729515,0.027374360809895526,-0.2640729136077368,-0.1202712589294504,0.06196496847311472,-0.16049012832579884,0.037889500516235686,-0.012038820522098148,0.3423806042743589
hltv_2391769_106050_parivision_vs_vitality_m2_inferno,1774296877.1324031,0,1,0.15625,0.5,0.0012762977858777336,-0.0027674558940564697,0.021918244503613904,-0.009693908176657329,0.012473916714616784,0.0009502103233155479,0.015378856142238995,0.02795257772936488,-0.0254176907656547,-0.02168598065351618,-0.027577451535791775,-0.0016875865165785209,0.3317785036621162
hltv_2391769_106050_parivision_vs_vitality_m2_inferno,1774296877.1324031,1,0,0.15625,0.5,0.0012762977858777336,-0.0027674558940564697,0.021918244503613904,-0.009693908176657329,0.012473916714616784,0.0009502103233155479,0.015378856142238995,0.02795257772936488,-0.0254176907656547,-0.02168598065351618,-0.027577451535791775,-0.0016875865165785209,0.3317785036621162
hltv_2391770_106061_the_mongolz_vs_spirit_m1_nuke,1774303565.5468197,0,1,-0.027665317139001333,0.6153846153846154,0.23678794310571583,0.052108566955184454,0.06074598730560027,0.015063696030037432,-0.04009577712703799,0.023040410643647535,0.18775987265087812,-0.014836523958227321,-0.00673266852437393,0.04283419501597138,-0.02038025863315568,0.0359527300762556,0.03804162610340628
hltv_2391770_106061_the_mongolz_vs_spirit_m1_nuke,1774303565.5468197,1,0,-0.027665317139001333,0.6153846153846154,0.23678794310571583,0.052108566955184454,0.06074598730560027,0.015063696030037432,-0.04009577712703799,0.023040410643647535,0.18775987265087812,-0.014836523958227321,-0.00673266852437393,0.04283419501597138,-0.02038025863315568,0.0359527300762556,0.03804162610340628
hltv_2391770_106061_the_mongolz_vs_spirit_m2_overpass,1774306169.7147303,1,0,-0.027788573649436432,0.608433734939759,-0.0012154108521007512,0.01690488052083383,-0.029007709234262158,0.035029784996331415,-0.02348473851401378,0.00459892414065971,-0.003766305189047525,0.01322325430752258,0.0007476431716765819,-0.04820020995024776,-0.01491660298407077,-0.03381224645212172,0.017547254873366714
hltv_2391770_106061_the_mongolz_vs_spirit_m2_overpass,1774306169.7147303,1,1,-0.027788573649436432,0.608433734939759,-0.0012154108521007512,0.01690488052083383,-0.029007709234262158,0.035029784996331415,-0.02348473851401378,0.00459892414065971,-0.003766305189047525,0.01322325430752258,0.0007476431716765819,-0.04820020995024776,-0.01491660298407077,-0.03381224645212172,0.017547254873366714
hltv_2391771_106232_aurora_vs_the_mongolz_m1_inferno,1774624292.929129,0,0,-0.1678485987696514,0.5738636363636364,0.1283476372731855,0.058467442684674686,-0.05928125941882312,-0.08657645999135077,-0.028984418362987263,-0.028578937474928123,0.14834898288541698,-0.013101849664538534,-0.019311552740000237,-0.10599574599163678,-0.04127058940887429,-0.21744133833467016,-0.021444719589429086
hltv_2391771_106232_aurora_vs_the_mongolz_m1_inferno,1774624292.929129,1,1,-0.1678485987696514,0.5738636363636364,0.1283476372731855,0.058467442684674686,-0.05928125941882312,-0.08657645999135077,-0.028984418362987263,-0.028578937474928123,0.14834898288541698,-0.013101849664538534,-0.019311552740000237,-0.10599574599163678,-0.04127058940887429,-0.21744133833467016,-0.021444719589429086
hltv_2391772_106241_parivision_vs_falcons_m2_ancient,1774637946.1485746,1,1,0.32364326658229736,0.6732673267326733,-0.26517151550337564,-0.07894343144677807,-0.09219700172920464,-0.014095706962938825,0.053024569312862646,-0.019754489312858392,-0.20610228687934878,-0.27508431724977467,-0.11442356670598908,-0.11147103999678643,0.04169164898236016,-0.22999266645838462,0.0637699292013863
hltv_2391772_106241_parivision_vs_falcons_m2_ancient,1774637946.1485746,0,0,0.32364326658229736,0.6732673267326733,-0.26517151550337564,-0.07894343144677807,-0.09219700172920464,-0.014095706962938825,0.053024569312862646,-0.019754489312858392,-0.20610228687934878,-0.27508431724977467,-0.11442356670598908,-0.11147103999678643,0.04169164898236016,-0.22999266645838462,0.0637699292013863
hltv_2391773_106290_vitality_vs_aurora_m1_inferno,1774712304.7769606,0,0,-0.09057971014492755,0.5,-0.0727681117490685,-0.1026809596933223,-0.001423858601561967,-0.006713874330377845,0.012863198731419612,-0.02503173879638909,0.04232689358898556,-0.024981824503551464,-0.011188625633442195,-0.037098069869542505,-0.0012445771010945461,-0.06481105623707484,-0.27110394567792967
hltv_2391773_106290_vitality_vs_aurora_m1_inferno,1774712304.7769606,0,1,-0.09057971014492755,0.5,-0.0727681117490685,-0.1026809596933223,-0.001423858601561967,-0.006713874330377845,0.012863198731419612,-0.02503173879638909,0.04232689358898556,-0.024981824503551464,-0.011188625633442195,-0.037098069869542505,-0.0012445771010945461,-0.06481105623707484,-0.27110394567792967
hltv_2391773_106290_vitality_vs_aurora_m2_nuke,1774713263.975837,0,1,-0.12916694955529906,0.5242718446601942,0.007153911532502888,-0.004553878400826328,-0.019985807461155913,-0.10006553903106791,-0.027238424750454016,-0.047429122149818204,0.0033847218396159118,0.008564491617238601,0.010424474106581372,-0.0753372972630873,-0.007042615607313729,-0.026564337414999917,-0.2943298397437868
hltv_2391773_106290_vitality_vs_aurora_m2_nuke,1774713263.975837,1,0,-0.12916694955529906,0.5242718446601942,0.007153911532502888,-0.004553878400826328,-0.019985807461155913,-0.10006553903106791,-0.027238424750454016,-0.047429122149818204,0.0033847218396159118,0.008564491617238601,0.010424474106581372,-0.0753372972630873,-0.007042615607313729,-0.026564337414999917,-0.2943298397437868
hltv_2391774_106313_natus_vincere_vs_parivision_m1_dust2,1774724438.7735646,0,1,0.21129921764781323,0.5663716814159292,-0.07789860402969395,-0.06536262319103275,-0.04749376909716646,-0.03872445909169436,0.029168305737985956,0.04987833753739607,0.01017566768074396,0.3083583167625991,-0.027147899294084343,0.01199464621523505,-0.011552830422468574,-0.03892385538087456,0.028183467540134205
hltv_2391774_106313_natus_vincere_vs_parivision_m1_dust2,1774724438.7735646,0,0,0.21129921764781323,0.5663716814159292,-0.07789860402969395,-0.06536262319103275,-0.04749376909716646,-0.03872445909169436,0.029168305737985956,0.04987833753739607,0.01017566768074396,0.3083583167625991,-0.027147899294084343,0.01199464621523505,-0.011552830422468574,-0.03892385538087456,0.028183467540134205
hltv_2391774_106313_natus_vincere_vs_parivision_m2_inferno,1774724447.0566127,0,1,0.1647505037335546,0.5423728813559322,-0.008195305037955736,0.021361760763170756,0.028168576514132238,0.0634811446069593,0.019798005402751118,0.021569251459362337,-0.0028895911727195855,0.039886792910125424,0.01722948222588272,0.10429568906449349,-0.0008450429638225954,0.05683086652335323,0.048168961252165216
hltv_2391774_106313_natus_vincere_vs_parivision_m2_inferno,1774724447.0566127,1,0,0.1647505037335546,0.5423728813559322,-0.008195305037955736,0.021361760763170756,0.028168576514132238,0.0634811446069593,0.019798005402751118,0.021569251459362337,-0.0028895911727195855,0.039886792910125424,0.01722948222588272,0.10429568906449349,-0.0008450429638225954,0.05683086652335323,0.048168961252165216
hltv_2391775_106366_vitality_vs_natus_vincere_m2_anubis,1774790073.9480212,1,0,-0.0175022583559169,0.540650406504065,-0.00955815889299605,0.06097484508535134,-0.06958518621672871,-0.02012771839818822,0.05664287579835897,-0.03024694679807216,-0.10310943706721765,0.07854571559664714,-0.09057074396156067,-0.0015884446939952168,0.0421146704209332,-0.14621966799464758,0.2971348978371039
hltv_2391775_106366_vitality_vs_natus_vincere_m2_anubis,1774790073.9480212,0,1,-0.0175022583559169,0.540650406504065,-0.00955815889299605,0.06097484508535134,-0.06958518621672871,-0.02012771839818822,0.05664287579835897,-0.03024694679807216,-0.10310943706721765,0.07854571559664714,-0.09057074396156067,-0.0015884446939952168,0.0421146704209332,-0.14621966799464758,0.2971348978371039
hltv_2391775_106366_vitality_vs_natus_vincere_m3_dust2,1774792482.857188,1,0,-0.01693860619469023,0.5390625,-0.00220103881583944,0.003875789991091172,-0.017140591981487707,-0.016841453815576224,-0.007593955787071227,-0.0071705893535370935,-0.008941872278518836,-0.007614774497800181,-0.0024181289276933304,-0.06397717117528254,-0.00010691486500402636,-0.03826553526989318,0.2879000467649042
hltv_2391775_106366_vitality_vs_natus_vincere_m3_dust2,1774792482.857188,0,1,-0.01693860619469023,0.5390625,-0.00220103881583944,0.003875789991091172,-0.017140591981487707,-0.016841453815576224,-0.007593955787071227,-0.0071705893535370935,-0.008941872278518836,-0.007614774497800181,-0.0024181289276933304,-0.06397717117528254,-0.00010691486500402636,-0.03826553526989318,0.2879000467649042
hltv_2393081_107105_vitality_vs_red_canids_m1_nuke,1776087816.0,1,1,,,,,,,,,,,,,,,
hltv_2393081_107105_vitality_vs_red_canids_m1_nuke,1776087816.0,1,0,,,,,,,,,,,,,,,
hltv_2393082_107108_gentle_mates_vs_g2_m1_inferno,1776088509.0,1,0,,,,,,,,,,,,,,,
hltv_2393082_107108_gentle_mates_vs_g2_m1_inferno,1776088509.0,1,1,,,,,,,,,,,,,,,
hltv_2393081_107105_vitality_vs_red_canids_m2_overpass,1776091444.0,1,0,0.35315040650406504,0.540650406504065,-0.0032727398432892962,0.006604290564962145,0.08432695189886591,0.16910928592605196,0.05042906982149731,0.06783167557887898,-0.0023903191497303133,0.16276527398371354,0.02405534539793458,0.28461874336936843,0.023828969534556765,0.08730559128141091,0.7236843133423021
hltv_2393081_107105_vitality_vs_red_canids_m2_overpass,1776091444.0,1,1,0.35315040650406504,0.540650406504065,-0.0032727398432892962,0.006604290564962145,0.08432695189886591,0.16910928592605196,0.05042906982149731,0.06783167557887898,-0.0023903191497303133,0.16276527398371354,0.02405534539793458,0.28461874336936843,0.023828969534556765,0.08730559128141091,0.7236843133423021
hltv_2393083_107110_spirit_vs_liquid_m2_dust2,1776100769.0,1,1,-0.3717194570135747,0.5923076923076923,-0.08316340887130391,0.05858688651058802,-0.1041036154121377,-0.05329408716022199,-0.02164168850274434,0.010998198666718084,-0.05003542988009979,0.055775576421426665,-0.050790326630889115,0.036463363030010576,0.005974149242147286,0.007903767660756622,-0.21053388275368562
hltv_2393083_107110_spirit_vs_liquid_m2_dust2,1776100769.0,1,0,-0.3717194570135747,0.5923076923076923,-0.08316340887130391,0.05858688651058802,-0.1041036154121377,-0.05329408716022199,-0.02164168850274434,0.010998198666718084,-0.05003542988009979,0.055775576421426665,-0.050790326630889115,0.036463363030010576,0.005974149242147286,0.007903767660756622,-0.21053388275368562
hltv_2393084_107112_3dmax_vs_falcons_m1_inferno,1776100950.0,1,1,0.1497097242380262,0.6650943396226415,-0.018327746454222194,-0.02664483276218299,0.007265633595129328,-0.01654382812792371,-0.010011933396098571,-0.0037803170324504642,0.011470694867964037,-0.23509269768448338,0.005369819064897641,-0.0665961030663321,-0.01920613677878119,-0.07167628829098888,0.33295785318614696
hltv_2393084_107112_3dmax_vs_falcons_m1_inferno,1776100950.0,1,0,0.1497097242380262,0.6650943396226415,-0.018327746454222194,-0.02664483276218299,0.007265633595129328,-0.01654382812792371,-0.010011933396098571,-0.0037803170324504642,0.011470694867964037,-0.23509269768448338,0.005369819064897641,-0.0665961030663321,-0.01920613677878119,-0.07167628829098888,0.33295785318614696
hltv_2393084_107112_3dmax_vs_falcons_m2_ancient,1776103681.0,1,0,0.20160875160875164,0.6801801801801802,-0.002316956667729131,0.01930647281103348,0.010574286621267304,0.0543171287363875,0.005063559034589715,0.014660299646460373,0.005379636452189529,-0.028610391785488132,0.007044906420199226,0.007460158393169991,0.008035199499044798,0.027041822068748,0.33295785318614696
hltv_2393084_107112_3dmax_vs_falcons_m2_ancient,1776103681.0,1,1,0.20160875160875164,0.6801801801801802,-0.002316956667729131,0.01930647281103348,0.010574286621267304,0.0543171287363875,0.005063559034589715,0.014660299646460373,0.005379636452189529,-0.028610391785488132,0.007044906420199226,0.007460158393169991,0.008035199499044798,0.027041822068748,0.33295785318614696
hltv_2393086_107114_b8_vs_natus_vincere_m1_ancient,1776105178.0,1,1,-0.009575826358348638,0.5471698113207547,0.027573680677732915,0.1587796357541248,-0.0629333323347599,0.020766110918360947,-0.010440395636313105,-0.008063974657214645,0.005803409805156146,0.3572129369365961,-0.05855118076825605,0.171157252367514,0.022157190688409156,0.05144877123464864,0.026943585579218596
hltv_2393086_107114_b8_vs_natus_vincere_m1_ancient,1776105178.0,1,0,-0.009575826358348638,0.5471698113207547,0.027573680677732915,0.1587796357541248,-0.0629333323347599,0.020766110918360947,-0.010440395636313105,-0.008063974657214645,0.005803409805156146,0.3572129369365961,-0.05855118076825605,0.171157252367514,0.022157190688409156,0.05144877123464864,0.026943585579218596
hltv_2393088_107115_legacy_vs_mouz_m1_dust2,1776107494.0,1,0,,,,,,,,,,,,,,,
hltv_2393088_107115_legacy_vs_mouz_m1_dust2,1776107494.0,1,1,,,,,,,,,,,,,,,
hltv_2393086_107114_b8_vs_natus_vincere_m2_inferno,1776108645.0,0,0,0.05434782608695654,0.5543478260869565,0.014739550169158122,0.02623422950063481,0.17222385640930052,0.4168330196915876,0.10228161416943005,0.137253988564764,-0.004849552338321961,0.017033006990272104,-0.003856711365903376,-0.03418543231741944,0.0063878128242989,-0.0099336803326327,0.09841106978833512
hltv_2393086_107114_b8_vs_natus_vincere_m2_inferno,1776108645.0,0,1,0.05434782608695654,0.5543478260869565,0.014739550169158122,0.02623422950063481,0.17222385640930052,0.4168330196915876,0.10228161416943005,0.137253988564764,-0.004849552338321961,0.017033006990272104,-0.003856711365903376,-0.03418543231741944,0.0063878128242989,-0.0099336803326327,0.09841106978833512
hltv_2393088_107115_legacy_vs_mouz_m2_inferno,1776111441.0,0,1,0.4050925925925926,0.8125,-0.003500870970614245,0.0020105406440651397,0.06531698339408609,0.011290612794686128,0.03599389253987817,0.035030530568626594,0.0045666995342498184,0.03811023759883442,-0.014733339995612937,0.08106416884533074,0.003902328531321053,0.02257582757049914,
hltv_2393088_107115_legacy_vs_mouz_m2_inferno,1776111441.0,1,0,0.4050925925925926,0.8125,-0.003500870970614245,0.0020105406440651397,0.06531698339408609,0.011290612794686128,0.03599389253987817,0.035030530568626594,0.0045666995342498184,0.03811023759883442,-0.014733339995612937,0.08106416884533074,0.003902328531321053,0.02257582757049914,
hltv_2393085_107116_furia_vs_passion_ua_m1_inferno,1776115136.0,1,1,,,,,,,,,,,,,,,
hltv_2393085_107116_furia_vs_passion_ua_m1_inferno,1776115136.0,1,0,,,,,,,,,,,,,,,
hltv_2393087_107117_aurora_vs_hotu_m1_mirage,1776117480.0,1,1,,,,,,,,,,,,,,,
hltv_2393087_107117_aurora_vs_hotu_m1_mirage,1776117480.0,1,0,,,,,,,,,,,,,,,
hltv_2393085_107116_furia_vs_passion_ua_m2_mirage,1776118984.0,1,0,0.2921747967479675,0.4796747967479675,-0.006704855887323169,0.016468497066408627,0.13105838037553819,0.22743637988154536,0.07951896931170649,0.09338447054684673,-0.0012651889371333436,-0.039110122607571296,-0.013451283408535852,-0.10425181719723142,-0.0028024561245786894,-0.026146601097153832,0.8031757726412982
hltv_2393085_107116_furia_vs_passion_ua_m2_mirage,1776118984.0,1,1,0.2921747967479675,0.4796747967479675,-0.006704855887323169,0.016468497066408627,0.13105838037553819,0.22743637988154536,0.07951896931170649,0.09338447054684673,-0.0012651889371333436,-0.039110122607571296,-0.013451283408535852,-0.10425181719723142,-0.0028024561245786894,-0.026146601097153832,0.8031757726412982
hltv_2393087_107117_aurora_vs_hotu_m2_dust2,1776122568.0,1,0,0.23080065359477125,0.41830065359477125,-0.002246102134908723,-0.018731263747564342,0.11853243577419581,0.13974148361938732,0.0742608730275644,0.05723508477435829,0.008091796314494193,-0.0020792221695649094,0.014120611958745644,0.09742800681074812,0.02892894174741667,0.018556982856879733,0.6465417678285019
hltv_2393087_107117_aurora_vs_hotu_m2_dust2,1776122568.0,0,1,0.23080065359477125,0.41830065359477125,-0.002246102134908723,-0.018731263747564342,0.11853243577419581,0.13974148361938732,0.0742608730275644,0.05723508477435829,0.008091796314494193,-0.0020792221695649094,0.014120611958745644,0.09742800681074812,0.02892894174741667,0.018556982856879733,0.6465417678285019
hltv_2393225_107127_red_canids_vs_gentle_mates_m1_mirage,1776174479.0,0,1,0.6971153846153846,0.8125,0.09433164284043138,0.04022554063935574,0.04906291667405127,0.034806621754708056,0.003111855830659538,0.03542625393206528,0.27902969352859036,0.297541172941488,0.017100041004837307,0.1072865486924271,-0.04585775100302514,0.0678705849441602,
hltv_2393225_107127_red_canids_vs_gentle_mates_m1_mirage,1776174479.0,0,0,0.6971153846153846,0.8125,0.09433164284043138,0.04022554063935574,0.04906291667405127,0.034806621754708056,0.003111855830659538,0.03542625393206528,0.27902969352859036,0.297541172941488,0.017100041004837307,0.1072865486924271,-0.04585775100302514,0.0678705849441602,
hltv_2393225_107127_red_canids_vs_gentle_mates_m2_ancient,1776177725.0,1,0,0.1388888888888889,0.5,0.004344097952237835,0.022855953098693926,0.032970877309902114,0.05328292020350395,0.01229330254030725,0.016250802664405928,-0.03277343853346759,0.008800158761441579,0.008076362710806695,0.0023557495191388056,-0.025929153326057663,-0.05742095805238928,
hltv_2393225_107127_red_canids_vs_gentle_mates_m2_ancient,1776177725.0,1,1,0.1388888888888889,0.5,0.004344097952237835,0.022855953098693926,0.032970877309902114,0.05328292020350395,0.01229330254030725,0.016250802664405928,-0.03277343853346759,0.008800158761441579,0.008076362710806695,0.0023557495191388056,-0.025929153326057663,-0.05742095805238928,
hltv_2393227_107132_liquid_vs_3dmax_m2_ancient,1776190010.0,0,1,-0.12615384615384612,0.44666666666666666,-0.034786354324145674,-0.00446014118394461,0.046688348077896624,0.05971345505068293,-0.0170609552959316,0.072231716172249,0.057947609866038086,-0.06826056941539882,0.013334995396277138,0.14959686821699228,-0.022426217203717347,0.03855281985819903,0.15668657222471996
hltv_2393227_107132_liquid_vs_3dmax_m2_ancient,1776190010.0,0,0,-0.12615384615384612,0.44666666666666666,-0.034786354324145674,-0.00446014118394461,0.046688348077896624,0.05971345505068293,-0.0170609552959316,0.072231716172249,0.057947609866038086,-0.06826056941539882,0.013334995396277138,0.14959686821699228,-0.022426217203717347,0.03855281985819903,0.15668657222471996
hltv_2393226_107133_spirit_vs_falcons_m2_mirage,1776190292.0,0,0,0.1439655172413793,0.6939655172413793,0.041180155900752746,0.11774992142317608,-0.0006986698579883877,0.06593001815364757,0.03553123045127948,-0.03971075660381923,-0.04292955472097282,0.07886631395024668,0.003882020681630627,0.09347685378841242,0.01865066343981897,0.0174524610650742,-0.03426260179225864
hltv_2393226_107133_spirit_vs_falcons_m2_mirage,1776190292.0,0,1,0.1439655172413793,0.6939655172413793,0.041180155900752746,0.11774992142317608,-0.0006986698579883877,0.06593001815364757,0.03553123045127948,-0.03971075660381923,-0.04292955472097282,0.07886631395024668,0.003882020681630627,0.09347685378841242,0.01865066343981897,0.0174524610650742,-0.03426260179225864
hltv_2393228_107138_natus_vincere_vs_furia_m1_mirage,1776193253.0,0,1,-0.034965034965035,0.534965034965035,-0.09587897443296595,0.206741080112528,0.015101426632747605,0.13944041323648415,0.0826606589248099,0.07012681848952529,-0.2516230977385934,-0.08657474390301562,-0.09724722436359412,-0.016421187082300226,0.031048202416432635,0.04721874261922154,0.061968545612554264
hltv_2393228_107138_natus_vincere_vs_furia_m1_mirage,1776193253.0,0,0,-0.034965034965035,0.534965034965035,-0.09587897443296595,0.206741080112528,0.015101426632747605,0.13944041323648415,0.0826606589248099,0.07012681848952529,-0.2516230977385934,-0.08657474390301562,-0.09724722436359412,-0.016421187082300226,0.031048202416432635,0.04721874261922154,0.061968545612554264
hltv_2393229_107137_b8_vs_passion_ua_m1_overpass,1776193602.0,0,0,-0.42429792429792423,0.5396825396825397,-0.09855701263382194,0.18361771483836226,-0.15515698080907908,-0.13795533616088473,-0.02536449625614906,-0.07685404058747908,-0.266182684294784,-0.12595261418084847,-0.05250720859714725,0.019858104882182703,0.047058114821376396,0.024013649305976714,-0.4272053464224754
hltv_2393229_107137_b8_vs_passion_ua_m1_overpass,1776193602.0,0,1,-0.42429792429792423,0.5396825396825397,-0.09855701263382194,0.18361771483836226,-0.15515698080907908,-0.13795533616088473,-0.02536449625614906,-0.07685404058747908,-0.266182684294784,-0.12595261418084847,-0.05250720859714725,0.019858104882182703,0.047058114821376396,0.024013649305976714,-0.4272053464224754
hltv_2393229_107137_b8_vs_passion_ua_m2_mirage,1776196352.0,0,1,-0.49019607843137253,0.5735294117647058,-0.00481391438890072,0.01411846220705032,-0.010498714774888118,-0.003332019065058367,-0.014425489559760252,-0.03359562516792941,-0.024444085247814606,-0.014689700950238693,0.011706083118915578,-0.03528064921497731,-0.0007854671031237714,-0.051393013891058104,-0.309850890065649
hltv_2393229_107137_b8_vs_passion_ua_m2_mirage,1776196352.0,0,0,-0.49019607843137253,0.5735294117647058,-0.00481391438890072,0.01411846220705032,-0.010498714774888118,-0.003332019065058367,-0.014425489559760252,-0.03359562516792941,-0.024444085247814606,-0.014689700950238693,0.011706083118915578,-0.03528064921497731,-0.0007854671031237714,-0.051393013891058104,-0.309850890065649
hltv_2393228_107138_natus_vincere_vs_furia_m2_dust2,1776196490.0,1,0,-0.06947266815687869,0.5506756756756757,-0.008170440488996067,-0.0521276005944491,-0.10495196619553204,-0.21447279872964,-0.05793903413030199,-0.09077307990440858,-0.008147911007359898,0.0006760853157581903,0.001751351400006651,-0.08018837798291556,0.010489493730645671,-0.018926501445313715,0.03009627930322189
hltv_2393228_107138_natus_vincere_vs_furia_m2_dust2,1776196490.0,1,1,-0.06947266815687869,0.5506756756756757,-0.008170440488996067,-0.0521276005944491,-0.10495196619553204,-0.21447279872964,-0.05793903413030199,-0.09077307990440858,-0.008147911007359898,0.0006760853157581903,0.001751351400006651,-0.08018837798291556,0.010489493730645671,-0.018926501445313715,0.03009627930322189
hltv_2393231_107139_legacy_vs_hotu_m1_dust2,1776201260.0,1,1,0.3846153846153846,0.6923076923076923,-0.20146722016292007,-0.2650637224767506,0.02633627443378811,-0.03467728486766397,0.026593715991612032,0.02281324117838518,0.045245018758562794,-0.29108312924903845,0.04640296673142308,-0.19173303278613518,-0.04570258270095423,-0.17881312307787867,
hltv_2393231_107139_legacy_vs_hotu_m1_dust2,1776201260.0,0,0,0.3846153846153846,0.6923076923076923,-0.20146722016292007,-0.2650637224767506,0.02633627443378811,-0.03467728486766397,0.026593715991612032,0.02281324117838518,0.045245018758562794,-0.29108312924903845,0.04640296673142308,-0.19173303278613518,-0.04570258270095423,-0.17881312307787867,
hltv_2393230_107140_mouz_vs_aurora_m1_dust2,1776204765.0,0,0,0.009381651170606076,0.4208860759493671,0.20399680020052735,0.21283337008351944,0.024872986751658555,0.02950111748786849,0.009884643227905665,0.001328126471264457,-0.03520340389036303,0.09659126458382761,-0.08445584881469492,-0.14201312580796543,0.0332393071613149,0.07990026759011559,0.09256867462494255
hltv_2393230_107140_mouz_vs_aurora_m1_dust2,1776204765.0,1,1,0.009381651170606076,0.4208860759493671,0.20399680020052735,0.21283337008351944,0.024872986751658555,0.02950111748786849,0.009884643227905665,0.001328126471264457,-0.03520340389036303,0.09659126458382761,-0.08445584881469492,-0.14201312580796543,0.0332393071613149,0.07990026759011559,0.09256867462494255
hltv_2393230_107140_mouz_vs_aurora_m2_mirage,1776208451.0,0,1,0.008058646147447224,0.4233128834355828,0.005064129455230604,-0.03724802462685223,-0.05476576199630784,-0.11983260717664318,-0.029776783109081717,-0.042291608165904104,0.008601849526166827,-0.054854639449568976,0.030722689803507952,-0.15824539778293828,-0.00382141375505346,-0.044106521616513905,0.04636017517991702
hltv_2393230_107140_mouz_vs_aurora_m2_mirage,1776208451.0,0,0,0.008058646147447224,0.4233128834355828,0.005064129455230604,-0.03724802462685223,-0.05476576199630784,-0.11983260717664318,-0.029776783109081717,-0.042291608165904104,0.008601849526166827,-0.054854639449568976,0.030722689803507952,-0.15824539778293828,-0.00382141375505346,-0.044106521616513905,0.04636017517991702
hltv_2393233_107147_g2_vs_3dmax_m1_inferno,1776260853.0,0,0,0.005640243902439057,0.48125,0.016112779394717225,0.02955382378667404,0.04469726206819208,-0.002098409242549004,0.014295204620245472,-0.04879048204658032,-0.14207285912560175,-0.21135378251233644,-0.05202783673614386,-0.19031700145498556,0.018085804742359934,-0.03385557850100246,-0.2984002886718052
hltv_2393233_107147_g2_vs_3dmax_m1_inferno,1776260853.0,0,1,0.005640243902439057,0.48125,0.016112779394717225,0.02955382378667404,0.04469726206819208,-0.002098409242549004,0.014295204620245472,-0.04879048204658032,-0.14207285912560175,-0.21135378251233644,-0.05202783673614386,-0.19031700145498556,0.018085804742359934,-0.03385557850100246,-0.2984002886718052
hltv_2393232_107149_red_canids_vs_spirit_m1_mirage,1776261256.0,1,1,0.29739130434782607,0.58,-0.1547932456509558,-0.0030609675575211104,-0.02815544454050317,0.0005368909852052073,0.022006236640993437,0.04928830257603389,-0.13109975075967245,-0.05717719253846676,0.011551936488942427,-0.02560973781806153,0.01776126247101123,0.02474577271087669,0.47271541537964473
hltv_2393232_107149_red_canids_vs_spirit_m1_mirage,1776261256.0,1,0,0.29739130434782607,0.58,-0.1547932456509558,-0.0030609675575211104,-0.02815544454050317,0.0005368909852052073,0.022006236640993437,0.04928830257603389,-0.13109975075967245,-0.05717719253846676,0.011551936488942427,-0.02560973781806153,0.01776126247101123,0.02474577271087669,0.47271541537964473
hltv_2393233_107147_g2_vs_3dmax_m2_dust2,1776263595.0,1,1,-0.07966751918158571,0.532608695652174,0.003248348576806559,0.010802250845623751,-0.052653058657174956,-0.038382836875624105,-0.028962572723726654,-0.02500453597781821,0.0008413302958085733,0.02210175470597464,-0.014099147972721937,0.2171209218031314,0.006903641886347067,0.0713563803408912,-0.2984002886718052
hltv_2393233_107147_g2_vs_3dmax_m2_dust2,1776263595.0,0,0,-0.07966751918158571,0.532608695652174,0.003248348576806559,0.010802250845623751,-0.052653058657174956,-0.038382836875624105,-0.028962572723726654,-0.02500453597781821,0.0008413302958085733,0.02210175470597464,-0.014099147972721937,0.2171209218031314,0.006903641886347067,0.0713563803408912,-0.2984002886718052
hltv_2393232_107149_red_canids_vs_spirit_m2_ancient,1776264735.0,1,0,0.3741071428571428,0.60625,-0.0016840793911803154,-0.010468159497782792,-0.038694342806302684,-0.04311303269294425,-0.01603635032819062,-0.019680969115868474,-0.011372242880764771,0.03790478711165968,0.013907912830992408,0.08125981769776278,0.015440419159268914,0.04547042822645553,0.2854370934422011
hltv_2393232_107149_red_canids_vs_spirit_m2_ancient,1776264735.0,1,1,0.3741071428571428,0.60625,-0.0016840793911803154,-0.010468159497782792,-0.038694342806302684,-0.04311303269294425,-0.01603635032819062,-0.019680969115868474,-0.011372242880764771,0.03790478711165968,0.013907912830992408,0.08125981769776278,0.015440419159268914,0.04547042822645553,0.2854370934422011
hltv_2393235_107152_natus_vincere_vs_hotu_m1_dust2,1776269750.0,1,1,0.1715686274509804,0.5326797385620915,0.2093165801176632,0.17024506865757227,-0.011757802285878582,-0.0882345377708535,-0.041326015739062194,-0.029367685869654825,0.018615933154080277,-0.011656311371135097,0.015690457552067272,-0.14961257320675658,-0.021975613036268493,-0.0831994577380582,0.3042316227537228
hltv_2393235_107152_natus_vincere_vs_hotu_m1_dust2,1776269750.0,0,0,0.1715686274509804,0.5326797385620915,0.2093165801176632,0.17024506865757227,-0.011757802285878582,-0.0882345377708535,-0.041326015739062194,-0.029367685869654825,0.018615933154080277,-0.011656311371135097,0.015690457552067272,-0.14961257320675658,-0.021975613036268493,-0.0831994577380582,0.3042316227537228
hltv_2393234_107153_b8_vs_aurora_m1_mirage,1776271386.0,1,1,-0.19202544031311153,0.6027397260273972,-0.06460507507515667,-0.004447506605917306,-0.090593660586814,-0.11832067178059935,-0.04909748267834735,-0.060083361640345,-0.045627065487582275,-0.1815740884997356,0.062484252477936486,-0.13864516559062523,0.005460767924584997,-0.1144847835543567,-0.0031964311202982774
hltv_2393234_107153_b8_vs_aurora_m1_mirage,1776271386.0,1,0,-0.19202544031311153,0.6027397260273972,-0.06460507507515667,-0.004447506605917306,-0.090593660586814,-0.11832067178059935,-0.04909748267834735,-0.060083361640345,-0.045627065487582275,-0.1815740884997356,0.062484252477936486,-0.13864516559062523,0.005460767924584997,-0.1144847835543567,-0.0031964311202982774
hltv_2393235_107152_natus_vincere_vs_hotu_m2_ancient,1776273459.0,0,0,0.14034122179416614,0.5316455696202531,0.0012314642567956557,0.04025076189051324,0.08953899410590854,0.16571998543613864,0.06025830804418081,0.07174231118367197,-8.036673068989586e-05,-0.009227524980965796,-0.020497908902664952,-0.0015562047721798256,-0.006471002822120986,-0.005228632858614579,0.3900671893739839
hltv_2393235_107152_natus_vincere_vs_hotu_m2_ancient,1776273459.0,0,1,0.14034122179416614,0.5316455696202531,0.0012314642567956557,0.04025076189051324,0.08953899410590854,0.16571998543613864,0.06025830804418081,0.07174231118367197,-8.036673068989586e-05,-0.009227524980965796,-0.020497908902664952,-0.0015562047721798256,-0.006471002822120986,-0.005228632858614579,0.3900671893739839
hltv_2393234_107153_b8_vs_aurora_m2_overpass,1776274825.0,1,0,-0.1363568993626797,0.5641025641025641,0.006905469967869449,-0.0020408321433986742,0.05560098160070681,0.08091414150243936,0.04256863661334914,0.04612315442689352,0.017008760813623736,-0.0012772929954987244,0.01569654316641389,0.048792878551265406,0.012586891781538712,0.019885390326380648,0.02646393991491245
hltv_2393234_107153_b8_vs_aurora_m2_overpass,1776274825.0,1,1,-0.1363568993626797,0.5641025641025641,0.006905469967869449,-0.0020408321433986742,0.05560098160070681,0.08091414150243936,0.04256863661334914,0.04612315442689352,0.017008760813623736,-0.0012772929954987244,0.01569654316641389,0.048792878551265406,0.012586891781538712,0.019885390326380648,0.02646393991491245
hltv_2393237_107157_g2_vs_spirit_m1_mirage,1776278640.0,0,0,-0.09999999999999998,0.6294117647058823,0.06970580986357666,0.011974424281806506,0.12166650100053722,0.0485564556955122,0.020059490584779405,0.06682470338050905,0.08473490372954062,-0.11720662210539318,0.005954227205557161,-0.08693347064304219,-0.017236834367255427,-0.03444640172404728,-0.07333450698046419
hltv_2393237_107157_g2_vs_spirit_m1_mirage,1776278640.0,0,1,-0.09999999999999998,0.6294117647058823,0.06970580986357666,0.011974424281806506,0.12166650100053722,0.0485564556955122,0.020059490584779405,0.06682470338050905,0.08473490372954062,-0.11720662210539318,0.005954227205557161,-0.08693347064304219,-0.017236834367255427,-0.03444640172404728,-0.07333450698046419
hltv_2393236_107158_vitality_vs_falcons_m1_mirage,1776278871.0,0,1,-0.10669550619834711,0.6652892561983471,0.023719510169921132,-0.19223735656634644,0.0703659017491346,0.022676714211904536,0.027015960010114637,0.011263589248253547,-0.017825966653982006,-0.17177005947722912,0.04722758320470655,0.09354958134835728,0.018298090700072545,-0.03716864410760745,0.2744565092583083
hltv_2393236_107158_vitality_vs_falcons_m1_mirage,1776278871.0,1,0,-0.10669550619834711,0.6652892561983471,0.023719510169921132,-0.19223735656634644,0.0703659017491346,0.022676714211904536,0.027015960010114637,0.011263589248253547,-0.017825966653982006,-0.17177005947722912,0.04722758320470655,0.09354958134835728,0.018298090700072545,-0.03716864410760745,0.2744565092583083
hltv_2393236_107158_vitality_vs_falcons_m2_dust2,1776282305.0,1,0,-0.10233918128654973,0.6587301587301587,0.0036794581327499465,-0.007557329430827653,-0.0008054746751506303,0.001126278105381573,0.00248991159572981,0.004929652656395056,0.018959844413108717,-0.10171142337354244,-0.0049424417866997805,-0.18742866361349092,-0.005226931814486191,-0.049464942604879214,0.2537601508743524
hltv_2393236_107158_vitality_vs_falcons_m2_dust2,1776282305.0,0,1,-0.10233918128654973,0.6587301587301587,0.0036794581327499465,-0.007557329430827653,-0.0008054746751506303,0.001126278105381573,0.00248991159572981,0.004929652656395056,0.018959844413108717,-0.10171142337354244,-0.0049424417866997805,-0.18742866361349092,-0.005226931814486191,-0.049464942604879214,0.2537601508743524
hltv_2393237_107157_g2_vs_spirit_m2_dust2,1776282903.0,1,1,-0.16785714285714287,0.65,0.0012689475059388111,0.0068488981269118065,-0.04753273269122804,-0.028302964507022133,-0.03209227235272866,-0.02039712338159483,0.0024463821912095174,-0.07089963989192771,-0.009173680194431766,-0.08099001361607039,-0.020730636978433303,-0.040047013129528186,-0.1282939326692527
hltv_2393237_107157_g2_vs_spirit_m2_dust2,1776282903.0,1,0,-0.16785714285714287,0.65,0.0012689475059388111,0.0068488981269118065,-0.04753273269122804,-0.028302964507022133,-0.03209227235272866,-0.02039712338159483,0.0024463821912095174,-0.07089963989192771,-0.009173680194431766,-0.08099001361607039,-0.020730636978433303,-0.040047013129528186,-0.1282939326692527
hltv_2393239_107160_natus_vincere_vs_aurora_m1_inferno,1776287569.0,0,0,-0.07151719859378236,0.5153374233128835,-0.32176053526906956,-0.29951413890946393,0.04450614664320984,0.005705057364004507,0.0659868696138492,0.07341225940809248,-0.058607878660617785,-0.1837149202816326,0.04301497353513789,-0.04133516660955244,-0.01638854414017271,0.10874222525518512,0.0015990674327277278
hltv_2393239_107160_natus_vincere_vs_aurora_m1_inferno,1776287569.0,0,1,-0.07151719859378236,0.5153374233128835,-0.32176053526906956,-0.29951413890946393,0.04450614664320984,0.005705057364004507,0.0659868696138492,0.07341225940809248,-0.058607878660617785,-0.1837149202816326,0.04301497353513789,-0.04133516660955244,-0.01638854414017271,0.10874222525518512,0.0015990674327277278
hltv_2393238_107159_furia_vs_mouz_m1_mirage,1776290898.0,1,1,0.06097560975609756,0.5,0.2905115345901121,0.0659689188576621,0.11623065384716841,0.04206360891153843,-0.0359199436271328,-0.005886326414366205,0.23303798397156322,0.36228936473259993,0.06835323483002037,0.14519104440945113,-0.02871561212226681,0.10053859357738204,0.08216035715783956
hltv_2393238_107159_furia_vs_mouz_m1_mirage,1776290898.0,0,0,0.06097560975609756,0.5,0.2905115345901121,0.0659689188576621,0.11623065384716841,0.04206360891153843,-0.0359199436271328,-0.005886326414366205,0.23303798397156322,0.36228936473259993,0.06835323483002037,0.14519104440945113,-0.02871561212226681,0.10053859357738204,0.08216035715783956
hltv_2393239_107160_natus_vincere_vs_aurora_m2_mirage,1776291612.0,1,1,-0.09806791569086654,0.5297619047619048,0.0037856820157876614,-0.006104695388741144,-0.09322556458644288,-0.1461014216908305,-0.060495247196503676,-0.06668549923718425,0.0008478265489849646,-0.01763045461701812,-0.030541066930610317,-0.03234727143195376,-0.0020192105551156136,0.00907707828672566,-0.019832592903342598
hltv_2393239_107160_natus_vincere_vs_aurora_m2_mirage,1776291612.0,1,0,-0.09806791569086654,0.5297619047619048,0.0037856820157876614,-0.006104695388741144,-0.09322556458644288,-0.1461014216908305,-0.060495247196503676,-0.06668549923718425,0.0008478265489849646,-0.01763045461701812,-0.030541066930610317,-0.03234727143195376,-0.0020192105551156136,0.00907707828672566,-0.019832592903342598
hltv_2393238_107159_furia_vs_mouz_m2_dust2,1776294969.0,0,0,0.05859375,0.5,0.0028276398310567163,0.01800354564375911,0.1103700247729027,0.17270142921526324,0.0682381542307322,0.06498302418232255,0.005014302421284422,0.02686668364044964,0.038665574035464445,0.282425092605632,0.02441486388240305,0.07511660173333595,0.11450415837914263
hltv_2393238_107159_furia_vs_mouz_m2_dust2,1776294969.0,0,1,0.05859375,0.5,0.0028276398310567163,0.01800354564375911,0.1103700247729027,0.17270142921526324,0.0682381542307322,0.06498302418232255,0.005014302421284422,0.02686668364044964,0.038665574035464445,0.282425092605632,0.02441486388240305,0.07511660173333595,0.11450415837914263
hltv_2393240_107175_spirit_vs_mouz_m1_dust2,1776440508.0,0,1,-0.15338345864661657,0.6157894736842106,-0.02955361374097798,-0.013234171150763974,-0.03563350477414928,-0.043153474965075767,-0.017834813081372358,-0.03985926617546931,-0.11680951058006017,-0.3466899902734943,-0.03319941975212182,-0.05899174063590873,-0.004228608857325233,-0.10001550999905934,-0.14431376915886224
hltv_2393240_107175_spirit_vs_mouz_m1_dust2,1776440508.0,1,0,-0.15338345864661657,0.6157894736842106,-0.02955361374097798,-0.013234171150763974,-0.03563350477414928,-0.043153474965075767,-0.017834813081372358,-0.03985926617546931,-0.11680951058006017,-0.3466899902734943,-0.03319941975212182,-0.05899174063590873,-0.004228608857325233,-0.10001550999905934,-0.14431376915886224
hltv_2393240_107175_spirit_vs_mouz_m2_mirage,1776444425.0,0,0,-0.146231884057971,0.61,-0.01184825445458959,-0.02506326914257684,-0.08558949654435832,-0.0469946269505751,-0.04025285272234291,-0.021998649715343155,-0.006309288937941249,-0.05616482567185954,-0.0007908710308071054,-0.0788002678469576,0.024253878027740094,-0.022578508578072143,-0.17823997406321235
hltv_2393240_107175_spirit_vs_mouz_m2_mirage,1776444425.0,1,1,-0.146231884057971,0.61,-0.01184825445458959,-0.02506326914257684,-0.08558949654435832,-0.0469946269505751,-0.04025285272234291,-0.021998649715343155,-0.006309288937941249,-0.05616482567185954,-0.0007908710308071054,-0.0788002678469576,0.024253878027740094,-0.022578508578072143,-0.17823997406321235
hltv_2393241_107177_vitality_vs_natus_vincere_m2_dust2,1776455938.0,1,1,0.0398969590349334,0.5543478260869565,0.23381909042684068,0.09190195162879661,0.10803828341035898,0.08019657364194815,-0.008903748383125243,0.0035611511141237506,0.23281498283953878,-0.041307048325380735,0.016538892349648837,0.00995444114699412,-0.03674472877701218,-0.11289487788229968,0.2545198061156535
hltv_2393241_107177_vitality_vs_natus_vincere_m2_dust2,1776455938.0,0,0,0.0398969590349334,0.5543478260869565,0.23381909042684068,0.09190195162879661,0.10803828341035898,0.08019657364194815,-0.008903748383125243,0.0035611511141237506,0.23281498283953878,-0.041307048325380735,0.016538892349648837,0.00995444114699412,-0.03674472877701218,-0.11289487788229968,0.2545198061156535
hltv_2393242_107195_falcons_vs_spirit_m2_mirage,1776530401.0,1,0,0.04790985096328615,0.6526717557251909,0.22711638357632802,0.028086216026716737,-0.027287449615523263,-0.04307619786410721,-0.09197107233676427,-0.07219361126413376,0.17114482023566968,0.16344557698921774,0.008923267256882417,0.1241504910189899,-0.024071768777237823,0.064435843872365,-0.12091306750212658
hltv_2393242_107195_falcons_vs_spirit_m2_mirage,1776530401.0,0,1,0.04790985096328615,0.6526717557251909,0.22711638357632802,0.028086216026716737,-0.027287449615523263,-0.04307619786410721,-0.09197107233676427,-0.07219361126413376,0.17114482023566968,0.16344557698921774,0.008923267256882417,0.1241504910189899,-0.024071768777237823,0.064435843872365,-0.12091306750212658
hltv_2393243_107197_furia_vs_vitality_m2_ancient,1776543780.0,0,0,-0.06933944433944428,0.5524475524475524,0.038942601293411094,0.0516490049702415,-0.021314044786055975,-0.039697377535512945,-0.025169503720807895,-0.041175027228884,-0.09634650233016673,-0.17767430149031138,0.0024564024449799104,0.015707385888466374,0.008953100702026207,-0.05386051942831349,-0.22343252772327948
hltv_2393243_107197_furia_vs_vitality_m2_ancient,1776543780.0,0,1,-0.06933944433944428,0.5524475524475524,0.038942601293411094,0.0516490049702415,-0.021314044786055975,-0.039697377535512945,-0.025169503720807895,-0.041175027228884,-0.09634650233016673,-0.17767430149031138,0.0024564024449799104,0.015707385888466374,0.008953100702026207,-0.05386051942831349,-0.22343252772327948
hltv_2393244_107215_falcons_vs_furia_m2_mirage,1776612921.0,0,1,-0.1797385620915033,0.6470588235294118,0.16541513277271452,-0.0075311067021705536,0.13862707377960062,0.10472210880889574,0.004089667240061712,0.01858613333954079,0.11729716897584253,-0.12926809351802948,0.015377499057632527,-0.017462971944689376,0.00704668016654153,0.0409485739900744,0.09845179084457996
hltv_2393244_107215_falcons_vs_furia_m2_mirage,1776612921.0,1,0,-0.1797385620915033,0.6470588235294118,0.16541513277271452,-0.0075311067021705536,0.13862707377960062,0.10472210880889574,0.004089667240061712,0.01858613333954079,0.11729716897584253,-0.12926809351802948,0.015377499057632527,-0.017462971944689376,0.00704668016654153,0.0409485739900744,0.09845179084457996
hltv_2393245_107224_spirit_vs_vitality_m2_nuke,1776625959.0,0,0,-0.032432432432432434,0.6,0.17104778919543873,-0.007860189990088695,-0.018673726845819527,-0.02859364575583878,-0.09423877340566744,-0.06666919078608546,0.12381470755792534,-0.041780567689071624,-0.015343131112007524,0.05061481243123345,-0.03973294494870727,0.019389502581567686,0.1558893344818162
hltv_2393245_107224_spirit_vs_vitality_m2_nuke,1776625959.0,1,1,-0.032432432432432434,0.6,0.17104778919543873,-0.007860189990088695,-0.018673726845819527,-0.02859364575583878,-0.09423877340566744,-0.06666919078608546,0.12381470755792534,-0.041780567689071624,-0.015343131112007524,0.05061481243123345,-0.03973294494870727,0.019389502581567686,0.1558893344818162
hltv_2393245_107224_spirit_vs_vitality_m3_dust2,1776629463.0,1,1,-0.030292696788860485,0.5956521739130435,-0.003477527839854777,0.009980512092063965,0.06544928316927567,0.11835685243864941,0.04169415062596765,0.04988044146238357,0.012283409843748427,-0.003266283741719528,-0.015892993914455478,0.05453149252032213,0.007123455628401221,0.023652932412695338,0.17488018400483424
hltv_2393245_107224_spirit_vs_vitality_m3_dust2,1776629463.0,1,0,-0.030292696788860485,0.5956521739130435,-0.003477527839854777,0.009980512092063965,0.06544928316927567,0.11835685243864941,0.04169415062596765,0.04988044146238357,0.012283409843748427,-0.003266283741719528,-0.015892993914455478,0.05453149252032213,0.007123455628401221,0.023652932412695338,0.17488018400483424
hltv_2393319_107557_vitality_vs_fut_m1_mirage,1777485285.4497106,1,1,0.006824767424126854,0.5791139240506329,0.002558501476826014,-0.008932346413713876,0.15938931419173907,0.20590847898524622,0.039012445748234814,0.09477750272424829,0.06731302937963635,-0.08032990703620474,-0.0032055322498371064,0.17413728964251357,-0.005559734002523575,-0.057225361368951844,0.2634986734412538
hltv_2393319_107557_vitality_vs_fut_m1_mirage,1777485285.4497106,0,0,0.006824767424126854,0.5791139240506329,0.002558501476826014,-0.008932346413713876,0.15938931419173907,0.20590847898524622,0.039012445748234814,0.09477750272424829,0.06731302937963635,-0.08032990703620474,-0.0032055322498371064,0.17413728964251357,-0.005559734002523575,-0.057225361368951844,0.2634986734412538
hltv_2393319_107557_vitality_vs_fut_m2_dust2,1777485291.014796,1,0,0.008505298382598947,0.5766871165644172,0.004165674935979913,0.007565057563699129,0.1417989417283207,0.10317506287528116,0.08521398464622898,0.0628297613835786,0.01370906306274211,-0.062123106073591394,-0.007893920974518187,-0.22474129051490238,0.006289233725649157,-0.07329048142928868,0.28827258191213734
hltv_2393319_107557_vitality_vs_fut_m2_dust2,1777485291.014796,0,1,0.008505298382598947,0.5766871165644172,0.004165674935979913,0.007565057563699129,0.1417989417283207,0.10317506287528116,0.08521398464622898,0.0628297613835786,0.01370906306274211,-0.062123106073591394,-0.007893920974518187,-0.22474129051490238,0.006289233725649157,-0.07329048142928868,0.28827258191213734
hltv_2393320_107565_astralis_vs_g2_m1_dust2,1777492663.582881,0,1,-0.005739795918367374,0.53125,0.014247515154476198,0.11912971665964855,0.06528052987541666,0.1393953842620469,0.06281197254660986,0.03119658330282854,-0.0927750439530336,-0.15461010461049002,0.006758818770341679,0.02466157992277246,0.002057664114865465,0.0015916943093001734,0.016475125194109617
hltv_2393320_107565_astralis_vs_g2_m1_dust2,1777492663.582881,1,0,-0.005739795918367374,0.53125,0.014247515154476198,0.11912971665964855,0.06528052987541666,0.1393953842620469,0.06281197254660986,0.03119658330282854,-0.0927750439530336,-0.15461010461049002,0.006758818770341679,0.02466157992277246,0.002057664114865465,0.0015916943093001734,0.016475125194109617
hltv_2393320_107565_astralis_vs_g2_m2_overpass,1777493193.2065675,0,0,-0.00403004213225866,0.5283018867924528,-0.010304845363620307,-0.021429117095527972,-0.10733924973926251,-0.10714651710615175,-0.05269410267286828,-0.061118520053413394,-0.0020928622326917834,-0.11010846690104159,0.0029454443707234157,-0.18978618724669027,0.0026583276999493366,-0.05738042405330579,-0.055407119872617365
hltv_2393320_107565_astralis_vs_g2_m2_overpass,1777493193.2065675,1,1,-0.00403004213225866,0.5283018867924528,-0.010304845363620307,-0.021429117095527972,-0.10733924973926251,-0.10714651710615175,-0.05269410267286828,-0.061118520053413394,-0.0020928622326917834,-0.11010846690104159,0.0029454443707234157,-0.18978618724669027,0.0026583276999493366,-0.05738042405330579,-0.055407119872617365
hltv_2393321_107569_natus_vincere_vs_faze_m2_ancient,1777500888.550227,1,0,0.04579097556625644,0.5140449438202247,0.028702394590870317,-0.030081132423846635,-0.03834438295337261,-0.06879089963713253,-0.04361719263527958,-0.03759531252930981,0.1842645740824731,0.09897490391458635,0.055859185427450664,0.025258095389566637,-0.02656717731746827,0.08108080891914926,0.03899126441772001
hltv_2393321_107569_natus_vincere_vs_faze_m2_ancient,1777500888.550227,0,1,0.04579097556625644,0.5140449438202247,0.028702394590870317,-0.030081132423846635,-0.03834438295337261,-0.06879089963713253,-0.04361719263527958,-0.03759531252930981,0.1842645740824731,0.09897490391458635,0.055859185427450664,0.025258095389566637,-0.02656717731746827,0.08108080891914926,0.03899126441772001
hltv_2393322_107576_furia_vs_gamerlegion_m2_nuke,1777511639.907334,0,0,,,,,,,,,,,,,,,
hltv_2393322_107576_furia_vs_gamerlegion_m2_nuke,1777511639.907334,1,1,,,,,,,,,,,,,,,
hltv_2393333_107598_fut_vs_astralis_m1_mirage,1777567411.3194945,1,1,-0.04136798088410998,0.5645161290322581,-0.3492295372449672,-0.3260963736734254,0.015413688388947577,-0.023003083176066752,0.08041113649549253,0.020232350406525768,-0.22537338883274693,-0.34090208153979207,0.10086156506019045,0.13145654229360787,0.034175504793603484,-0.026323855768717985,-0.05350969948566569
hltv_2393333_107598_fut_vs_astralis_m1_mirage,1777567411.3194945,1,0,-0.04136798088410998,0.5645161290322581,-0.3492295372449672,-0.3260963736734254,0.015413688388947577,-0.023003083176066752,0.08041113649549253,0.020232350406525768,-0.22537338883274693,-0.34090208153979207,0.10086156506019045,0.13145654229360787,0.034175504793603484,-0.026323855768717985,-0.05350969948566569
hltv_2393333_107598_fut_vs_astralis_m2_nuke,1777567668.149306,0,0,0.008533501896333728,0.5442477876106194,0.0068957668582305676,0.0247883568889381,0.1545912043175322,0.22034985866462573,0.09416492100607593,0.10489801670294358,0.01283127712169757,0.028051671922880717,0.013993579526809408,0.11286657070250203,0.011179734467788915,0.03225208142689112,-0.005299977009344883
hltv_2393333_107598_fut_vs_astralis_m2_nuke,1777567668.149306,0,1,0.008533501896333728,0.5442477876106194,0.0068957668582305676,0.0247883568889381,0.1545912043175322,0.22034985866462573,0.09416492100607593,0.10489801670294358,0.01283127712169757,0.028051671922880717,0.013993579526809408,0.11286657070250203,0.011179734467788915,0.03225208142689112,-0.005299977009344883
hltv_2393334_107607_vitality_vs_g2_m1_mirage,1777578248.3873327,1,1,0.048542692939244625,0.5744047619047619,0.36325656018740327,0.33769883624149827,0.03368666920131558,0.030866383121309238,-0.06295841379676753,-0.015605647370184272,0.24978817594689473,0.3690603982569387,-0.055312159364789615,0.09708005113452478,-0.015293244671708062,-0.03577400899986444,0.24751974276711272
hltv_2393334_107607_vitality_vs_g2_m1_mirage,1777578248.3873327,1,0,0.048542692939244625,0.5744047619047619,0.36325656018740327,0.33769883624149827,0.03368666920131558,0.030866383121309238,-0.06295841379676753,-0.015605647370184272,0.24978817594689473,0.3690603982569387,-0.055312159364789615,0.09708005113452478,-0.015293244671708062,-0.03577400899986444,0.24751974276711272
hltv_2393334_107607_vitality_vs_g2_m2_overpass,1777578252.6353378,0,0,0.10257821818515461,0.5867052023121387,-0.0013119816290816377,0.0023517395149215137,-0.032403340540809844,0.019205460629575843,-0.015100287658092348,-0.008403418027845111,-0.013832903832629195,0.11324487819977197,0.006444906149653373,0.5216708339720274,-0.013521049221356718,0.10229567824912972,0.25294437450473634
hltv_2393334_107607_vitality_vs_g2_m2_overpass,1777578252.6353378,0,1,0.10257821818515461,0.5867052023121387,-0.0013119816290816377,0.0023517395149215137,-0.032403340540809844,0.019205460629575843,-0.015100287658092348,-0.008403418027845111,-0.013832903832629195,0.11324487819977197,0.006444906149653373,0.5216708339720274,-0.013521049221356718,0.10229567824912972,0.25294437450473634
hltv_2393335_107611_faze_vs_furia_m2_mirage,1777590075.6150174,1,0,-0.0012630819198845011,0.47058823529411764,-0.08342094801996408,-0.04957472041312838,-0.04532470819277773,-0.05845684957009539,0.012921461875538387,0.02496374663590495,-0.0007856967304871176,-0.03916534210306977,-0.0006847757556023293,-0.0330574340596545,0.006885331021074026,0.0238266192942842,0.08893361978404055
hltv_2393335_107611_faze_vs_furia_m2_mirage,1777590075.6150174,0,1,-0.0012630819198845011,0.47058823529411764,-0.08342094801996408,-0.04957472041312838,-0.04532470819277773,-0.05845684957009539,0.012921461875538387,0.02496374663590495,-0.0007856967304871176,-0.03916534210306977,-0.0006847757556023293,-0.0330574340596545,0.006885331021074026,0.0238266192942842,0.08893361978404055
hltv_2393335_107611_faze_vs_furia_m1_dust2,1777590083.2486668,0,1,-0.002364644487932166,0.4726027397260274,0.004656455279523852,0.0006546816552824852,0.1099119793945657,0.09425510493358957,0.059343221500222865,0.05566701528566692,-0.004740243693192703,-0.0719165217778367,0.026751032064358415,-0.09559452594573317,0.020200801452000927,-0.02156436388267846,0.13205538221374008
hltv_2393335_107611_faze_vs_furia_m1_dust2,1777590083.2486668,0,0,-0.002364644487932166,0.4726027397260274,0.004656455279523852,0.0006546816552824852,0.1099119793945657,0.09425510493358957,0.059343221500222865,0.05566701528566692,-0.004740243693192703,-0.0719165217778367,0.026751032064358415,-0.09559452594573317,0.020200801452000927,-0.02156436388267846,0.13205538221374008
hltv_2393336_107614_natus_vincere_vs_gamerlegion_m2_ancient,1777596785.0891893,1,1,-0.013661202185792365,0.5136612021857924,-0.0931867672690968,-0.06875333045831183,-0.014711297690799985,0.041574386162384735,0.04020075564384368,0.07025963878300834,-0.01516463297755788,-0.012918203309963128,-0.010058817448960589,0.01017547247535866,-0.010179149823508593,0.003255394171813919,0.43996204245229625
hltv_2393336_107614_natus_vincere_vs_gamerlegion_m2_ancient,1777596785.0891893,0,0,-0.013661202185792365,0.5136612021857924,-0.0931867672690968,-0.06875333045831183,-0.014711297690799985,0.041574386162384735,0.04020075564384368,0.07025963878300834,-0.01516463297755788,-0.012918203309963128,-0.010058817448960589,0.01017547247535866,-0.010179149823508593,0.003255394171813919,0.43996204245229625
hltv_2393336_107614_natus_vincere_vs_gamerlegion_m1_mirage,1777596795.3568108,0,0,-0.013297872340425565,0.5132978723404256,-0.01079583747018753,-0.06856568130485075,-0.11654232686401789,-0.17305904598720828,-0.051173176897882255,-0.06420719890121218,-0.017736053569563426,-0.0778968284130086,-0.012885234860339378,-0.17927323517892846,-0.02237858129986403,-0.09102149563320616,-0.006423818298803705
hltv_2393336_107614_natus_vincere_vs_gamerlegion_m1_mirage,1777596795.3568108,0,1,-0.013297872340425565,0.5132978723404256,-0.01079583747018753,-0.06856568130485075,-0.11654232686401789,-0.17305904598720828,-0.051173176897882255,-0.06420719890121218,-0.017736053569563426,-0.0778968284130086,-0.012885234860339378,-0.17927323517892846,-0.02237858129986403,-0.09102149563320616,-0.006423818298803705
hltv_2393346_107656_g2_vs_faze_m1_dust2,1777673003.7119548,0,1,0.01564856711915541,0.5220588235294118,-0.25415283092287605,-0.23356856272142484,-0.024279468392563563,-0.007002186335106131,0.05709442345068155,-0.008161252360803395,-0.2379508357842764,-0.1055376683249703,0.03363077273438958,-0.018413701573678054,0.026411273608020758,-0.0036065595645103365,0.0853909628817303
hltv_2393346_107656_g2_vs_faze_m1_dust2,1777673003.7119548,0,0,0.01564856711915541,0.5220588235294118,-0.25415283092287605,-0.23356856272142484,-0.024279468392563563,-0.007002186335106131,0.05709442345068155,-0.008161252360803395,-0.2379508357842764,-0.1055376683249703,0.03363077273438958,-0.018413701573678054,0.026411273608020758,-0.0036065595645103365,0.0853909628817303
hltv_2393346_107656_g2_vs_faze_m2_ancient,1777673006.8262465,1,0,-0.04984320845023932,0.536144578313253,-0.003783104126430792,0.007688379997682959,-0.028543346489645294,0.0034679185069211305,-0.004358097606431799,-0.007299660797204399,-0.011122948056773163,-0.03275558343299989,-0.007289069715821994,-0.08128030346676324,0.012305466605905924,-0.03385967444341914,0.0853909628817303
hltv_2393346_107656_g2_vs_faze_m2_ancient,1777673006.8262465,1,1,-0.04984320845023932,0.536144578313253,-0.003783104126430792,0.007688379997682959,-0.028543346489645294,0.0034679185069211305,-0.004358097606431799,-0.007299660797204399,-0.011122948056773163,-0.03275558343299989,-0.007289069715821994,-0.08128030346676324,0.012305466605905924,-0.03385967444341914,0.0853909628817303
hltv_2393347_107661_gamerlegion_vs_astralis_m2_inferno,1777688072.2966545,0,0,-0.16007532956685505,0.5211864406779662,-0.06930264960694832,0.12348704548577544,-0.032506407758671696,0.019976389697996533,-0.0023501504412444807,-0.003726106404553786,-0.19627967623305315,0.06010386255401051,0.0031050579886234275,0.039404220677181134,-0.006678242606109053,0.06519773397775214,-0.03737162621014061
hltv_2393347_107661_gamerlegion_vs_astralis_m2_inferno,1777688072.2966545,1,1,-0.16007532956685505,0.5211864406779662,-0.06930264960694832,0.12348704548577544,-0.032506407758671696,0.019976389697996533,-0.0023501504412444807,-0.003726106404553786,-0.19627967623305315,0.06010386255401051,0.0031050579886234275,0.039404220677181134,-0.006678242606109053,0.06519773397775214,-0.03737162621014061
hltv_2393347_107661_gamerlegion_vs_astralis_m1_overpass,1777688075.3793824,1,1,-0.1290208554259456,0.5203252032520326,0.005297025853885806,-0.0038205327674346035,-0.004219835823643936,-0.05012930875976279,-0.0031478288078764516,-0.017312766305279337,-0.005176038731421695,0.014989350362509868,-0.021482680801834353,-0.06010198364586489,-0.010015684563134397,-0.028825156448463396,-0.018342539075391455
hltv_2393347_107661_gamerlegion_vs_astralis_m1_overpass,1777688075.3793824,1,0,-0.1290208554259456,0.5203252032520326,0.005297025853885806,-0.0038205327674346035,-0.004219835823643936,-0.05012930875976279,-0.0031478288078764516,-0.017312766305279337,-0.005176038731421695,0.014989350362509868,-0.021482680801834353,-0.06010198364586489,-0.010015684563134397,-0.028825156448463396,-0.018342539075391455
hltv_2393348_107692_natus_vincere_vs_faze_m1_dust2,1777748321.7190793,0,1,0.020224917569477086,0.5259067357512953,-0.17147103234181565,-0.05283897917347813,-0.0010737148648688466,0.023666731991816514,0.04850582341194959,0.06100491040144318,-0.07456051084760201,0.11116982481505772,-0.023296272017582165,-0.03990281866379525,-0.0018654924023183694,0.04235435079629912,0.09646131690760493
hltv_2393348_107692_natus_vincere_vs_faze_m1_dust2,1777748321.7190793,1,0,0.020224917569477086,0.5259067357512953,-0.17147103234181565,-0.05283897917347813,-0.0010737148648688466,0.023666731991816514,0.04850582341194959,0.06100491040144318,-0.07456051084760201,0.11116982481505772,-0.023296272017582165,-0.03990281866379525,-0.0018654924023183694,0.04235435079629912,0.09646131690760493
hltv_2393348_107692_natus_vincere_vs_faze_m2_ancient,1777749841.5959053,1,0,0.019876181166503804,0.5252525252525253,0.0017211982734056663,0.01571502029816285,0.09104123579595846,0.19378761444462994,0.050918959023789456,0.08265631231850729,0.008587327795496091,-0.006427082715722843,0.007455468429229395,0.03482986600463195,-0.001449004481211491,0.01197911669310775,0.13494339963720686
hltv_2393348_107692_natus_vincere_vs_faze_m2_ancient,1777749841.5959053,0,1,0.019876181166503804,0.5252525252525253,0.0017211982734056663,0.01571502029816285,0.09104123579595846,0.19378761444462994,0.050918959023789456,0.08265631231850729,0.008587327795496091,-0.006427082715722843,0.007455468429229395,0.03482986600463195,-0.001449004481211491,0.01197911669310775,0.13494339963720686
hltv_2393349_107699_vitality_vs_gamerlegion_m1_mirage,1777755675.6202633,1,1,0.0702247191011236,0.5702247191011236,-0.06759344419839564,-0.10558459512161097,-0.0342374048315498,-0.04601427334804864,-0.018152430775921047,-0.012648727919369884,-0.006288538347428374,-0.018034760801202754,0.030683873881338197,0.070574885508146,-0.0215767637982493,0.12320139619945081,0.272124846900786
hltv_2393349_107699_vitality_vs_gamerlegion_m1_mirage,1777755675.6202633,1,0,0.0702247191011236,0.5702247191011236,-0.06759344419839564,-0.10558459512161097,-0.0342374048315498,-0.04601427334804864,-0.018152430775921047,-0.012648727919369884,-0.006288538347428374,-0.018034760801202754,0.030683873881338197,0.070574885508146,-0.0215767637982493,0.12320139619945081,0.272124846900786
hltv_2393349_107699_vitality_vs_gamerlegion_m2_overpass,1777759469.8298001,1,0,0.15772478887232982,0.5819672131147541,-0.0070995536028108375,0.02426942517457703,0.2347932640982211,0.2264108858192873,0.1375853204634655,0.11063892916973594,-0.005308753817245937,-0.025688836528483416,0.0199328608113557,-0.0059154642967161886,0.0004756235356987992,0.03360153808972077,0.3987893004122486
hltv_2393349_107699_vitality_vs_gamerlegion_m2_overpass,1777759469.8298001,1,1,0.15772478887232982,0.5819672131147541,-0.0070995536028108375,0.02426942517457703,0.2347932640982211,0.2264108858192873,0.1375853204634655,0.11063892916973594,-0.005308753817245937,-0.025688836528483416,0.0199328608113557,-0.0059154642967161886,0.0004756235356987992,0.03360153808972077,0.3987893004122486
hltv_2393350_107729_natus_vincere_vs_vitality_m2_anubis,1777840763.9624796,1,0,0.06845456451105758,0.5930851063829787,-0.2963812734356549,-0.17240457630757,-0.00976919473779081,-0.0042079494017635555,0.03400362656540101,0.1057910864054955,-0.17097009646349431,-0.11009981407174163,0.0528339695829268,0.009201775761845832,-0.0041424030661492695,0.13280582623015375,0.21383730524187217
hltv_2393350_107729_natus_vincere_vs_vitality_m2_anubis,1777840763.9624796,0,1,0.06845456451105758,0.5930851063829787,-0.2963812734356549,-0.17240457630757,-0.00976919473779081,-0.0042079494017635555,0.03400362656540101,0.1057910864054955,-0.17097009646349431,-0.11009981407174163,0.0528339695829268,0.009201775761845832,-0.0041424030661492695,0.13280582623015375,0.21383730524187217
hltv_2393350_107729_natus_vincere_vs_vitality_m1_nuke,1777840769.3821812,0,0,0.0666351135910721,0.5906735751295337,-0.002952077351028759,-0.001097814520476692,-0.01012543190668136,-0.030736684247452295,-0.004756361303280776,-0.015656796380384363,0.00459313981043985,0.024892129317888534,-0.005066773371818711,0.00845485201036017,-0.005441480798598963,-0.014201728716681294,0.20689971071647026
hltv_2393350_107729_natus_vincere_vs_vitality_m1_nuke,1777840769.3821812,1,1,0.0666351135910721,0.5906735751295337,-0.002952077351028759,-0.001097814520476692,-0.01012543190668136,-0.030736684247452295,-0.004756361303280776,-0.015656796380384363,0.00459313981043985,0.024892129317888534,-0.005066773371818711,0.00845485201036017,-0.005441480798598963,-0.014201728716681294,0.20689971071647026
hltv_2393350_107729_natus_vincere_vs_vitality_m3_dust2,1777841195.7781343,0,0,0.06490965998008247,0.5883838383838383,-0.00036834058328477637,3.255314472910831e-05,0.01919953102149663,0.043451486001439166,0.007027246162618517,0.01862697889376569,0.00318052273876257,0.03558381523406218,-0.001470687498756118,0.0706983531115642,-0.007622113753602167,0.055609905721361375,0.2125442819616487
hltv_2393350_107729_natus_vincere_vs_vitality_m3_dust2,1777841195.7781343,1,1,0.06490965998008247,0.5883838383838383,-0.00036834058328477637,3.255314472910831e-05,0.01919953102149663,0.043451486001439166,0.007027246162618517,0.01862697889376569,0.00318052273876257,0.03558381523406218,-0.001470687498756118,0.0706983531115642,-0.007622113753602167,0.055609905721361375,0.2125442819616487
hltv_2394117_107827_g2_vs_fisher_college_m1_ancient,1778308729.5012302,0,1,,,,,,,,,,,,,,,
hltv_2394117_107827_g2_vs_fisher_college_m1_ancient,1778308729.5012302,1,0,,,,,,,,,,,,,,,
hltv_2394116_107828_aurora_vs_heroic_m1_nuke,1778309422.9057877,1,1,-0.05319148936170215,0.5,-0.22436956346427595,-0.18946449635014456,-0.030545260815644903,-0.009866517286336307,0.03397334404496838,0.0017842128426648896,-0.18032303041136755,-0.2663421544132343,-0.002485362679267855,-0.19135862050652025,0.012598427356749098,0.09789747064117926,0.25432964193898017
hltv_2394116_107828_aurora_vs_heroic_m1_nuke,1778309422.9057877,1,0,-0.05319148936170215,0.5,-0.22436956346427595,-0.18946449635014456,-0.030545260815644903,-0.009866517286336307,0.03397334404496838,0.0017842128426648896,-0.18032303041136755,-0.2663421544132343,-0.002485362679267855,-0.19135862050652025,0.012598427356749098,0.09789747064117926,0.25432964193898017
hltv_2394116_107828_aurora_vs_heroic_m2_dust2,1778316067.8465233,1,0,0.05042561065877127,0.46113989637305697,-0.004390277020819622,-0.016845848753118176,0.0075740139949585505,0.003996437586057833,0.0012642092778315517,0.0005271108970134053,0.013970562969816136,0.018296090085186623,-0.0030042538697692134,0.03260139971990267,0.0037642651419530493,0.02590507830790917,0.05913669710576352
hltv_2394116_107828_aurora_vs_heroic_m2_dust2,1778316067.8465233,1,1,0.05042561065877127,0.46113989637305697,-0.004390277020819622,-0.016845848753118176,0.0075740139949585505,0.003996437586057833,0.0012642092778315517,0.0005271108970134053,0.013970562969816136,0.018296090085186623,-0.0030042538697692134,0.03260139971990267,0.0037642651419530493,0.02590507830790917,0.05913669710576352
hltv_2394119_107829_the_mongolz_vs_magic_m2_inferno,1778319204.47665,0,1,,,,,,,,,,,,,,,
hltv_2394119_107829_the_mongolz_vs_magic_m2_inferno,1778319204.47665,0,0,,,,,,,,,,,,,,,
hltv_2394118_107831_mouz_vs_gentle_mates_m2_mirage,1778321041.9480617,1,1,0.16781609195402297,0.6333333333333333,0.20104804063510012,0.14458434566177425,0.08394245492022434,0.04608147493167519,-0.013407591730431434,-0.02081052646722903,0.07439665379253224,0.22136270799098462,0.06192524892211754,-0.11175793061757766,-0.0012013196861680453,0.013371325307850457,
hltv_2394118_107831_mouz_vs_gentle_mates_m2_mirage,1778321041.9480617,1,0,0.16781609195402297,0.6333333333333333,0.20104804063510012,0.14458434566177425,0.08394245492022434,0.04608147493167519,-0.013407591730431434,-0.02081052646722903,0.07439665379253224,0.22136270799098462,0.06192524892211754,-0.11175793061757766,-0.0012013196861680453,0.013371325307850457,
hltv_2394118_107831_mouz_vs_gentle_mates_m3_ancient,1778321042.8814428,0,0,0.28478260869565214,0.725,-0.0049931732790836625,0.026938834538408785,0.1492880416864954,0.18551002637126163,0.09486387346374398,0.0696649516928683,0.0008199799774255556,0.014157258969737574,0.01638763866597598,-0.03526988494031158,0.01729514368624757,0.002190332303295184,
hltv_2394118_107831_mouz_vs_gentle_mates_m3_ancient,1778321042.8814428,1,1,0.28478260869565214,0.725,-0.0049931732790836625,0.026938834538408785,0.1492880416864954,0.18551002637126163,0.09486387346374398,0.0696649516928683,0.0008199799774255556,0.014157258969737574,0.01638763866597598,-0.03526988494031158,0.01729514368624757,0.002190332303295184,
hltv_2394118_107831_mouz_vs_gentle_mates_m1_nuke,1778321061.6980264,0,0,0.23670103092783512,0.68,-0.004550440873314021,-0.014829259806803385,-0.08020836238993623,-0.05854687213950621,-0.04935291971686162,-0.047339372766677656,0.0006071558675249111,0.017610358388056246,-0.0016485334925481765,0.2541953928884475,0.002775706352633911,0.037188263532188126,
hltv_2394118_107831_mouz_vs_gentle_mates_m1_nuke,1778321061.6980264,0,1,0.23670103092783512,0.68,-0.004550440873314021,-0.014829259806803385,-0.08020836238993623,-0.05854687213950621,-0.04935291971686162,-0.047339372766677656,0.0006071558675249111,0.017610358388056246,-0.0016485334925481765,0.2541953928884475,0.002775706352633911,0.037188263532188126,
hltv_2394121_107832_spirit_vs_the_huns_m2_ancient,1778325974.5639827,0,1,,,,,,,,,,,,,,,
hltv_2394121_107832_spirit_vs_the_huns_m2_ancient,1778325974.5639827,0,0,,,,,,,,,,,,,,,
hltv_2394122_107840_furia_vs_monte_m1_nuke,1778333372.764824,1,1,,,,,,,,,,,,,,,
hltv_2394122_107840_furia_vs_monte_m1_nuke,1778333372.764824,0,0,,,,,,,,,,,,,,,
hltv_2394123_107837_parivision_vs_9z_m2_ancient,1778333385.9600618,1,0,-0.00954759106933023,0.391304347826087,-0.02031097224367351,-0.1390988838153433,0.10066646795049561,0.007483535411457742,0.02142616807642056,0.005928001164090091,0.0963837204167417,0.0370247453640003,0.09607659498733451,0.05048740285702602,-0.03153780262061501,-0.00891393984324157,0.3641889133965265
hltv_2394123_107837_parivision_vs_9z_m2_ancient,1778333385.9600618,0,1,-0.00954759106933023,0.391304347826087,-0.02031097224367351,-0.1390988838153433,0.10066646795049561,0.007483535411457742,0.02142616807642056,0.005928001164090091,0.0963837204167417,0.0370247453640003,0.09607659498733451,0.05048740285702602,-0.03153780262061501,-0.00891393984324157,0.3641889133965265
hltv_2394123_107837_parivision_vs_9z_m1_inferno,1778333386.9488637,0,0,-0.025093370681605942,0.4107142857142857,0.0005801827264957371,0.018663672518797192,-0.04809347547092924,-0.0518099675452528,-0.028584125746950406,-0.03965037658085674,0.0003929515123012317,0.0019454109326214608,-0.018440777356063198,-0.03129279260148493,0.002099151419456158,0.0015206698642690752,0.15407156688916301
hltv_2394123_107837_parivision_vs_9z_m1_inferno,1778333386.9488637,1,1,-0.025093370681605942,0.4107142857142857,0.0005801827264957371,0.018663672518797192,-0.04809347547092924,-0.0518099675452528,-0.028584125746950406,-0.03965037658085674,0.0003929515123012317,0.0019454109326214608,-0.018440777356063198,-0.03129279260148493,0.002099151419456158,0.0015206698642690752,0.15407156688916301
hltv_2394122_107840_furia_vs_monte_m2_overpass,1778335045.5396876,1,0,-0.04213483146067415,0.5,-0.0045675879936636354,0.0012191286650005684,0.06723111033195389,0.17196804666098234,0.04516675160969014,0.07171451861104727,0.007861519076607482,-0.049109154057633775,0.01024737515232782,-0.19206994215353218,-0.008831093184875627,-0.07929949867265185,1.0472091102081447
hltv_2394122_107840_furia_vs_monte_m2_overpass,1778335045.5396876,1,1,-0.04213483146067415,0.5,-0.0045675879936636354,0.0012191286650005684,0.06723111033195389,0.17196804666098234,0.04516675160969014,0.07171451861104727,0.007861519076607482,-0.049109154057633775,0.01024737515232782,-0.19206994215353218,-0.008831093184875627,-0.07929949867265185,1.0472091102081447
hltv_2394125_107854_k27_vs_gentle_mates_m1_nuke,1778401385.3002915,0,0,,,,,,,,,,,,,,,
hltv_2394125_107854_k27_vs_gentle_mates_m1_nuke,1778401385.3002915,0,1,,,,,,,,,,,,,,,
hltv_2394124_107855_mouz_vs_g2_m3_inferno,1778401623.8631837,0,0,0.0433006535947712,0.5138888888888888,0.002156097784878963,0.03290969408284927,0.0964463571581824,0.10625954756619854,0.03605679510275889,0.038508190114783236,-0.04457699159172479,0.0577110868690901,0.027766729274443125,0.11796252253390643,0.023341961335304307,-0.014423225699342734,0.0837514972439804
hltv_2394124_107855_mouz_vs_g2_m3_inferno,1778401623.8631837,0,1,0.0433006535947712,0.5138888888888888,0.002156097784878963,0.03290969408284927,0.0964463571581824,0.10625954756619854,0.03605679510275889,0.038508190114783236,-0.04457699159172479,0.0577110868690901,0.027766729274443125,0.11796252253390643,0.023341961335304307,-0.014423225699342734,0.0837514972439804
hltv_2394124_107855_mouz_vs_g2_m2_mirage,1778401627.3150935,1,1,-0.014807622284257804,0.4953271028037383,0.0051103780921732955,-0.0005305347978620256,0.014309667922720537,-0.015975917124283368,-0.005139130050768825,-0.00764000492843836,-0.008760121388313058,-0.20070308891498229,0.013903241849644254,-0.28767833168278545,0.003726332417992917,-0.037464688602908025,0.0837514972439804
hltv_2394124_107855_mouz_vs_g2_m2_mirage,1778401627.3150935,1,0,-0.014807622284257804,0.4953271028037383,0.0051103780921732955,-0.0005305347978620256,0.014309667922720537,-0.015975917124283368,-0.005139130050768825,-0.00764000492843836,-0.008760121388313058,-0.20070308891498229,0.013903241849644254,-0.28767833168278545,0.003726332417992917,-0.037464688602908025,0.0837514972439804
hltv_2394124_107855_mouz_vs_g2_m1_dust2,1778401644.1424668,1,0,0.038980836236933825,0.5121951219512195,-0.0017435068917211471,-0.056558713263178906,-0.011259664781050727,-0.10370743245721675,-0.0035002216286644794,-0.012039961325957693,0.022670497807363688,-0.017171206412377293,0.017618681197719865,0.08444127941834723,0.017824919504069114,0.03702210007291845,0.0837514972439804
hltv_2394124_107855_mouz_vs_g2_m1_dust2,1778401644.1424668,1,1,0.038980836236933825,0.5121951219512195,-0.0017435068917211471,-0.056558713263178906,-0.011259664781050727,-0.10370743245721675,-0.0035002216286644794,-0.012039961325957693,0.022670497807363688,-0.017171206412377293,0.017618681197719865,0.08444127941834723,0.017824919504069114,0.03702210007291845,0.0837514972439804
hltv_2394125_107854_k27_vs_gentle_mates_m3_ancient,1778402337.3082273,1,0,-0.3267857142857143,0.8125,0.0073826068135904865,0.008323465786158502,0.05704723942494755,0.05427343543858271,0.033886462425677,0.037016897202268084,0.010863676456552507,-0.030603088709788173,0.017879049284790283,-0.0797278387079115,0.0044515314908880055,-0.025772380928580585,
hltv_2394125_107854_k27_vs_gentle_mates_m3_ancient,1778402337.3082273,1,1,-0.3267857142857143,0.8125,0.0073826068135904865,0.008323465786158502,0.05704723942494755,0.05427343543858271,0.033886462425677,0.037016897202268084,0.010863676456552507,-0.030603088709788173,0.017879049284790283,-0.0797278387079115,0.0044515314908880055,-0.025772380928580585,
hltv_2394127_107860_aurora_vs_the_huns_m2_dust2,1778406733.0071585,1,1,-0.33775252525252525,0.8125,0.1026315922303927,0.08345840661802956,0.06378560730451033,0.09003286137349187,0.007757555496845092,0.06187060907943048,-0.010591088863822984,-0.24948271470485756,0.000995101235763185,-0.16322841224039547,-0.008752619575153553,0.049445906610069756,0.6170878205397856
hltv_2394127_107860_aurora_vs_the_huns_m2_dust2,1778406733.0071585,0,0,-0.33775252525252525,0.8125,0.1026315922303927,0.08345840661802956,0.06378560730451033,0.09003286137349187,0.007757555496845092,0.06187060907943048,-0.010591088863822984,-0.24948271470485756,0.000995101235763185,-0.16322841224039547,-0.008752619575153553,0.049445906610069756,0.6170878205397856
hltv_2394127_107860_aurora_vs_the_huns_m1_nuke,1778406853.425512,1,1,-0.2169382341796135,0.6923076923076923,0.004363109500860218,0.0034866796549807844,0.09747165294457849,0.18191791053519274,0.056164112635175234,0.06397996406747014,0.005739894359590991,-0.02941413292649958,0.009793651517498447,-0.15271812163606668,0.006368730399026856,-0.06009564434770559,0.5677956809991274
hltv_2394127_107860_aurora_vs_the_huns_m1_nuke,1778406853.425512,1,0,-0.2169382341796135,0.6923076923076923,0.004363109500860218,0.0034866796549807844,0.09747165294457849,0.18191791053519274,0.056164112635175234,0.06397996406747014,0.005739894359590991,-0.02941413292649958,0.009793651517498447,-0.15271812163606668,0.006368730399026856,-0.06009564434770559,0.5677956809991274
hltv_2394126_107862_the_mongolz_vs_spirit_m1_dust2,1778410779.5674038,1,0,-0.01657824933687002,0.5769230769230769,-0.1614280376479021,-0.049843991995659476,-0.08963119388235691,0.03965885993567758,0.019441284073682064,-0.008114137697632418,-0.1351899613104819,0.07318098039990212,-0.08595932445728427,-0.2664871432315555,0.05025231089105303,-0.16653838571643115,0.04575197321930095
hltv_2394126_107862_the_mongolz_vs_spirit_m1_dust2,1778410779.5674038,0,1,-0.01657824933687002,0.5769230769230769,-0.1614280376479021,-0.049843991995659476,-0.08963119388235691,0.03965885993567758,0.019441284073682064,-0.008114137697632418,-0.1351899613104819,0.07318098039990212,-0.08595932445728427,-0.2664871432315555,0.05025231089105303,-0.16653838571643115,0.04575197321930095
hltv_2394126_107862_the_mongolz_vs_spirit_m2_ancient,1778410903.5304217,1,1,-0.015543255743422524,0.573394495412844,-0.0015581686776425796,0.03293790795223017,0.027020892679691266,0.1373863068356262,0.018424827000843857,0.04995582652616548,0.006788378359355307,-0.018671309365270672,-0.02046356234448693,-0.04511479755909409,-0.009977589014226518,-0.02164013786384228,0.06179616834118973
hltv_2394126_107862_the_mongolz_vs_spirit_m2_ancient,1778410903.5304217,0,0,-0.015543255743422524,0.573394495412844,-0.0015581686776425796,0.03293790795223017,0.027020892679691266,0.1373863068356262,0.018424827000843857,0.04995582652616548,0.006788378359355307,-0.018671309365270672,-0.02046356234448693,-0.04511479755909409,-0.009977589014226518,-0.02164013786384228,0.06179616834118973
hltv_2394129_107863_parivision_vs_fisher_college_m2_ancient,1778413087.0147495,1,0,-0.11075949367088606,0.5,0.0540318901310638,-0.07269834196208053,0.11292771369447827,0.08345225291509653,0.027190102620047896,0.041588307120345,0.11734237435574935,-0.07186990588339637,0.05186317696944487,0.19852429610424324,-0.042456464621929035,0.10340644351742057,
hltv_2394129_107863_parivision_vs_fisher_college_m2_ancient,1778413087.0147495,1,1,-0.11075949367088606,0.5,0.0540318901310638,-0.07269834196208053,0.11292771369447827,0.08345225291509653,0.027190102620047896,0.041588307120345,0.11734237435574935,-0.07186990588339637,0.05186317696944487,0.19852429610424324,-0.042456464621929035,0.10340644351742057,
hltv_2394128_107867_furia_vs_heroic_m1_mirage,1778417371.1003397,0,1,0.12419274714356682,0.4726775956284153,-0.17309037060074578,-0.13170391690482708,0.060197461340682934,0.06551490046599906,0.1057912383353053,0.03785268237153516,-0.27954991970966525,-0.07146464816599332,0.025139369147014534,-0.0918228863627108,0.044844660320687846,0.01961691184020592,0.06831344548102722
hltv_2394128_107867_furia_vs_heroic_m1_mirage,1778417371.1003397,0,0,0.12419274714356682,0.4726775956284153,-0.17309037060074578,-0.13170391690482708,0.060197461340682934,0.06551490046599906,0.1057912383353053,0.03785268237153516,-0.27954991970966525,-0.07146464816599332,0.025139369147014534,-0.0918228863627108,0.044844660320687846,0.01961691184020592,0.06831344548102722
hltv_2394128_107867_furia_vs_heroic_m2_inferno,1778417868.7750216,1,0,0.025895856662933925,0.4601063829787234,-0.004921362720748335,0.023952394921443854,0.1375596528918624,0.19786528178382615,0.0857041465944634,0.0657264014854636,-0.021966535922359032,-0.008695245914148497,-0.0038629022474382935,-0.16356296841713686,0.02365224298308871,-0.04199438661933225,0.18483587576066776
hltv_2394128_107867_furia_vs_heroic_m2_inferno,1778417868.7750216,0,1,0.025895856662933925,0.4601063829787234,-0.004921362720748335,0.023952394921443854,0.1375596528918624,0.19786528178382615,0.0857041465944634,0.0657264014854636,-0.021966535922359032,-0.008695245914148497,-0.0038629022474382935,-0.16356296841713686,0.02365224298308871,-0.04199438661933225,0.18483587576066776
hltv_2394131_107870_monte_vs_magic_m1_ancient,1778421033.125549,1,1,0.12019230769230771,0.3076923076923077,-0.26686637303891647,-0.11776766848417985,-0.08950654687413173,-0.03042008844773708,0.04866039811619938,0.0236662183043459,-0.4087887720490039,-0.086460795478222,-0.0596565842389743,0.10111914103248365,0.07253750632015465,0.14428494515251356,-0.5760970141192145
hltv_2394131_107870_monte_vs_magic_m1_ancient,1778421033.125549,0,0,0.12019230769230771,0.3076923076923077,-0.26686637303891647,-0.11776766848417985,-0.08950654687413173,-0.03042008844773708,0.04866039811619938,0.0236662183043459,-0.4087887720490039,-0.086460795478222,-0.0596565842389743,0.10111914103248365,0.07253750632015465,0.14428494515251356,-0.5760970141192145
hltv_2394131_107870_monte_vs_magic_m2_dust2,1778421051.388437,1,1,0.053418803418803396,0.3611111111111111,-0.0008242747575909481,-0.021320605666286685,0.007566215242206353,-0.01939915728086894,0.005022802587772823,0.01024835031558391,-0.020118376371836444,-0.0578684679331542,-0.007208216547277879,-0.2216554199004278,-0.008747274225408497,-0.07910909359240748,-0.5760970141192145
hltv_2394131_107870_monte_vs_magic_m2_dust2,1778421051.388437,0,0,0.053418803418803396,0.3611111111111111,-0.0008242747575909481,-0.021320605666286685,0.007566215242206353,-0.01939915728086894,0.005022802587772823,0.01024835031558391,-0.020118376371836444,-0.0578684679331542,-0.007208216547277879,-0.2216554199004278,-0.008747274225408497,-0.07910909359240748,-0.5760970141192145
hltv_2394130_107875_falcons_vs_9z_m2_mirage,1778427901.5855541,0,0,0.19685132575757575,0.62109375,-0.03011213799083845,0.15111902308134711,-0.0660414641321802,-0.07500722377250713,0.001890599758309519,-0.03678756558397789,-0.1893101381767035,0.017168171656415154,-0.11128385509629313,-0.0421276654751114,0.04230300066087944,-0.046822556640391366,0.032466984817535134
hltv_2394130_107875_falcons_vs_9z_m2_mirage,1778427901.5855541,1,1,0.19685132575757575,0.62109375,-0.03011213799083845,0.15111902308134711,-0.0660414641321802,-0.07500722377250713,0.001890599758309519,-0.03678756558397789,-0.1893101381767035,0.017168171656415154,-0.11128385509629313,-0.0421276654751114,0.04230300066087944,-0.046822556640391366,0.032466984817535134
hltv_2394130_107875_falcons_vs_9z_m1_nuke,1778427933.191382,1,1,0.18233082706766912,0.6165413533834586,0.003911071057410176,0.029521984124650735,-0.03791624252960818,0.033758179520118226,-0.02396457406958069,-0.005507311041004215,-0.00698071103543052,0.010655222732978142,0.01604338144469597,0.008713755911908982,0.007922353316098474,-0.013612953324589228,0.013893014515933624
hltv_2394130_107875_falcons_vs_9z_m1_nuke,1778427933.191382,0,0,0.18233082706766912,0.6165413533834586,0.003911071057410176,0.029521984124650735,-0.03791624252960818,0.033758179520118226,-0.02396457406958069,-0.005507311041004215,-0.00698071103543052,0.010655222732978142,0.01604338144469597,0.008713755911908982,0.007922353316098474,-0.013612953324589228,0.013893014515933624
hltv_2394133_107891_heroic_vs_gentle_mates_m1_inferno,1778481249.1629758,0,0,0.10813953488372097,0.55,-0.1600118556517126,-0.10714232870226037,-0.03455828404291389,0.0246729564813834,0.04500413283296145,-0.022533896415261268,-0.1318107333211671,0.0036661798642103616,-0.060060100611447065,0.07355744577639622,0.02623542244660343,-0.028154439933943287,
hltv_2394133_107891_heroic_vs_gentle_mates_m1_inferno,1778481249.1629758,0,1,0.10813953488372097,0.55,-0.1600118556517126,-0.10714232870226037,-0.03455828404291389,0.0246729564813834,0.04500413283296145,-0.022533896415261268,-0.1318107333211671,0.0036661798642103616,-0.060060100611447065,0.07355744577639622,0.02623542244660343,-0.028154439933943287,
hltv_2394133_107891_heroic_vs_gentle_mates_m2_mirage,1778481554.3377113,1,1,-0.011111111111111127,0.5,0.006050764503275907,0.03349147258842211,0.05360014482013831,0.06888120091077482,0.029053224526297272,0.023687769577670048,-0.002890118986442758,0.008343135568248394,0.028974715538117535,0.022957063578205594,0.011025379291901338,0.02272736623392002,
hltv_2394133_107891_heroic_vs_gentle_mates_m2_mirage,1778481554.3377113,0,0,-0.011111111111111127,0.5,0.006050764503275907,0.03349147258842211,0.05360014482013831,0.06888120091077482,0.029053224526297272,0.023687769577670048,-0.002890118986442758,0.008343135568248394,0.028974715538117535,0.022957063578205594,0.011025379291901338,0.02272736623392002,
hltv_2394132_107892_parivision_vs_aurora_m1_anubis,1778483536.9676538,1,1,0.08000530910806986,0.4879807692307692,-0.06452884319385122,-0.116107307486575,-0.02671437805487642,-0.051106783566330805,0.02135827826125719,0.021622127736799945,0.007762895201597342,-0.19349506680733214,-0.017772690455452045,-0.11846310893930811,-0.013230247030172004,-0.17798113846726077,0.06961282684459708
hltv_2394132_107892_parivision_vs_aurora_m1_anubis,1778483536.9676538,1,0,0.08000530910806986,0.4879807692307692,-0.06452884319385122,-0.116107307486575,-0.02671437805487642,-0.051106783566330805,0.02135827826125719,0.021622127736799945,0.007762895201597342,-0.19349506680733214,-0.017772690455452045,-0.11846310893930811,-0.013230247030172004,-0.17798113846726077,0.06961282684459708
hltv_2394132_107892_parivision_vs_aurora_m2_dust2,1778483708.0024552,0,1,0.10416666666666669,0.5,-0.004539412055509395,-0.025068981487086972,0.03381153284376637,-0.002316424369207537,0.022092361521620807,0.016209668520833387,-0.005545167187799072,-0.15244894973660683,0.03300718652103479,-0.15943210436145483,0.022873491278792513,-0.039933810789241575,0.08100328536867059
hltv_2394132_107892_parivision_vs_aurora_m2_dust2,1778483708.0024552,0,0,0.10416666666666669,0.5,-0.004539412055509395,-0.025068981487086972,0.03381153284376637,-0.002316424369207537,0.022092361521620807,0.016209668520833387,-0.005545167187799072,-0.15244894973660683,0.03300718652103479,-0.15943210436145483,0.022873491278792513,-0.039933810789241575,0.08100328536867059
hltv_2394134_107896_falcons_vs_monte_m1_dust2,1778491231.5695152,1,1,0.22101449275362323,0.6123188405797102,-0.07768831524249686,-0.027420380452735316,-0.04511188881145767,-0.045371072957682945,0.037999926789119176,0.024103032018079396,-0.07128621754387754,0.11714369609889927,0.020862471040051733,0.12211327633677962,0.03041159615828054,0.039499494173037164,0.7691800811232516
hltv_2394134_107896_falcons_vs_monte_m1_dust2,1778491231.5695152,0,0,0.22101449275362323,0.6123188405797102,-0.07768831524249686,-0.027420380452735316,-0.04511188881145767,-0.045371072957682945,0.037999926789119176,0.024103032018079396,-0.07128621754387754,0.11714369609889927,0.020862471040051733,0.12211327633677962,0.03041159615828054,0.039499494173037164,0.7691800811232516
hltv_2394134_107896_falcons_vs_monte_m2_ancient,1778491735.9636452,0,0,0.19767732267732274,0.6083916083916084,0.005513368233337923,0.025419665966438132,0.03784472225605989,0.08822856540246254,0.024751925928713392,0.028592921172115093,-0.01340839334066557,-0.03778005300691212,-0.004191490894406069,-0.07696360176940559,0.003998545245179674,0.0025398290701792448,0.5693877154813543
hltv_2394134_107896_falcons_vs_monte_m2_ancient,1778491735.9636452,0,1,0.19767732267732274,0.6083916083916084,0.005513368233337923,0.025419665966438132,0.03784472225605989,0.08822856540246254,0.024751925928713392,0.028592921172115093,-0.01340839334066557,-0.03778005300691212,-0.004191490894406069,-0.07696360176940559,0.003998545245179674,0.0025398290701792448,0.5693877154813543
hltv_2394136_107903_mouz_vs_9z_m2_inferno,1778504735.0622559,1,0,0.011130987875173914,0.452991452991453,0.14251360490848125,0.1360397925469941,0.07404390996131444,0.09653423848311427,-0.022795896941179783,5.766147018482215e-05,0.10550324516238707,0.12322671500545634,-0.001633051483483694,0.0853659412883398,0.004375948543201447,0.11995460828671467,-0.013679476620572121
hltv_2394136_107903_mouz_vs_9z_m2_inferno,1778504735.0622559,1,1,0.011130987875173914,0.452991452991453,0.14251360490848125,0.1360397925469941,0.07404390996131444,0.09653423848311427,-0.022795896941179783,5.766147018482215e-05,0.10550324516238707,0.12322671500545634,-0.001633051483483694,0.0853659412883398,0.004375948543201447,0.11995460828671467,-0.013679476620572121
hltv_2394136_107903_mouz_vs_9z_m1_nuke,1778504742.403189,1,1,0.07957650273224043,0.47540983606557374,0.0029118634851184044,0.02365497012671025,0.07388971407890005,0.028001377174716013,0.04673207032433008,0.02800852324970432,-0.01778741304139453,-0.02662077770499316,-0.02829934820616825,-0.03195775179350918,-0.003038823640996391,-0.013213287735163781,-0.013679476620572121
hltv_2394136_107903_mouz_vs_9z_m1_nuke,1778504742.403189,0,0,0.07957650273224043,0.47540983606557374,0.0029118634851184044,0.02365497012671025,0.07388971407890005,0.028001377174716013,0.04673207032433008,0.02800852324970432,-0.01778741304139453,-0.02662077770499316,-0.02829934820616825,-0.03195775179350918,-0.003038823640996391,-0.013213287735163781,-0.013679476620572121
hltv_2394136_107903_mouz_vs_9z_m3_ancient,1778504761.1954472,1,1,0.07071757539741491,0.4763779527559055,-0.006009141106874338,-0.003126924050766533,-0.08984998797605942,-0.07996996552590496,-0.053466597188341625,-0.04248406129592225,-0.02461635473677326,-0.004070967306486484,0.016774918106110648,-0.017962428754092097,0.008919752087882316,-0.006786948489025224,-0.013679476620572121
hltv_2394136_107903_mouz_vs_9z_m3_ancient,1778504761.1954472,0,0,0.07071757539741491,0.4763779527559055,-0.006009141106874338,-0.003126924050766533,-0.08984998797605942,-0.07996996552590496,-0.053466597188341625,-0.04248406129592225,-0.02461635473677326,-0.004070967306486484,0.016774918106110648,-0.017962428754092097,0.008919752087882316,-0.006786948489025224,-0.013679476620572121
hltv_2394139_107907_the_huns_vs_fisher_college_m2_inferno,1778510967.520104,0,1,-0.1923076923076923,0.5,0.07103229325507276,-0.0033463034525618718,-0.0007634391942980545,-0.01042950849485419,-0.016448835674928997,-0.03293024172962705,0.018421231604250243,0.2087051655965061,-0.005313634502406239,0.01925884162831637,0.004825989845876899,0.11433687290489913,0.07623217813010058
hltv_2394139_107907_the_huns_vs_fisher_college_m2_inferno,1778510967.520104,0,0,-0.1923076923076923,0.5,0.07103229325507276,-0.0033463034525618718,-0.0007634391942980545,-0.01042950849485419,-0.016448835674928997,-0.03293024172962705,0.018421231604250243,0.2087051655965061,-0.005313634502406239,0.01925884162831637,0.004825989845876899,0.11433687290489913,0.07623217813010058
hltv_2394139_107907_the_huns_vs_fisher_college_m1_nuke,1778510974.7334797,0,0,-0.38647342995169087,0.6086956521739131,-0.007410025003643961,-0.0344996833609289,-0.07720594466881858,-0.10966410299839224,-0.043643293927309645,-0.04563909285623502,-0.0022094761654410933,-0.0015297407631691406,-0.007908051622894485,0.09664966818246523,-0.011668603206093753,0.029650091947641066,0.07623217813010058
hltv_2394139_107907_the_huns_vs_fisher_college_m1_nuke,1778510974.7334797,0,1,-0.38647342995169087,0.6086956521739131,-0.007410025003643961,-0.0344996833609289,-0.07720594466881858,-0.10966410299839224,-0.043643293927309645,-0.04563909285623502,-0.0022094761654410933,-0.0015297407631691406,-0.007908051622894485,0.09664966818246523,-0.011668603206093753,0.029650091947641066,0.07623217813010058
hltv_2394138_107909_furia_vs_spirit_m2_overpass,1778515004.1366744,1,0,-0.09441565918249861,0.5555555555555556,0.17807815599622967,0.09477980515574053,0.12215215030568782,0.10534108837402367,-0.015972708854482598,0.05285812059255729,0.07923073382769086,-0.025980225224655318,0.06967303989744605,0.18644045273559112,-0.039572476529520284,0.08728407411727979,-0.0009787937299937238
hltv_2394138_107909_furia_vs_spirit_m2_overpass,1778515004.1366744,1,1,-0.09441565918249861,0.5555555555555556,0.17807815599622967,0.09477980515574053,0.12215215030568782,0.10534108837402367,-0.015972708854482598,0.05285812059255729,0.07923073382769086,-0.025980225224655318,0.06967303989744605,0.18644045273559112,-0.039572476529520284,0.08728407411727979,-0.0009787937299937238
hltv_2394110_107912_pain_vs_faze_m1_dust2,1778516018.0,0,1,-0.07653061224489793,0.5051020408163265,-0.11031300083644602,-0.08325244609643245,0.05272284175710379,0.04794907683308497,-0.010936838265210747,0.07091928381536478,0.13162846244845094,0.027636345354414338,0.06576440800236033,0.08614955753886011,-0.037849652472983664,0.1135671186943571,-0.27120375056416934
hltv_2394110_107912_pain_vs_faze_m1_dust2,1778516018.0,0,0,-0.07653061224489793,0.5051020408163265,-0.11031300083644602,-0.08325244609643245,0.05272284175710379,0.04794907683308497,-0.010936838265210747,0.07091928381536478,0.13162846244845094,0.027636345354414338,0.06576440800236033,0.08614955753886011,-0.037849652472983664,0.1135671186943571,-0.27120375056416934
hltv_2394138_107909_furia_vs_spirit_m3_mirage,1778516931.7137692,1,1,-0.05960367029069319,0.5343511450381679,-0.0014495299213689306,-0.002927116980334432,-0.016253568511012673,0.02309425598780146,-0.0072842938868747376,-0.0036609638695402347,0.012257669224674195,0.21684726462384746,-0.016322766845264736,0.3361976846789206,-0.012304557700671404,0.0013175373549558222,0.014929061578469752
hltv_2394138_107909_furia_vs_spirit_m3_mirage,1778516931.7137692,1,0,-0.05960367029069319,0.5343511450381679,-0.0014495299213689306,-0.002927116980334432,-0.016253568511012673,0.02309425598780146,-0.0072842938868747376,-0.0036609638695402347,0.012257669224674195,0.21684726462384746,-0.016322766845264736,0.3361976846789206,-0.012304557700671404,0.0013175373549558222,0.014929061578469752
hltv_2394109_107914_b8_vs_betboom_m1_mirage,1778517099.0,0,1,,,,,,,,,,,,,,,
hltv_2394109_107914_b8_vs_betboom_m1_mirage,1778517099.0,0,0,,,,,,,,,,,,,,,
hltv_2394110_107912_pain_vs_faze_m2_anubis,1778520034.0,0,0,-0.18297236743838685,0.529126213592233,-0.0019184627906889684,0.004542777617822069,0.07581182318032964,0.046413627362233534,0.044339323192588154,0.05052203488814749,-0.00018059979851636765,0.03435151597693764,0.008255319737079603,0.02644886732833368,0.0011497615550349338,-0.003899868038914567,-0.27120375056416934
hltv_2394110_107912_pain_vs_faze_m2_anubis,1778520034.0,0,1,-0.18297236743838685,0.529126213592233,-0.0019184627906889684,0.004542777617822069,0.07581182318032964,0.046413627362233534,0.044339323192588154,0.05052203488814749,-0.00018059979851636765,0.03435151597693764,0.008255319737079603,0.02644886732833368,0.0011497615550349338,-0.003899868038914567,-0.27120375056416934
hltv_2394109_107914_b8_vs_betboom_m2_nuke,1778520706.0,0,0,-0.36931818181818177,0.5568181818181818,0.0010819427067413345,-0.003673314845255793,-0.018758411932808527,0.03420705244570327,-0.009899705123554814,0.0073285800517490785,0.011682414386999185,0.030663584134368316,0.007178851497258276,0.06434593841140623,-0.005827259252415673,0.03265682516928592,-0.04366699389884911
hltv_2394109_107914_b8_vs_betboom_m2_nuke,1778520706.0,1,1,-0.36931818181818177,0.5568181818181818,0.0010819427067413345,-0.003673314845255793,-0.018758411932808527,0.03420705244570327,-0.009899705123554814,0.0073285800517490785,0.011682414386999185,0.030663584134368316,0.007178851497258276,0.06434593841140623,-0.005827259252415673,0.03265682516928592,-0.04366699389884911
hltv_2394111_107920_nrg_vs_fut_m1_ancient,1778528419.0,1,0,-0.0018007202881152873,0.5630252100840336,-0.19003150083913156,-0.0277540339875042,0.01870822750137019,0.08273843016614318,0.03482103651396312,0.02738518922336214,-0.21045322720276066,-0.06866572061115694,0.00032347300052032457,-0.011123363601855951,-0.006703663464499965,0.021765004952730982,-0.03289047741342857
hltv_2394111_107920_nrg_vs_fut_m1_ancient,1778528419.0,1,1,-0.0018007202881152873,0.5630252100840336,-0.19003150083913156,-0.0277540339875042,0.01870822750137019,0.08273843016614318,0.03482103651396312,0.02738518922336214,-0.21045322720276066,-0.06866572061115694,0.00032347300052032457,-0.011123363601855951,-0.006703663464499965,0.021765004952730982,-0.03289047741342857
hltv_2394108_107918_vitality_vs_bc_game_m2_dust2,1778529095.0,0,0,-0.08045977011494254,0.6666666666666666,0.114455922226805,0.05246403597384702,0.0822280583686551,-0.017940285929778477,-0.03355610382559476,-0.0548418208048872,-0.00892194050601669,0.09801112318263777,0.00011415679177512184,-0.055227233181323665,-0.020222218115184987,-0.0061714663757323485,
hltv_2394108_107918_vitality_vs_bc_game_m2_dust2,1778529095.0,0,1,-0.08045977011494254,0.6666666666666666,0.114455922226805,0.05246403597384702,0.0822280583686551,-0.017940285929778477,-0.03355610382559476,-0.0548418208048872,-0.00892194050601669,0.09801112318263777,0.00011415679177512184,-0.055227233181323665,-0.020222218115184987,-0.0061714663757323485,
hltv_2394111_107920_nrg_vs_fut_m2_overpass,1778532359.0,0,1,0.061529271206690606,0.6018518518518519,0.0035294214371872634,-0.006635318080390418,-0.0091933086617777,0.002151842963426409,-0.0018133408479359403,0.006470379806332249,0.0008361714988432967,0.049196970164774645,-0.009417126738819614,0.046066333302569484,-6.203558617112748e-05,-0.004167648886064523,-0.03289047741342857
hltv_2394111_107920_nrg_vs_fut_m2_overpass,1778532359.0,0,0,0.061529271206690606,0.6018518518518519,0.0035294214371872634,-0.006635318080390418,-0.0091933086617777,0.002151842963426409,-0.0018133408479359403,0.006470379806332249,0.0008361714988432967,0.049196970164774645,-0.009417126738819614,0.046066333302569484,-6.203558617112748e-05,-0.004167648886064523,-0.03289047741342857
hltv_2394112_107922_natus_vincere_vs_passion_ua_m1_anubis,1778535201.0,1,0,0.4439884113954611,0.5229357798165137,0.21080279910210048,0.06556451048097811,0.09173477361293295,0.1357828814538215,-0.042547335893298954,-0.020660996122268127,0.1496154052071993,0.08870046313633678,0.04656356457257593,0.15862664699083712,-0.035064205867126275,0.10798642126901387,0.4748508662593428
hltv_2394112_107922_natus_vincere_vs_passion_ua_m1_anubis,1778535201.0,1,1,0.4439884113954611,0.5229357798165137,0.21080279910210048,0.06556451048097811,0.09173477361293295,0.1357828814538215,-0.042547335893298954,-0.020660996122268127,0.1496154052071993,0.08870046313633678,0.04656356457257593,0.15862664699083712,-0.035064205867126275,0.10798642126901387,0.4748508662593428
hltv_2394112_107922_natus_vincere_vs_passion_ua_m2_mirage,1778538506.0,1,0,0.4711322869955157,0.5336322869955157,0.004072825347026354,0.001447609079970713,0.023002671654857865,0.005852895212051179,0.008699229821469145,0.015116190360419224,0.007710603088268764,0.014320304297794795,-0.024701658214025035,-0.05138895468633364,-0.017859108909836163,-0.015616498429430192,0.3452457821632598
hltv_2394112_107922_natus_vincere_vs_passion_ua_m2_mirage,1778538506.0,1,1,0.4711322869955157,0.5336322869955157,0.004072825347026354,0.001447609079970713,0.023002671654857865,0.005852895212051179,0.008699229821469145,0.015116190360419224,0.007710603088268764,0.014320304297794795,-0.024701658214025035,-0.05138895468633364,-0.017859108909836163,-0.015616498429430192,0.3452457821632598
hltv_2394113_107923_sinners_vs_gamerlegion_m2_inferno,1778540949.0,1,0,,,,,,,,,,,,,,,
hltv_2394113_107923_sinners_vs_gamerlegion_m2_inferno,1778540949.0,0,1,,,,,,,,,,,,,,,
hltv_2394115_107924_liquid_vs_astralis_m1_dust2,1778542874.0,1,1,0.21590909090909088,0.5,-0.12485596177386693,-0.09030611093841162,0.06592939306276502,0.046713448540369684,0.050103421533671866,0.02805138720188083,-0.17458518906674925,-0.047352497276951344,0.01756798174859392,0.06581488210576114,0.030051399781608534,-0.14836992938423033,0.12003672578345756
hltv_2394115_107924_liquid_vs_astralis_m1_dust2,1778542874.0,1,0,0.21590909090909088,0.5,-0.12485596177386693,-0.09030611093841162,0.06592939306276502,0.046713448540369684,0.050103421533671866,0.02805138720188083,-0.17458518906674925,-0.047352497276951344,0.01756798174859392,0.06581488210576114,0.030051399781608534,-0.14836992938423033,0.12003672578345756
hltv_2394115_107924_liquid_vs_astralis_m2_ancient,1778546382.0,1,0,0.2636949516648765,0.518796992481203,-0.0005714474952183135,-0.006741752296801851,0.0847146410116898,0.09782616862371901,0.04050030890098422,0.048414081374250184,-0.015481951922178272,0.04604374886064172,-0.014932075113058108,0.13361228780835238,-0.02005634978413573,0.035453939547464675,0.18787602904018064
hltv_2394115_107924_liquid_vs_astralis_m2_ancient,1778546382.0,0,1,0.2636949516648765,0.518796992481203,-0.0005714474952183135,-0.006741752296801851,0.0847146410116898,0.09782616862371901,0.04050030890098422,0.048414081374250184,-0.015481951922178272,0.04604374886064172,-0.014932075113058108,0.13361228780835238,-0.02005634978413573,0.035453939547464675,0.18787602904018064
hltv_2394114_107926_legacy_vs_m80_m1_inferno,1778548158.0,1,1,,,,,,,,,,,,,,,
hltv_2394114_107926_legacy_vs_m80_m1_inferno,1778548158.0,1,0,,,,,,,,,,,,,,,
hltv_2394114_107926_legacy_vs_m80_m2_mirage,1778551641.0,0,0,0.529891304347826,0.717391304347826,-0.003354461806725717,0.02316239223630817,0.11161323450084626,0.16984811212466683,0.07052335848066688,0.09050081997638304,-0.0013610501916970774,0.003666407665783078,0.014526918746497808,0.023324709562741908,0.008022339045559046,0.012117416307596107,
hltv_2394114_107926_legacy_vs_m80_m2_mirage,1778551641.0,0,1,0.529891304347826,0.717391304347826,-0.003354461806725717,0.02316239223630817,0.11161323450084626,0.16984811212466683,0.07052335848066688,0.09050081997638304,-0.0013610501916970774,0.003666407665783078,0.014526918746497808,0.023324709562741908,0.008022339045559046,0.012117416307596107,
hltv_2394140_107930_mouz_vs_aurora_m1_dust2,1778569970.600832,0,0,0.01125938281901584,0.48853211009174313,0.06909748855041142,0.07459251961737856,0.054411015357601344,0.05404324139105299,0.008842488508393309,0.05345442391298738,0.1176005940997239,0.4020183959097472,0.017747158739731927,-0.05078177222884683,-0.008855565890863448,0.11110307998219099,0.07410713645291783
hltv_2394140_107930_mouz_vs_aurora_m1_dust2,1778569970.600832,0,1,0.01125938281901584,0.48853211009174313,0.06909748855041142,0.07459251961737856,0.054411015357601344,0.05404324139105299,0.008842488508393309,0.05345442391298738,0.1176005940997239,0.4020183959097472,0.017747158739731927,-0.05078177222884683,-0.008855565890863448,0.11110307998219099,0.07410713645291783
hltv_2394141_107929_heroic_vs_magic_m1_mirage,1778570029.9513009,0,1,0.1388888888888889,0.5,-0.15546161760833593,0.13732070324736517,-0.0909377085349184,-0.0917304121119944,0.014166822944410074,0.024599663155129847,-0.19561375337737247,0.3259241684329367,0.009304161969413138,-0.08606720473653978,0.057565271097370696,0.092515399402468,0.0669003827552592
hltv_2394141_107929_heroic_vs_magic_m1_mirage,1778570029.9513009,0,0,0.1388888888888889,0.5,-0.15546161760833593,0.13732070324736517,-0.0909377085349184,-0.0917304121119944,0.014166822944410074,0.024599663155129847,-0.19561375337737247,0.3259241684329367,0.009304161969413138,-0.08606720473653978,0.057565271097370696,0.092515399402468,0.0669003827552592
hltv_2394141_107929_heroic_vs_magic_m2_dust2,1778570059.1938472,1,0,-0.043103448275862044,0.5,-0.0019146620966275507,0.006622950610416012,-0.0340392506296881,-0.02968073047438735,-0.01617317526738199,-0.019556049061766556,-0.0147317235601378,-0.03659416873653898,0.04754104757060612,-0.2478260760967389,0.015178827996793542,-0.06438332329938812,0.0669003827552592
hltv_2394141_107929_heroic_vs_magic_m2_dust2,1778570059.1938472,1,1,-0.043103448275862044,0.5,-0.0019146620966275507,0.006622950610416012,-0.0340392506296881,-0.02968073047438735,-0.01617317526738199,-0.019556049061766556,-0.0147317235601378,-0.03659416873653898,0.04754104757060612,-0.2478260760967389,0.015178827996793542,-0.06438332329938812,0.0669003827552592
hltv_2394141_107929_heroic_vs_magic_m3_inferno,1778571931.2748108,0,1,0.0892857142857143,0.5,0.005192152904581637,0.0373469427080696,0.05433144624381481,-0.0016620345686073623,0.03332508093511838,-0.0051681597371617816,-0.00927262018546171,0.016091660138032537,-0.002104025638471674,-0.00818773097283132,-0.023087961991321126,-0.010989146507614844,0.0669003827552592
hltv_2394141_107929_heroic_vs_magic_m3_inferno,1778571931.2748108,0,0,0.0892857142857143,0.5,0.005192152904581637,0.0373469427080696,0.05433144624381481,-0.0016620345686073623,0.03332508093511838,-0.0051681597371617816,-0.00927262018546171,0.016091660138032537,-0.002104025638471674,-0.00818773097283132,-0.023087961991321126,-0.010989146507614844,0.0669003827552592
hltv_2394140_107930_mouz_vs_aurora_m2_nuke,1778572697.0140064,1,1,-0.018771889627180793,0.49635036496350365,-0.005471566158598229,-0.03918271819522773,-0.022218277810944154,-0.07059241353916912,-0.01054799942271989,-0.0190658619598168,0.00785885680475007,0.0032892624752222654,0.0228337521094642,-0.08280481073629886,0.003964358717527816,-0.019476069242699956,0.058585515964148224
hltv_2394140_107930_mouz_vs_aurora_m2_nuke,1778572697.0140064,1,0,-0.018771889627180793,0.49635036496350365,-0.005471566158598229,-0.03918271819522773,-0.022218277810944154,-0.07059241353916912,-0.01054799942271989,-0.0190658619598168,0.00785885680475007,0.0032892624752222654,0.0228337521094642,-0.08280481073629886,0.003964358717527816,-0.019476069242699956,0.058585515964148224
hltv_2394143_107936_monte_vs_the_huns_m1_nuke,1778582284.1118712,1,1,-0.1785714285714286,0.6785714285714286,0.03967563238516569,0.13932139305429914,0.02361711178394954,-0.00023090646973344953,-0.02849942237262504,-0.053868689414973914,-0.008511744178871128,0.3830076328111556,-0.028384226468846363,0.09038300581967279,-0.010131233172705867,-0.0016677315723173658,0.0752391293891086
hltv_2394143_107936_monte_vs_the_huns_m1_nuke,1778582284.1118712,1,0,-0.1785714285714286,0.6785714285714286,0.03967563238516569,0.13932139305429914,0.02361711178394954,-0.00023090646973344953,-0.02849942237262504,-0.053868689414973914,-0.008511744178871128,0.3830076328111556,-0.028384226468846363,0.09038300581967279,-0.010131233172705867,-0.0016677315723173658,0.0752391293891086
hltv_2394143_107936_monte_vs_the_huns_m2_dust2,1778582286.1698887,0,0,-0.009968102073365293,0.5757575757575758,0.003157583688294663,0.048535464062716305,0.1549970638562881,0.3117671874249371,0.09856229640973962,0.13262958545186093,0.01620445301756268,0.12772965192135916,0.00026246507652100126,0.23540113012084887,0.0015364174172282086,0.0734256523831679,0.0752391293891086
hltv_2394143_107936_monte_vs_the_huns_m2_dust2,1778582286.1698887,1,1,-0.009968102073365293,0.5757575757575758,0.003157583688294663,0.048535464062716305,0.1549970638562881,0.3117671874249371,0.09856229640973962,0.13262958545186093,0.01620445301756268,0.12772965192135916,0.00026246507652100126,0.23540113012084887,0.0015364174172282086,0.0734256523831679,0.0752391293891086
hltv_2394142_107935_the_mongolz_vs_falcons_m1_dust2,1778582293.947841,0,0,0.017662399241346605,0.5878378378378378,0.09214696912783082,0.12473576078919968,0.021842246862617154,0.029619934400899495,-0.007329454098535915,-0.025588942446375496,-0.028773276447922602,0.06003012608088504,-0.03754688550444463,-0.13348746089586314,0.016973529962494627,-0.045430289386611256,-0.019266234918571025
hltv_2394142_107935_the_mongolz_vs_falcons_m1_dust2,1778582293.947841,1,1,0.017662399241346605,0.5878378378378378,0.09214696912783082,0.12473576078919968,0.021842246862617154,0.029619934400899495,-0.007329454098535915,-0.025588942446375496,-0.028773276447922602,0.06003012608088504,-0.03754688550444463,-0.13348746089586314,0.016973529962494627,-0.045430289386611256,-0.019266234918571025
hltv_2394142_107935_the_mongolz_vs_falcons_m2_inferno,1778582299.252955,1,1,0.017740429505135435,0.5849673202614379,-0.0019084870804360055,0.0013713911325609063,0.027963991434891255,0.01282105173904835,0.016108709307524838,0.026817741758844937,-0.01352070430761132,0.004332225303594728,-0.03379640272138895,-0.3483238786672613,-0.03011072565977646,-0.05166197660042532,-0.011404521783142763
hltv_2394142_107935_the_mongolz_vs_falcons_m2_inferno,1778582299.252955,0,0,0.017740429505135435,0.5849673202614379,-0.0019084870804360055,0.0013713911325609063,0.027963991434891255,0.01282105173904835,0.016108709307524838,0.026817741758844937,-0.01352070430761132,0.004332225303594728,-0.03379640272138895,-0.3483238786672613,-0.03011072565977646,-0.05166197660042532,-0.011404521783142763
hltv_2394143_107936_monte_vs_the_huns_m3_mirage,1778583887.2559502,1,1,-0.007649938800489586,0.5657894736842105,-0.0010482915065136433,-0.002516571712017912,-0.11784630281957531,-0.03758532512184298,-0.07045173666077009,-0.055104000048383395,0.007196186482906319,-0.011872377485993124,0.006324298987786026,-0.05591303291617805,-0.004016575687461388,-0.015953003736331406,0.0752391293891086
hltv_2394143_107936_monte_vs_the_huns_m3_mirage,1778583887.2559502,1,0,-0.007649938800489586,0.5657894736842105,-0.0010482915065136433,-0.002516571712017912,-0.11784630281957531,-0.03758532512184298,-0.07045173666077009,-0.055104000048383395,0.007196186482906319,-0.011872377485993124,0.006324298987786026,-0.05591303291617805,-0.004016575687461388,-0.015953003736331406,0.0752391293891086
hltv_2394142_107935_the_mongolz_vs_falcons_m3_mirage,1778583891.3123326,0,0,0.017762351980400104,0.5822784810126582,-0.0021592839772711647,0.01910735122006446,-0.04861767900059988,-0.035612255826709904,-0.030696945458945468,-0.02944430402282444,-0.009883655384182899,-0.0017508820673464154,-0.03282405189548937,-0.09379387921294208,-0.01536260463297362,-0.05512601986381327,-0.02911696716443555
hltv_2394142_107935_the_mongolz_vs_falcons_m3_mirage,1778583891.3123326,0,1,0.017762351980400104,0.5822784810126582,-0.0021592839772711647,0.01910735122006446,-0.04861767900059988,-0.035612255826709904,-0.030696945458945468,-0.02944430402282444,-0.009883655384182899,-0.0017508820673464154,-0.03282405189548937,-0.09379387921294208,-0.01536260463297362,-0.05512601986381327,-0.02911696716443555
hltv_2394145_107943_parivision_vs_g2_m2_dust2,1778592254.4147122,1,1,0.12693508736961,0.5402298850574713,-0.02000352677081918,-0.035744664446041796,-0.014536729203879717,-0.006151123731292729,-0.004843435679395824,-0.01916849936597881,-0.014091887889699173,-0.136484908100602,-0.007198524365643777,-0.042705443561665446,0.01614071659650612,-0.04728794650589657,0.09283039366101026
hltv_2394145_107943_parivision_vs_g2_m2_dust2,1778592254.4147122,1,0,0.12693508736961,0.5402298850574713,-0.02000352677081918,-0.035744664446041796,-0.014536729203879717,-0.006151123731292729,-0.004843435679395824,-0.01916849936597881,-0.014091887889699173,-0.136484908100602,-0.007198524365643777,-0.042705443561665446,0.01614071659650612,-0.04728794650589657,0.09283039366101026
hltv_2394145_107943_parivision_vs_g2_m1_mirage,1778592261.4684348,1,1,0.16353199804592083,0.5652173913043478,0.0009710499531061512,-0.015851829233777037,-0.0398376463727651,-0.07854808628538068,-0.02628569435607897,-0.029703123693034628,0.006586078744308499,0.10848394694145727,0.01468156343873811,0.2242307236525751,-0.01696580417015975,0.05716485154715556,0.06241449867479687
hltv_2394145_107943_parivision_vs_g2_m1_mirage,1778592261.4684348,0,0,0.16353199804592083,0.5652173913043478,0.0009710499531061512,-0.015851829233777037,-0.0398376463727651,-0.07854808628538068,-0.02628569435607897,-0.029703123693034628,0.006586078744308499,0.10848394694145727,0.01468156343873811,0.2242307236525751,-0.01696580417015975,0.05716485154715556,0.06241449867479687
hltv_2394144_107942_furia_vs_gentle_mates_m1_nuke,1778592265.5279589,1,1,-0.002315270935960567,0.49,-0.014222792844325538,-0.05932729425464678,-0.0769180857444241,-0.11100981302190105,-0.029332261700051154,-0.027615708163209074,0.05832139609607995,0.18545441999599427,0.026121612984175757,0.16740172643701837,0.02317080303189034,-0.014909921402726067,
hltv_2394144_107942_furia_vs_gentle_mates_m1_nuke,1778592265.5279589,0,0,-0.002315270935960567,0.49,-0.014222792844325538,-0.05932729425464678,-0.0769180857444241,-0.11100981302190105,-0.029332261700051154,-0.027615708163209074,0.05832139609607995,0.18545441999599427,0.026121612984175757,0.16740172643701837,0.02317080303189034,-0.014909921402726067,
hltv_2394144_107942_furia_vs_gentle_mates_m2_overpass,1778592439.497722,1,0,-0.002928321678321688,0.4909090909090909,0.0022038084943163394,-0.0014467320284523022,-0.08191608156018604,-0.08667146848692098,-0.040727217897402745,-0.04217792042698365,0.00511963147776473,-0.02751573014039671,-0.008192893356084807,0.0026887295698767577,6.674609013956889e-05,-0.016780993548940304,0.04793068189784905
hltv_2394144_107942_furia_vs_gentle_mates_m2_overpass,1778592439.497722,0,1,-0.002928321678321688,0.4909090909090909,0.0022038084943163394,-0.0014467320284523022,-0.08191608156018604,-0.08667146848692098,-0.040727217897402745,-0.04217792042698365,0.00511963147776473,-0.02751573014039671,-0.008192893356084807,0.0026887295698767577,6.674609013956889e-05,-0.016780993548940304,0.04793068189784905
hltv_2394144_107942_furia_vs_gentle_mates_m3_inferno,1778596011.3118124,1,1,-0.003403755868544578,0.49166666666666664,-0.013312630341473564,-0.015666095405984737,-0.0329294136346403,-0.022129177358194307,-0.01664450380874477,0.008620439215190179,0.023397111246983182,0.03432302701572043,-0.004197760990096555,0.040604934597462505,-0.004405098983810973,0.0578886598598462,-0.06643884751304702
hltv_2394144_107942_furia_vs_gentle_mates_m3_inferno,1778596011.3118124,0,0,-0.003403755868544578,0.49166666666666664,-0.013312630341473564,-0.015666095405984737,-0.0329294136346403,-0.022129177358194307,-0.01664450380874477,0.008620439215190179,0.023397111246983182,0.03432302701572043,-0.004197760990096555,0.040604934597462505,-0.004405098983810973,0.0578886598598462,-0.06643884751304702
hltv_2394159_107950_b8_vs_bc_game_m1_overpass,1778601708.0,1,0,0.2319508448540707,0.7857142857142857,0.05994793410254895,0.10362998011694002,0.07017305000528329,0.028693853322233898,-0.019111796580925433,-0.03596529326765785,0.12509767963114582,0.08959505028692843,0.008092876340168087,0.0021147866298490414,-0.013763579631677236,-0.004065059202197019,-0.002710105263737106
hltv_2394159_107950_b8_vs_bc_game_m1_overpass,1778601708.0,1,1,0.2319508448540707,0.7857142857142857,0.05994793410254895,0.10362998011694002,0.07017305000528329,0.028693853322233898,-0.019111796580925433,-0.03596529326765785,0.12509767963114582,0.08959505028692843,0.008092876340168087,0.0021147866298490414,-0.013763579631677236,-0.004065059202197019,-0.002710105263737106
hltv_2394160_107951_faze_vs_nrg_m1_ancient,1778601914.0,0,0,-7.846829880731043e-05,0.5509259259259259,-0.21418451590018273,-0.32256266048457577,0.009876112363131961,-0.03906392350135135,0.0227441245477209,-0.026415992275880207,-0.3195398513618371,-0.512433445711028,0.057638897195764593,-0.014907627226490305,0.030708557659403224,-0.10483352396254675,0.06710461669205985
hltv_2394160_107951_faze_vs_nrg_m1_ancient,1778601914.0,0,1,-7.846829880731043e-05,0.5509259259259259,-0.21418451590018273,-0.32256266048457577,0.009876112363131961,-0.03906392350135135,0.0227441245477209,-0.026415992275880207,-0.3195398513618371,-0.512433445711028,0.057638897195764593,-0.014907627226490305,0.030708557659403224,-0.10483352396254675,0.06710461669205985
hltv_2394159_107950_b8_vs_bc_game_m2_mirage,1778605746.0,0,1,0.31659505907626206,0.8421052631578947,0.03828746443407993,0.009225893209145075,-0.08952877448396573,-0.14346319135566055,-0.033403776349898995,-0.05058802969743165,-0.012481594305259691,-0.020508000275665073,-0.014618215475118435,-0.022300716678471888,0.009889589368619833,-0.009690613928335479,-0.2419893850374436
hltv_2394159_107950_b8_vs_bc_game_m2_mirage,1778605746.0,1,0,0.31659505907626206,0.8421052631578947,0.03828746443407993,0.009225893209145075,-0.08952877448396573,-0.14346319135566055,-0.033403776349898995,-0.05058802969743165,-0.012481594305259691,-0.020508000275665073,-0.014618215475118435,-0.022300716678471888,0.009889589368619833,-0.009690613928335479,-0.2419893850374436
hltv_2394160_107951_faze_vs_nrg_m2_nuke,1778605870.0,1,1,-0.06298396017699115,0.5707964601769911,-0.015746659428862997,-0.029661221597061194,-0.13711259522173158,-0.20807845558444626,-0.07644651234604055,-0.08371108142403888,-0.00782469985601697,-0.011736798118647473,0.000419120859030786,-0.011971009227579099,0.0035374103356963227,-0.008413252472487365,0.06710461669205985
hltv_2394160_107951_faze_vs_nrg_m2_nuke,1778605870.0,0,0,-0.06298396017699115,0.5707964601769911,-0.015746659428862997,-0.029661221597061194,-0.13711259522173158,-0.20807845558444626,-0.07644651234604055,-0.08371108142403888,-0.00782469985601697,-0.011736798118647473,0.000419120859030786,-0.011971009227579099,0.0035374103356963227,-0.008413252472487365,0.06710461669205985
hltv_2394157_107957_betboom_vs_vitality_m1_anubis,1778611901.0,1,0,0.26442307692307687,0.5721153846153846,0.05777001531706083,0.12488372132950293,0.0035526689617584317,0.06780994190407535,-0.05241890647966152,-0.03336001920624404,0.12211286530978438,0.08301394469486872,-0.003232858150045703,0.030983361735685833,-0.006697477612422453,-0.01831722922033946,0.14702485072743765
hltv_2394157_107957_betboom_vs_vitality_m1_anubis,1778611901.0,0,1,0.26442307692307687,0.5721153846153846,0.05777001531706083,0.12488372132950293,0.0035526689617584317,0.06780994190407535,-0.05241890647966152,-0.03336001920624404,0.12211286530978438,0.08301394469486872,-0.003232858150045703,0.030983361735685833,-0.006697477612422453,-0.01831722922033946,0.14702485072743765
hltv_2394157_107957_betboom_vs_vitality_m2_overpass,1778615648.0,1,0,0.20931142410015652,0.5704225352112676,-0.0011873601546181778,-0.0022125268493918826,-0.07447832916440866,-0.06690177663699176,-0.03957789203186052,-0.031674522958570595,-0.007936943774039973,-0.00678000119541694,0.0027751834002825437,-0.045731239383560496,-0.002082194117399405,-0.029609101922205117,0.11090950615855485
hltv_2394157_107957_betboom_vs_vitality_m2_overpass,1778615648.0,0,1,0.20931142410015652,0.5704225352112676,-0.0011873601546181778,-0.0022125268493918826,-0.07447832916440866,-0.06690177663699176,-0.03957789203186052,-0.031674522958570595,-0.007936943774039973,-0.00678000119541694,0.0027751834002825437,-0.045731239383560496,-0.002082194117399405,-0.029609101922205117,0.11090950615855485
hltv_2394161_107961_natus_vincere_vs_gamerlegion_m1_inferno,1778622336.0,0,0,-0.1601387188902489,0.543859649122807,0.3363595496396824,0.08906535538766225,0.11343937391317094,0.01391350160941418,-0.04603166753918053,0.02054686420232621,0.31270247297536624,-0.15919808880766745,0.06283611408324091,-0.19842657862585653,-0.03483479181566529,-0.0570234332333826,-0.13695386920005015
hltv_2394161_107961_natus_vincere_vs_gamerlegion_m1_inferno,1778622336.0,0,1,-0.1601387188902489,0.543859649122807,0.3363595496396824,0.08906535538766225,0.11343937391317094,0.01391350160941418,-0.04603166753918053,0.02054686420232621,0.31270247297536624,-0.15919808880766745,0.06283611408324091,-0.19842657862585653,-0.03483479181566529,-0.0570234332333826,-0.13695386920005015
hltv_2394163_107964_passion_ua_vs_sinners_m2_mirage,1778630714.0,1,1,-0.4482758620689655,0.5,-0.34910461673064064,-0.13907327369004102,-0.11426794563970888,-0.06558873604148119,0.051742195327232676,-0.04239265494373745,-0.30453262350428634,-0.04251014542781506,-0.05140209101285231,-0.24554980072900992,0.059555177457729036,-0.0811420826146449,
hltv_2394163_107964_passion_ua_vs_sinners_m2_mirage,1778630714.0,1,0,-0.4482758620689655,0.5,-0.34910461673064064,-0.13907327369004102,-0.11426794563970888,-0.06558873604148119,0.051742195327232676,-0.04239265494373745,-0.30453262350428634,-0.04251014542781506,-0.05140209101285231,-0.24554980072900992,0.059555177457729036,-0.0811420826146449,
hltv_2394162_107963_astralis_vs_legacy_m1_dust2,1778633033.0,1,1,-0.07116977225672882,0.5892857142857143,0.20457094055827718,0.03883876755793486,0.013085200473249792,-0.027853471821023434,-0.05055349786685487,-0.05159971121256707,0.09518482949042878,-0.13925145739561595,0.04196605462371911,0.05760504308692482,-0.014253859050814166,0.06416267576629087,
hltv_2394162_107963_astralis_vs_legacy_m1_dust2,1778633033.0,1,0,-0.07116977225672882,0.5892857142857143,0.20457094055827718,0.03883876755793486,0.013085200473249792,-0.027853471821023434,-0.05055349786685487,-0.05159971121256707,0.09518482949042878,-0.13925145739561595,0.04196605462371911,0.05760504308692482,-0.014253859050814166,0.06416267576629087,
hltv_2394162_107963_astralis_vs_legacy_m2_nuke,1778636299.0,0,0,0.034965034965035,0.534965034965035,-0.002263091294117281,-0.03253459422232996,-0.059571731532807426,-0.10983055799988933,-0.035883671444680076,-0.04291078836670331,-0.004049901832190783,0.031855216258490415,-0.049708086054121636,0.14752415068579494,-0.007850762248512222,0.03828050623852031,-0.24182715387906328
hltv_2394162_107963_astralis_vs_legacy_m2_nuke,1778636299.0,0,1,0.034965034965035,0.534965034965035,-0.002263091294117281,-0.03253459422232996,-0.059571731532807426,-0.10983055799988933,-0.035883671444680076,-0.04291078836670331,-0.004049901832190783,0.031855216258490415,-0.049708086054121636,0.14752415068579494,-0.007850762248512222,0.03828050623852031,-0.24182715387906328
hltv_2394164_107966_liquid_vs_m80_m1_dust2,1778637246.0,0,0,-0.2222222222222222,0.5,0.20349658848580832,0.057078353580226004,0.0918059554971648,0.08420260408660957,-0.010660877762909082,-0.00018687521350363445,0.09825213284877488,-0.28335561078270205,0.00044812897374096883,-0.17107013665305598,-0.021382627582110403,0.031603061921021025,
hltv_2394164_107966_liquid_vs_m80_m1_dust2,1778637246.0,0,1,-0.2222222222222222,0.5,0.20349658848580832,0.057078353580226004,0.0918059554971648,0.08420260408660957,-0.010660877762909082,-0.00018687521350363445,0.09825213284877488,-0.28335561078270205,0.00044812897374096883,-0.17107013665305598,-0.021382627582110403,0.031603061921021025,
hltv_2394164_107966_liquid_vs_m80_m2_inferno,1778641211.0,0,1,-0.38465160075329563,0.6388888888888888,0.004397687681702123,-0.018562412642920634,-0.05314940007969876,-0.1483747208571043,-0.03402752532756431,-0.07066875815264956,-0.005760745158023051,-0.0021890152154687703,-0.012070308578499889,-0.09608543504418693,0.007928564409594774,0.007096256889017716,
hltv_2394164_107966_liquid_vs_m80_m2_inferno,1778641211.0,1,0,-0.38465160075329563,0.6388888888888888,0.004397687681702123,-0.018562412642920634,-0.05314940007969876,-0.1483747208571043,-0.03402752532756431,-0.07066875815264956,-0.005760745158023051,-0.0021890152154687703,-0.012070308578499889,-0.09608543504418693,0.007928564409594774,0.007096256889017716,
hltv_2394146_107970_gentle_mates_vs_magic_m2_inferno,1778658964.1682682,0,0,-0.007692307692307665,0.5,0.016577846012074682,-0.11919871920859776,-0.04848872570093621,-0.10696707916586867,-0.021352512369745058,-0.03931164046595881,0.1026805849245741,-0.2782274423279528,0.041788467967001586,-0.0086496360283278,0.023958020789628387,0.02661902535492694,0.2251070578186354
hltv_2394146_107970_gentle_mates_vs_magic_m2_inferno,1778658964.1682682,1,1,-0.007692307692307665,0.5,0.016577846012074682,-0.11919871920859776,-0.04848872570093621,-0.10696707916586867,-0.021352512369745058,-0.03931164046595881,0.1026805849245741,-0.2782274423279528,0.041788467967001586,-0.0086496360283278,0.023958020789628387,0.02661902535492694,0.2251070578186354
hltv_2394147_107971_monte_vs_g2_m1_ancient,1778662727.5100648,1,0,-0.042310996563573844,0.6041666666666666,-0.005221870595764344,-0.05752855752996877,0.033448371254045206,0.06724114475250981,0.03586596616315402,-0.0007792424864571101,0.013466891089708943,0.026676414564421047,-0.0037971316339783234,-0.06768257455653898,-0.0018403528113427048,-0.00693614010102328,0.4894633392781643
hltv_2394147_107971_monte_vs_g2_m1_ancient,1778662727.5100648,1,1,-0.042310996563573844,0.6041666666666666,-0.005221870595764344,-0.05752855752996877,0.033448371254045206,0.06724114475250981,0.03586596616315402,-0.0007792424864571101,0.013466891089708943,0.026676414564421047,-0.0037971316339783234,-0.06768257455653898,-0.0018403528113427048,-0.00693614010102328,0.4894633392781643
hltv_2394147_107971_monte_vs_g2_m2_dust2,1778662735.2993798,0,1,0.036163522012578664,0.5833333333333334,-0.005615132992756178,0.08503471042894417,0.13063888105313098,0.2114917140088265,0.0617829372087072,0.08263334044497578,0.01258166022770646,-0.0068057742477429795,-0.019452776312435083,-0.011506601169371411,-0.018283857410097082,-0.005413508702584502,0.4894633392781643
hltv_2394147_107971_monte_vs_g2_m2_dust2,1778662735.2993798,1,0,0.036163522012578664,0.5833333333333334,-0.005615132992756178,0.08503471042894417,0.13063888105313098,0.2114917140088265,0.0617829372087072,0.08263334044497578,0.01258166022770646,-0.0068057742477429795,-0.019452776312435083,-0.011506601169371411,-0.018283857410097082,-0.005413508702584502,0.4894633392781643
hltv_2394148_107977_the_mongolz_vs_aurora_m2_mirage,1778673809.0197887,0,1,-0.09236026111791107,0.5813953488372093,0.26655200857185224,0.07534354054581521,-0.003887023940348955,0.003144896452516588,-0.030764880589934762,-0.009938945636792429,0.11281458237958292,-0.14614599316023008,0.04028684631512064,-0.00765502062989204,-0.019465033362164208,-0.04385033657442711,0.016633959480441447
hltv_2394148_107977_the_mongolz_vs_aurora_m2_mirage,1778673809.0197887,0,0,-0.09236026111791107,0.5813953488372093,0.26655200857185224,0.07534354054581521,-0.003887023940348955,0.003144896452516588,-0.030764880589934762,-0.009938945636792429,0.11281458237958292,-0.14614599316023008,0.04028684631512064,-0.00765502062989204,-0.019465033362164208,-0.04385033657442711,0.016633959480441447
hltv_2394148_107977_the_mongolz_vs_aurora_m1_overpass,1778673818.1057541,0,0,-0.11847415284094542,0.5970149253731343,-0.0002772350744055241,0.020973356675892174,0.043457357176697686,0.11201848160708405,0.02631849048517687,0.037357291301151285,0.021273502338690076,0.03272129688397257,0.005596615394022897,0.08152352386444614,-0.0028794659619347795,0.015334935943684902,0.027534395055468844
hltv_2394148_107977_the_mongolz_vs_aurora_m1_overpass,1778673818.1057541,1,1,-0.11847415284094542,0.5970149253731343,-0.0002772350744055241,0.020973356675892174,0.043457357176697686,0.11201848160708405,0.02631849048517687,0.037357291301151285,0.021273502338690076,0.03272129688397257,0.005596615394022897,0.08152352386444614,-0.0028794659619347795,0.015334935943684902,0.027534395055468844
hltv_2394165_107988_b8_vs_fut_m1_ancient,1778688773.0,1,0,-0.03386769022352676,0.5581395348837209,0.05930762389503924,0.2807908228296209,-0.10416472198528942,-0.07584757901589406,-0.03170192611618716,-0.11437666196031876,0.1416840964585072,0.4002044816100891,-0.06885563776805992,-0.21025726306901127,-0.031591800701644024,0.025372927559982272,-0.03078190591238207
hltv_2394165_107988_b8_vs_fut_m1_ancient,1778688773.0,1,1,-0.03386769022352676,0.5581395348837209,0.05930762389503924,0.2807908228296209,-0.10416472198528942,-0.07584757901589406,-0.03170192611618716,-0.11437666196031876,0.1416840964585072,0.4002044816100891,-0.06885563776805992,-0.21025726306901127,-0.031591800701644024,0.025372927559982272,-0.03078190591238207
hltv_2394165_107988_b8_vs_fut_m2_overpass,1778693046.0,0,1,0.008982863460475388,0.5462962962962963,-0.00022706334800570716,0.0032030184556409713,-0.017632480312672172,-0.03787837189069737,-0.006604873153490953,0.0002907795304583627,-0.00010692480096108348,-0.06741421263420488,0.0015998552750657868,-0.1173614299332037,0.005746975134920174,-0.031166698437452733,-0.005995274986660824
hltv_2394165_107988_b8_vs_fut_m2_overpass,1778693046.0,0,0,0.008982863460475388,0.5462962962962963,-0.00022706334800570716,0.0032030184556409713,-0.017632480312672172,-0.03787837189069737,-0.006604873153490953,0.0002907795304583627,-0.00010692480096108348,-0.06741421263420488,0.0015998552750657868,-0.1173614299332037,0.005746975134920174,-0.031166698437452733,-0.005995274986660824
hltv_2394166_107989_faze_vs_vitality_m2_dust2,1778693798.0,0,0,0.0010107292800497492,0.5688073394495413,-0.1196485589124216,-0.13675049645388776,0.0230858635526503,0.043306226166362594,0.02321499045910036,0.0025987544911797444,-0.18631481158770713,-0.07302270729936233,0.06038116769360058,-0.10976771470406727,0.0014164565581172295,0.09428348135554065,0.3301599383063716
hltv_2394166_107989_faze_vs_vitality_m2_dust2,1778693798.0,0,1,0.0010107292800497492,0.5688073394495413,-0.1196485589124216,-0.13675049645388776,0.0230858635526503,0.043306226166362594,0.02321499045910036,0.0025987544911797444,-0.18631481158770713,-0.07302270729936233,0.06038116769360058,-0.10976771470406727,0.0014164565581172295,0.09428348135554065,0.3301599383063716
hltv_2394167_107993_sinners_vs_astralis_m1_mirage,1778698433.0,0,1,0.20919958419958418,0.5168918918918919,0.09127160240740206,-0.1836447783830183,-0.03644135838829504,-0.1147333400816555,-0.038899384715128604,-0.08690752609817959,0.1738140486618443,-0.1933563052381878,0.0384093840281417,-0.14237557245757393,-0.006171349890092159,-0.17713724549942722,
hltv_2394167_107993_sinners_vs_astralis_m1_mirage,1778698433.0,0,0,0.20919958419958418,0.5168918918918919,0.09127160240740206,-0.1836447783830183,-0.03644135838829504,-0.1147333400816555,-0.038899384715128604,-0.08690752609817959,0.1738140486618443,-0.1933563052381878,0.0384093840281417,-0.14237557245757393,-0.006171349890092159,-0.17713724549942722,
hltv_2394168_107992_gamerlegion_vs_liquid_m2_nuke,1778701546.0,0,0,0.0703125,0.34375,-0.07455643803715706,-0.08491718101146811,-0.08240631611385918,-0.12998156215751466,-0.05091698150726448,-0.05329140561118029,-0.05462005752595589,0.2089603763875793,0.010427054851383177,0.14618405281839278,0.008150290017604922,0.0989087886824272,0.0346986137301612
hltv_2394168_107992_gamerlegion_vs_liquid_m2_nuke,1778701546.0,1,1,0.0703125,0.34375,-0.07455643803715706,-0.08491718101146811,-0.08240631611385918,-0.12998156215751466,-0.05091698150726448,-0.05329140561118029,-0.05462005752595589,0.2089603763875793,0.010427054851383177,0.14618405281839278,0.008150290017604922,0.0989087886824272,0.0346986137301612
hltv_2394170_107998_b8_vs_vitality_m1_mirage,1778706839.0,1,1,0.03392991785388311,0.5560538116591929,0.3178876807908357,0.3267359038149431,0.07188904887935049,0.08996599165334446,-0.04683828143985769,0.02607978952969303,0.3189211481472054,0.4230195625063179,-0.009727907592889273,0.11464546072580226,-0.07446917180788648,0.14011210862751633,0.24621504752346765
hltv_2394170_107998_b8_vs_vitality_m1_mirage,1778706839.0,0,0,0.03392991785388311,0.5560538116591929,0.3178876807908357,0.3267359038149431,0.07188904887935049,0.08996599165334446,-0.04683828143985769,0.02607978952969303,0.3189211481472054,0.4230195625063179,-0.009727907592889273,0.11464546072580226,-0.07446917180788648,0.14011210862751633,0.24621504752346765
hltv_2394170_107998_b8_vs_vitality_m2_dust2,1778710518.0,1,0,0.03363812072554262,0.5548245614035088,-0.00031982047974588035,-0.009988866778742111,0.10358856115716142,0.09933755227975105,0.06199099625386656,0.05276040894117673,0.014399581204552758,-0.028523231479856803,-0.008943981708554927,0.0027556641496442325,0.005080633980410976,0.01922574546602035,0.2673196518449569
hltv_2394170_107998_b8_vs_vitality_m2_dust2,1778710518.0,0,1,0.03363812072554262,0.5548245614035088,-0.00031982047974588035,-0.009988866778742111,0.10358856115716142,0.09933755227975105,0.06199099625386656,0.05276040894117673,0.014399581204552758,-0.028523231479856803,-0.008943981708554927,0.0027556641496442325,0.005080633980410976,0.01922574546602035,0.2673196518449569
hltv_2394169_107999_betboom_vs_pain_m2_nuke,1778710955.0,1,0,-0.10098176718092566,0.391304347826087,0.25150293714496386,0.3032829737958067,-0.03802421920907567,0.042195738848662734,-0.030407158984875504,0.02676356600139762,0.16596953566289585,0.33690920681594705,-0.09929951768351564,-0.05519012783777466,-0.032984362942163226,0.01311331794126025,-0.43261121982719697
hltv_2394169_107999_betboom_vs_pain_m2_nuke,1778710955.0,1,1,-0.10098176718092566,0.391304347826087,0.25150293714496386,0.3032829737958067,-0.03802421920907567,0.042195738848662734,-0.030407158984875504,0.02676356600139762,0.16596953566289585,0.33690920681594705,-0.09929951768351564,-0.05519012783777466,-0.032984362942163226,0.01311331794126025,-0.43261121982719697
hltv_2394172_108000_gamerlegion_vs_astralis_m1_mirage,1778715231.0,1,0,-0.14150943396226418,0.5,0.08088283710649652,-0.13602206652010185,0.02947307690808354,-0.026674688917794565,0.024545624487596562,0.024195041782958837,0.2278132801455638,0.04199500749605578,0.02047905706815306,0.01702640164576144,-0.003077346684913773,0.0834683465355141,-0.11962563030859241
hltv_2394172_108000_gamerlegion_vs_astralis_m1_mirage,1778715231.0,1,1,-0.14150943396226418,0.5,0.08088283710649652,-0.13602206652010185,0.02947307690808354,-0.026674688917794565,0.024545624487596562,0.024195041782958837,0.2278132801455638,0.04199500749605578,0.02047905706815306,0.01702640164576144,-0.003077346684913773,0.0834683465355141,-0.11962563030859241
hltv_2394171_108002_natus_vincere_vs_legacy_m1_inferno,1778718777.0,1,1,-0.012141405014682638,0.5657894736842105,0.09876876326643524,0.12920349035054257,0.09813388508888882,0.06123358751488328,-0.021255901627313056,0.04495462354886842,0.07461073710184363,0.35957330121273484,0.07487411091639723,0.02386985278432513,-0.011379781195746286,0.106431381361902,-0.26550414095376373
hltv_2394171_108002_natus_vincere_vs_legacy_m1_inferno,1778718777.0,1,0,-0.012141405014682638,0.5657894736842105,0.09876876326643524,0.12920349035054257,0.09813388508888882,0.06123358751488328,-0.021255901627313056,0.04495462354886842,0.07461073710184363,0.35957330121273484,0.07487411091639723,0.02386985278432513,-0.011379781195746286,0.106431381361902,-0.26550414095376373
hltv_2394172_108000_gamerlegion_vs_astralis_m2_ancient,1778718899.0,0,0,-0.07038411174159759,0.48417721518987344,0.009967895937248339,0.06290185923429148,0.06924623513387695,0.10607660327195961,0.037614489695279085,0.031340722122776554,0.011573585309550438,0.025052963195417388,0.005691963106985443,0.03422714545075761,0.020977342590948578,0.027706770950784332,-0.05178983472459733
hltv_2394172_108000_gamerlegion_vs_astralis_m2_ancient,1778718899.0,1,1,-0.07038411174159759,0.48417721518987344,0.009967895937248339,0.06290185923429148,0.06924623513387695,0.10607660327195961,0.037614489695279085,0.031340722122776554,0.011573585309550438,0.025052963195417388,0.005691963106985443,0.03422714545075761,0.020977342590948578,0.027706770950784332,-0.05178983472459733
hltv_2394171_108002_natus_vincere_vs_legacy_m2_ancient,1778722331.0,1,1,0.06302521008403361,0.5630252100840336,0.0005050963971487965,-0.019272415340658988,0.025966027246342616,-0.007812832407804504,0.00778235915352693,0.012778266465451549,-0.016810462420636996,0.02002083517543013,-0.020608060870206724,0.05863234548036789,-0.005252572792497523,0.01107014459807426,-0.12511744929570673
hltv_2394171_108002_natus_vincere_vs_legacy_m2_ancient,1778722331.0,0,0,0.06302521008403361,0.5630252100840336,0.0005050963971487965,-0.019272415340658988,0.025966027246342616,-0.007812832407804504,0.00778235915352693,0.012778266465451549,-0.016810462420636996,0.02002083517543013,-0.020608060870206724,0.05863234548036789,-0.005252572792497523,0.01107014459807426,-0.12511744929570673
hltv_2394149_108024_mouz_vs_aurora_m1_dust2,1778826200.8691208,1,0,0.00011835720203579037,0.4789915966386555,-0.31273023967066527,-0.3373496165470241,0.0006414029241311181,0.04469410695993309,-0.004527475241232981,0.04286301804755405,-0.2474914231171188,-0.26512875446695316,0.05750674859773991,0.09653809308899525,0.031597945619258216,0.07142824837141365,0.03182604264654039
hltv_2394149_108024_mouz_vs_aurora_m1_dust2,1778826200.8691208,1,1,0.00011835720203579037,0.4789915966386555,-0.31273023967066527,-0.3373496165470241,0.0006414029241311181,0.04469410695993309,-0.004527475241232981,0.04286301804755405,-0.2474914231171188,-0.26512875446695316,0.05750674859773991,0.09653809308899525,0.031597945619258216,0.07142824837141365,0.03182604264654039
hltv_2394149_108024_mouz_vs_aurora_m2_nuke,1778829476.3772542,0,1,0.027126900142773136,0.4897119341563786,0.005426372650972788,-0.013514078063340373,0.015047357387376337,-0.003972863700390017,0.008898039821974901,0.00734135636848926,-0.009162178522313602,0.031097938877714337,0.009030211416252931,0.08497807124085299,0.014888836556707918,0.033707615317859874,0.02055259831260644
hltv_2394149_108024_mouz_vs_aurora_m2_nuke,1778829476.3772542,0,0,0.027126900142773136,0.4897119341563786,0.005426372650972788,-0.013514078063340373,0.015047357387376337,-0.003972863700390017,0.008898039821974901,0.00734135636848926,-0.009162178522313602,0.031097938877714337,0.009030211416252931,0.08497807124085299,0.014888836556707918,0.033707615317859874,0.02055259831260644
hltv_2394151_108031_9z_vs_magic_m2_mirage,1778855899.1071777,1,1,-0.08620689655172414,0.5,0.009265992445564364,0.03843953074401596,0.0014545149738592333,0.034165471685203785,0.034142039427164705,-0.011440163948025717,-0.15481077255546183,-0.4395520686275641,-0.08570759932847993,-0.016082429887879057,0.0598393775403932,-0.09313718742539062,0.2072280960083103
hltv_2394151_108031_9z_vs_magic_m2_mirage,1778855899.1071777,1,0,-0.08620689655172414,0.5,0.009265992445564364,0.03843953074401596,0.0014545149738592333,0.034165471685203785,0.034142039427164705,-0.011440163948025717,-0.15481077255546183,-0.4395520686275641,-0.08570759932847993,-0.016082429887879057,0.0598393775403932,-0.09313718742539062,0.2072280960083103
hltv_2394151_108031_9z_vs_magic_m1_dust2,1778855917.0391116,0,0,0.018456995201181214,0.4603174603174603,-0.0027904785388985776,-0.018442151334341073,0.200951739694973,0.1536610926442398,0.11916657011624354,0.09615148822725722,0.0028024011231088664,-0.03684249043407467,0.02716160689468511,-0.06743424439933443,0.04527690550917157,-0.012585474283031195,0.2072280960083103
hltv_2394151_108031_9z_vs_magic_m1_dust2,1778855917.0391116,0,1,0.018456995201181214,0.4603174603174603,-0.0027904785388985776,-0.018442151334341073,0.200951739694973,0.1536610926442398,0.11916657011624354,0.09615148822725722,0.0028024011231088664,-0.03684249043407467,0.02716160689468511,-0.06743424439933443,0.04527690550917157,-0.012585474283031195,0.2072280960083103
hltv_2394152_108042_furia_vs_falcons_m2_nuke,1778871908.7960496,1,0,-0.07588506782236726,0.5644171779141104,0.2011026045427275,-0.13764020079871625,0.14439708669688212,0.07429977900997492,-0.008242647416377424,0.02234455552585063,0.2790033934208073,-0.2428098153949399,0.10736115317433059,-0.018049221976019963,-0.05999991500855789,-0.08621730507720143,0.08522735949668535
hltv_2394152_108042_furia_vs_falcons_m2_nuke,1778871908.7960496,0,1,-0.07588506782236726,0.5644171779141104,0.2011026045427275,-0.13764020079871625,0.14439708669688212,0.07429977900997492,-0.008242647416377424,0.02234455552585063,0.2790033934208073,-0.2428098153949399,0.10736115317433059,-0.018049221976019963,-0.05999991500855789,-0.08621730507720143,0.08522735949668535
hltv_2394152_108042_furia_vs_falcons_m3_dust2,1778875513.4945235,1,1,-0.07371076233183854,0.5625,-0.003010736372347389,-0.004235954583301893,0.032560673537836815,0.027448318810154138,0.01818119886559738,0.015082486971939646,-0.009107097019167565,0.04112425817598342,-0.0030930321517528836,0.0867353912876429,-0.009550282948352085,0.020570070540275875,0.08776204412100169
hltv_2394152_108042_furia_vs_falcons_m3_dust2,1778875513.4945235,0,0,-0.07371076233183854,0.5625,-0.003010736372347389,-0.004235954583301893,0.032560673537836815,0.027448318810154138,0.01818119886559738,0.015082486971939646,-0.009107097019167565,0.04112425817598342,-0.0030930321517528836,0.0867353912876429,-0.009550282948352085,0.020570070540275875,0.08776204412100169
hltv_2394153_108057_mouz_vs_spirit_m2_nuke,1778931068.2829156,0,0,-0.03444272445820429,0.5147058823529411,0.2193972414112203,0.034853476838056174,0.02961811590823893,0.02350196237677543,-0.019766359907322006,-0.04733677638858075,0.14760650355329508,0.09159285916554999,0.05240288220904116,0.1602540355783872,-0.01888261030200089,0.08597787645223798,-0.0729251251608944
hltv_2394153_108057_mouz_vs_spirit_m2_nuke,1778931068.2829156,0,1,-0.03444272445820429,0.5147058823529411,0.2193972414112203,0.034853476838056174,0.02961811590823893,0.02350196237677543,-0.019766359907322006,-0.04733677638858075,0.14760650355329508,0.09159285916554999,0.05240288220904116,0.1602540355783872,-0.01888261030200089,0.08597787645223798,-0.0729251251608944
hltv_2394154_108061_magic_vs_falcons_m1_ancient,1778941668.255329,0,1,0.06069364161849711,0.5606936416184971,0.11889628187997814,0.10615822502143685,-0.006544971748267681,-0.037474602610987895,-0.031176228474515122,-0.036884500197757575,0.01920182397690684,-0.003192280070587472,0.004279457490552474,-0.06832448593310564,-0.024705962592905306,-0.03811693280297834,0.22776003518168184
hltv_2394154_108061_magic_vs_falcons_m1_ancient,1778941668.255329,1,0,0.06069364161849711,0.5606936416184971,0.11889628187997814,0.10615822502143685,-0.006544971748267681,-0.037474602610987895,-0.031176228474515122,-0.036884500197757575,0.01920182397690684,-0.003192280070587472,0.004279457490552474,-0.06832448593310564,-0.024705962592905306,-0.03811693280297834,0.22776003518168184
hltv_2394154_108061_magic_vs_falcons_m2_dust2,1778942670.7816467,1,1,0.0589887640449438,0.5589887640449438,0.00613698476427571,-0.009431417148241805,0.06329818628533229,0.04271606684413237,0.039264753095526295,0.03533306613527987,0.005984249947274589,-0.023922518930900305,0.008529897710512824,-0.1256590155069278,0.002638007609582549,-0.011807388734552338,0.18014031127736574
hltv_2394154_108061_magic_vs_falcons_m2_dust2,1778942670.7816467,0,0,0.0589887640449438,0.5589887640449438,0.00613698476427571,-0.009431417148241805,0.06329818628533229,0.04271606684413237,0.039264753095526295,0.03533306613527987,0.005984249947274589,-0.023922518930900305,0.008529897710512824,-0.1256590155069278,0.002638007609582549,-0.011807388734552338,0.18014031127736574
hltv_2394175_108078_betboom_vs_natus_vincere_m2_nuke,1778971775.0,1,1,0.240299823633157,0.5617283950617284,0.024078563262240338,0.0655786399889749,0.06898912862508966,0.10191306804722577,0.015651602802799647,0.02600522001781863,0.011378143442726807,0.06477376132874496,-0.010649446823637998,0.10119912767837236,0.0007704719177142327,0.07086078738855134,-0.016766498044829242
hltv_2394175_108078_betboom_vs_natus_vincere_m2_nuke,1778971775.0,0,0,0.240299823633157,0.5617283950617284,0.024078563262240338,0.0655786399889749,0.06898912862508966,0.10191306804722577,0.015651602802799647,0.02600522001781863,0.011378143442726807,0.06477376132874496,-0.010649446823637998,0.10119912767837236,0.0007704719177142327,0.07086078738855134,-0.016766498044829242
hltv_2394155_108081_mouz_vs_magic_m2_inferno,1779010741.801478,1,0,-0.035031847133757954,0.5,-0.0185063198657639,-0.06378948388603334,-0.04791275927866934,-0.10069919101246028,0.03517998331439365,0.014799317295041692,-0.004849825827320409,0.2746080147434142,0.01648016529803431,0.0875867190048269,-0.019176736687007534,0.1099114746961074,0.32681038036563576
hltv_2394155_108081_mouz_vs_magic_m2_inferno,1779010741.801478,1,1,-0.035031847133757954,0.5,-0.0185063198657639,-0.06378948388603334,-0.04791275927866934,-0.10069919101246028,0.03517998331439365,0.014799317295041692,-0.004849825827320409,0.2746080147434142,0.01648016529803431,0.0875867190048269,-0.019176736687007534,0.1099114746961074,0.32681038036563576
hltv_2394156_108087_spirit_vs_falcons_m3_ancient,1779027592.3799417,0,1,0.025462155563306554,0.5573770491803278,0.028119118138799082,0.06924178174118728,0.06245155090362009,0.05384277110238439,-0.04908488875645978,-0.04057741280626992,-0.019206865915044946,-0.30612161800959214,-0.0052261391664751855,-0.025744988615516884,-0.0009531594800700205,-0.09662449533227407,-0.08005641813599063
hltv_2394156_108087_spirit_vs_falcons_m3_ancient,1779027592.3799417,0,0,0.025462155563306554,0.5573770491803278,0.028119118138799082,0.06924178174118728,0.06245155090362009,0.05384277110238439,-0.04908488875645978,-0.04057741280626992,-0.019206865915044946,-0.30612161800959214,-0.0052261391664751855,-0.025744988615516884,-0.0009531594800700205,-0.09662449533227407,-0.08005641813599063
hltv_2394177_108090_legacy_vs_betboom_m2_nuke,1779035127.0,1,0,-0.1515151515151515,0.5,0.03642053841789017,0.0024009875781377255,-0.04759258614177836,-0.048385916929255146,0.002798108984950254,0.009703816003442,-0.014541956139315637,-0.09572590022746247,-0.005983641496653036,0.01001339952324215,0.014179161042709054,0.021458768236140457,-0.09959279585811076
hltv_2394177_108090_legacy_vs_betboom_m2_nuke,1779035127.0,1,1,-0.1515151515151515,0.5,0.03642053841789017,0.0024009875781377255,-0.04759258614177836,-0.048385916929255146,0.002798108984950254,0.009703816003442,-0.014541956139315637,-0.09572590022746247,-0.005983641496653036,0.01001339952324215,0.014179161042709054,0.021458768236140457,-0.09959279585811076
hltv_2394178_108099_gamerlegion_vs_natus_vincere_m2_anubis,1779048754.0,1,0,-0.13984895033282124,0.5604838709677419,0.06374257556899687,0.1707298505138894,-0.017095110290659576,0.051528911871766225,-0.04648920300401016,-0.033708614989499064,-0.04869973841627473,0.14913968768551955,0.0031457377625265792,0.06407796608930638,0.002783526812431103,0.07019487070194785,-0.11245768389256394
hltv_2394178_108099_gamerlegion_vs_natus_vincere_m2_anubis,1779048754.0,1,1,-0.13984895033282124,0.5604838709677419,0.06374257556899687,0.1707298505138894,-0.017095110290659576,0.051528911871766225,-0.04648920300401016,-0.033708614989499064,-0.04869973841627473,0.14913968768551955,0.0031457377625265792,0.06407796608930638,0.002783526812431103,0.07019487070194785,-0.11245768389256394
hltv_2394178_108099_gamerlegion_vs_natus_vincere_m3_nuke,1779053733.0,1,0,-0.0861718205068589,0.549407114624506,-0.00538874130095246,-0.026791138114794277,-0.03271146510571327,-0.051422073745014674,-0.015417132753164253,-0.019562485565102372,-0.014546638061334383,-0.022086311211187537,0.016840681436362637,-0.020001017753852657,-0.004777532182298205,-0.01876946076254049,-0.13521141835411055
hltv_2394178_108099_gamerlegion_vs_natus_vincere_m3_nuke,1779053733.0,0,1,-0.0861718205068589,0.549407114624506,-0.00538874130095246,-0.026791138114794277,-0.03271146510571327,-0.051422073745014674,-0.015417132753164253,-0.019562485565102372,-0.014546638061334383,-0.022086311211187537,0.016840681436362637,-0.020001017753852657,-0.004777532182298205,-0.01876946076254049,-0.13521141835411055
hltv_2394225_108264_falcons_vs_mouz_m3_nuke,1779540552.0,0,1,0.0610717100078802,0.5425531914893617,0.09249494005657688,0.12850440659422324,-0.10377589657678743,-0.10280326688007613,-0.02522412211604591,-0.06818634520770328,-0.1423391495815831,-0.1408138348172151,-0.07355759376294041,-0.12214273079947863,0.07368403894518677,-0.11782322392185712,0.03215281919642673
hltv_2394225_108264_falcons_vs_mouz_m3_nuke,1779540552.0,0,0,0.0610717100078802,0.5425531914893617,0.09249494005657688,0.12850440659422324,-0.10377589657678743,-0.10280326688007613,-0.02522412211604591,-0.06818634520770328,-0.1423391495815831,-0.1408138348172151,-0.07355759376294041,-0.12214273079947863,0.07368403894518677,-0.11782322392185712,0.03215281919642673
hltv_2394853_108687_tyloo_vs_sinners_m1_ancient,1780501542.0,1,0,-0.07407407407407407,0.5740740740740741,-0.20653966257315648,-0.008670298505481067,-0.051204485406117384,-0.02621645331901723,0.02995890447511501,-0.0004740913312684114,-0.3370726773781437,-0.23314173026006335,-0.07524686924048835,-0.04239923066955559,0.020292385898175724,-0.0322171687938807,0.13933973422026957
hltv_2394853_108687_tyloo_vs_sinners_m1_ancient,1780501542.0,0,1,-0.07407407407407407,0.5740740740740741,-0.20653966257315648,-0.008670298505481067,-0.051204485406117384,-0.02621645331901723,0.02995890447511501,-0.0004740913312684114,-0.3370726773781437,-0.23314173026006335,-0.07524686924048835,-0.04239923066955559,0.020292385898175724,-0.0322171687938807,0.13933973422026957
hltv_2394852_108686_gamerlegion_vs_betboom_m2_ancient,1780504170.0,1,0,0.030269553689792283,0.4657534246575342,0.06009284020642136,0.06818893403420534,0.07868635306692162,0.12066516396480856,0.05977509810158538,0.06819269959827878,-0.0645462518400266,0.009257634283979688,-0.025978411177152327,0.08290274269055747,0.017144909537348596,-0.08003563081677512,-0.09920772507427043
hltv_2394852_108686_gamerlegion_vs_betboom_m2_ancient,1780504170.0,0,1,0.030269553689792283,0.4657534246575342,0.06009284020642136,0.06818893403420534,0.07868635306692162,0.12066516396480856,0.05977509810158538,0.06819269959827878,-0.0645462518400266,0.009257634283979688,-0.025978411177152327,0.08290274269055747,0.017144909537348596,-0.08003563081677512,-0.09920772507427043
hltv_2394853_108687_tyloo_vs_sinners_m2_inferno,1780505125.0,0,1,-0.0625,0.5625,-0.0019982283787491895,0.023670846010491298,0.05203723515683717,0.0970444691362638,0.025731521590229733,0.037256827275815474,0.00048235887661585153,0.0763012359529176,0.0002687195522917962,0.10651030544949872,0.003927777262611454,0.03365492777904794,0.13933973422026957
hltv_2394853_108687_tyloo_vs_sinners_m2_inferno,1780505125.0,1,0,-0.0625,0.5625,-0.0019982283787491895,0.023670846010491298,0.05203723515683717,0.0970444691362638,0.025731521590229733,0.037256827275815474,0.00048235887661585153,0.0763012359529176,0.0002687195522917962,0.10651030544949872,0.003927777262611454,0.03365492777904794,0.13933973422026957
hltv_2394855_108690_gaimin_gladiators_vs_heroic_m1_dust2,1780508979.0,1,1,0.03676470588235292,0.5,0.09944810038661012,0.06624942970377884,-0.0027039797729953574,0.03095273341659316,-0.0056884415041632,-0.03914290901129336,0.06109411681316457,-0.3098249280253137,-0.04036427748798971,-0.06285833973283331,-0.01274725080228889,-0.06910418049063288,
hltv_2394855_108690_gaimin_gladiators_vs_heroic_m1_dust2,1780508979.0,0,0,0.03676470588235292,0.5,0.09944810038661012,0.06624942970377884,-0.0027039797729953574,0.03095273341659316,-0.0056884415041632,-0.03914290901129336,0.06109411681316457,-0.3098249280253137,-0.04036427748798971,-0.06285833973283331,-0.01274725080228889,-0.06910418049063288,
hltv_2394854_108693_m80_vs_b8_m1_ancient,1780509568.0,0,1,0.0883704489218805,0.6086956521739131,-0.012804276433938333,-0.032220357599329286,0.052694851304887436,0.029163942244110674,0.0023038476040603273,0.029610840165496144,0.045200569657819045,-0.089916877389558,0.04446295883375906,0.13594651616822567,-0.014123491969573132,0.12334243099246445,
hltv_2394854_108693_m80_vs_b8_m1_ancient,1780509568.0,0,0,0.0883704489218805,0.6086956521739131,-0.012804276433938333,-0.032220357599329286,0.052694851304887436,0.029163942244110674,0.0023038476040603273,0.029610840165496144,0.045200569657819045,-0.089916877389558,0.04446295883375906,0.13594651616822567,-0.014123491969573132,0.12334243099246445,
hltv_2394855_108690_gaimin_gladiators_vs_heroic_m2_inferno,1780512667.0,1,0,0.03424657534246578,0.5,-0.006461761431944435,-0.03471499193545852,-0.06856859714369079,-0.08262693776364516,-0.030351052115131116,-0.029664949862911794,0.009726306695777565,0.005978683417849573,0.05273999123330997,-0.0053144804066613816,0.015300286804827423,0.0008683171681270752,
hltv_2394855_108690_gaimin_gladiators_vs_heroic_m2_inferno,1780512667.0,1,1,0.03424657534246578,0.5,-0.006461761431944435,-0.03471499193545852,-0.06856859714369079,-0.08262693776364516,-0.030351052115131116,-0.029664949862911794,0.009726306695777565,0.005978683417849573,0.05273999123330997,-0.0053144804066613816,0.015300286804827423,0.0008683171681270752,
hltv_2394854_108693_m80_vs_b8_m2_inferno,1780516133.0,1,1,-0.0390625,0.5390625,-0.0010560173127923678,0.0003682921053878019,-0.03840547623914009,-0.008690705477723826,-0.020760392775641623,-0.022384453376004365,-0.008883306032120841,-0.028718649293040244,-0.026875383243328166,0.015397123828694015,-0.018498719299023303,0.018864705459975484,-0.029447382352427734
hltv_2394854_108693_m80_vs_b8_m2_inferno,1780516133.0,0,0,-0.0390625,0.5390625,-0.0010560173127923678,0.0003682921053878019,-0.03840547623914009,-0.008690705477723826,-0.020760392775641623,-0.022384453376004365,-0.008883306032120841,-0.028718649293040244,-0.026875383243328166,0.015397123828694015,-0.018498719299023303,0.018864705459975484,-0.029447382352427734
hltv_2394857_108705_tyloo_vs_sharks_m1_nuke,1780577139.0,1,0,,,,,,,,,,,,,,,
hltv_2394857_108705_tyloo_vs_sharks_m1_nuke,1780577139.0,1,1,,,,,,,,,,,,,,,
hltv_2394856_108703_thunder_downunder_vs_flyquest_m1_anubis,1780577726.0,0,1,,,,,,,,,,,,,,,
hltv_2394856_108703_thunder_downunder_vs_flyquest_m1_anubis,1780577726.0,0,0,,,,,,,,,,,,,,,
hltv_2394857_108705_tyloo_vs_sharks_m2_inferno,1780580522.0,1,1,0.3244047619047619,0.8125,0.006249829044518873,0.025116248831819288,0.11381861386353664,0.08613229314385468,0.058724798556874014,0.053103576993088875,-0.00374880079059825,0.06667177672712432,-0.005773730168659841,0.1405200906617156,-0.004220669606039507,0.03875732288468364,
hltv_2394857_108705_tyloo_vs_sharks_m2_inferno,1780580522.0,1,0,0.3244047619047619,0.8125,0.006249829044518873,0.025116248831819288,0.11381861386353664,0.08613229314385468,0.058724798556874014,0.053103576993088875,-0.00374880079059825,0.06667177672712432,-0.005773730168659841,0.1405200906617156,-0.004220669606039507,0.03875732288468364,
hltv_2394856_108703_thunder_downunder_vs_flyquest_m2_inferno,1780580831.0,1,1,-0.625,0.8125,0.002920789981914085,0.0075579605318985,0.02902859360048554,0.007284035844647263,0.018090998902029476,0.0048309254743569285,0.016638535118139897,-0.0015306000312303447,0.03461973274099994,-0.06704295351269249,0.005681812311104484,-0.025785770401490216,
hltv_2394856_108703_thunder_downunder_vs_flyquest_m2_inferno,1780580831.0,0,0,-0.625,0.8125,0.002920789981914085,0.0075579605318985,0.02902859360048554,0.007284035844647263,0.018090998902029476,0.0048309254743569285,0.016638535118139897,-0.0015306000312303447,0.03461973274099994,-0.06704295351269249,0.005681812311104484,-0.025785770401490216,
hltv_2394857_108705_tyloo_vs_sharks_m3_anubis,1780584450.0,0,1,0.4484451718494271,0.8846153846153846,-0.0017477661766955865,-0.04420679731787047,-0.05898784638911486,-0.04235374537338493,-0.0387362499721709,-0.018048386254383264,0.008265400604768214,-0.00033372077116899934,-0.03791059787706896,-0.182155676407319,-0.01473883388259195,-0.048464750915086674,
hltv_2394857_108705_tyloo_vs_sharks_m3_anubis,1780584450.0,1,0,0.4484451718494271,0.8846153846153846,-0.0017477661766955865,-0.04420679731787047,-0.05898784638911486,-0.04235374537338493,-0.0387362499721709,-0.018048386254383264,0.008265400604768214,-0.00033372077116899934,-0.03791059787706896,-0.182155676407319,-0.01473883388259195,-0.048464750915086674,
hltv_2394858_108709_gamerlegion_vs_big_m1_overpass,1780587629.0,0,0,,,,,,,,,,,,,,,
hltv_2394858_108709_gamerlegion_vs_big_m1_overpass,1780587629.0,0,1,,,,,,,,,,,,,,,
hltv_2394858_108709_gamerlegion_vs_big_m2_ancient,1780591506.0,0,1,-0.3125,0.5,-0.0035397276461365257,-0.0023524263717833727,0.014966473470024722,0.0350517425309434,0.007944788763576682,0.03590040857952248,-0.00444012513878389,0.0025041756665781234,0.014947770740372235,-0.012857482214756799,0.04849315967892298,0.0575274601882817,
hltv_2394858_108709_gamerlegion_vs_big_m2_ancient,1780591506.0,0,0,-0.3125,0.5,-0.0035397276461365257,-0.0023524263717833727,0.014966473470024722,0.0350517425309434,0.007944788763576682,0.03590040857952248,-0.00444012513878389,0.0025041756665781234,0.014947770740372235,-0.012857482214756799,0.04849315967892298,0.0575274601882817,
hltv_2394859_108710_mibr_vs_lynn_vision_m2_inferno,1780591507.0,1,1,,,,,,,,,,,,,,,
hltv_2394859_108710_mibr_vs_lynn_vision_m2_inferno,1780591507.0,1,0,,,,,,,,,,,,,,,
hltv_2394860_108715_liquid_vs_heroic_m1_nuke,1780595174.0,0,1,-0.14604236343366778,0.4358974358974359,-0.04958299119826581,-0.0015960531927310395,-0.11851864001213613,-0.06828351486415751,-0.0024158895690280513,-0.049393473672470156,-0.060437422928343754,-0.06713976563867297,-0.05604521672197993,-0.01205445168844227,0.034824441728152855,0.03879071715822169,-0.013248667616155396
hltv_2394860_108715_liquid_vs_heroic_m1_nuke,1780595174.0,1,0,-0.14604236343366778,0.4358974358974359,-0.04958299119826581,-0.0015960531927310395,-0.11851864001213613,-0.06828351486415751,-0.0024158895690280513,-0.049393473672470156,-0.060437422928343754,-0.06713976563867297,-0.05604521672197993,-0.01205445168844227,0.034824441728152855,0.03879071715822169,-0.013248667616155396
hltv_2394861_108714_m80_vs_nrg_m1_ancient,1780595323.0,0,0,0.007246376811594235,0.5072463768115942,-0.12188932342961567,0.02479350632891103,-0.06655939433672486,-0.041769498085813095,0.01702486358823896,0.007847525934643995,-0.10229807073429886,-0.2738781238303203,-0.031281908124662194,-0.10729999005214297,0.033546614787817064,-0.05711229104825627,-0.022736325752146822
hltv_2394861_108714_m80_vs_nrg_m1_ancient,1780595323.0,0,1,0.007246376811594235,0.5072463768115942,-0.12188932342961567,0.02479350632891103,-0.06655939433672486,-0.041769498085813095,0.01702486358823896,0.007847525934643995,-0.10229807073429886,-0.2738781238303203,-0.031281908124662194,-0.10729999005214297,0.033546614787817064,-0.05711229104825627,-0.022736325752146822
hltv_2394861_108714_m80_vs_nrg_m2_inferno,1780599123.0,1,1,-0.09281650071123754,0.5657894736842105,-0.005174236210472749,0.020506616236087627,-0.0932125214396356,-0.15846002915485746,-0.04593644409395142,-0.06807445991871702,0.008522085388074696,0.0014308672155950442,-0.013340719492338449,-0.06927996462280511,-0.014226825985954372,-0.03617468983049016,-0.022736325752146822
hltv_2394861_108714_m80_vs_nrg_m2_inferno,1780599123.0,1,0,-0.09281650071123754,0.5657894736842105,-0.005174236210472749,0.020506616236087627,-0.0932125214396356,-0.15846002915485746,-0.04593644409395142,-0.06807445991871702,0.008522085388074696,0.0014308672155950442,-0.013340719492338449,-0.06927996462280511,-0.014226825985954372,-0.03617468983049016,-0.022736325752146822
hltv_2394860_108715_liquid_vs_heroic_m2_inferno,1780599572.0,1,0,-0.13570498209052423,0.4397590361445783,-0.005329982084273932,-0.012544476883954991,0.10685175079515569,0.12251960638472578,0.06856245664515576,0.07167646777999154,0.010144136399030668,-0.10573429640150367,0.01513814765959981,-0.09118556929704852,0.008189562261104566,0.002244508366249953,-0.013248667616155396
hltv_2394860_108715_liquid_vs_heroic_m2_inferno,1780599572.0,0,1,-0.13570498209052423,0.4397590361445783,-0.005329982084273932,-0.012544476883954991,0.10685175079515569,0.12251960638472578,0.06856245664515576,0.07167646777999154,0.010144136399030668,-0.10573429640150367,0.01513814765959981,-0.09118556929704852,0.008189562261104566,0.002244508366249953,-0.013248667616155396
hltv_2394862_108723_tyloo_vs_lynn_vision_m1_ancient,1780663535.0,1,0,-0.2548076923076923,0.4423076923076923,0.06164376681692252,-0.08549351254177778,0.025762177759345695,-0.10808886285582595,-0.057561962305448466,-0.0370531741195258,0.20156994935223682,0.07242024351300475,0.08014626082405096,-0.20077603772093058,-0.093344174808351,-0.13130014188194578,
hltv_2394862_108723_tyloo_vs_lynn_vision_m1_ancient,1780663535.0,0,1,-0.2548076923076923,0.4423076923076923,0.06164376681692252,-0.08549351254177778,0.025762177759345695,-0.10808886285582595,-0.057561962305448466,-0.0370531741195258,0.20156994935223682,0.07242024351300475,0.08014626082405096,-0.20077603772093058,-0.093344174808351,-0.13130014188194578,
hltv_2394862_108723_tyloo_vs_lynn_vision_m2_inferno,1780667531.0,1,1,-0.13967611336032387,0.4473684210526316,-0.01015477168814194,-0.027584457964728415,-0.08768050905749059,-0.13822672199942815,-0.057174666867824575,-0.0490336277504726,5.051058072302883e-05,-0.14492060533581475,-0.014429914796426746,-0.17386713720839064,-0.02855349396841439,-0.01595241033002026,
hltv_2394862_108723_tyloo_vs_lynn_vision_m2_inferno,1780667531.0,0,0,-0.13967611336032387,0.4473684210526316,-0.01015477168814194,-0.027584457964728415,-0.08768050905749059,-0.13822672199942815,-0.057174666867824575,-0.0490336277504726,5.051058072302883e-05,-0.14492060533581475,-0.014429914796426746,-0.17386713720839064,-0.02855349396841439,-0.01595241033002026,
hltv_2394863_108727_liquid_vs_flyquest_m1_anubis,1780671855.0,1,1,-0.008763388510223957,0.31645569620253167,-0.205373139466209,-0.1932649138891332,-0.04587187507684487,-0.00852696265993208,0.04133963498857862,0.04461724791022864,-0.03367678497358162,-0.2505116797741517,-0.012218713057502384,0.09912044907812145,0.006305441274109758,0.03240909887769999,
hltv_2394863_108727_liquid_vs_flyquest_m1_anubis,1780671855.0,1,0,-0.008763388510223957,0.31645569620253167,-0.205373139466209,-0.1932649138891332,-0.04587187507684487,-0.00852696265993208,0.04133963498857862,0.04461724791022864,-0.03367678497358162,-0.2505116797741517,-0.012218713057502384,0.09912044907812145,0.006305441274109758,0.03240909887769999,
hltv_2394863_108727_liquid_vs_flyquest_m2_inferno,1780675611.0,1,1,0.20238095238095238,0.5,0.004684605716430423,0.008427218725202967,0.18450913913557065,0.2320457764382392,0.10193777181296043,0.12359783130232133,-0.0007645857523517208,0.09979971580812369,-0.003675188900385762,0.16210353157622828,0.002175563708396222,0.05521183370155247,
hltv_2394863_108727_liquid_vs_flyquest_m2_inferno,1780675611.0,1,0,0.20238095238095238,0.5,0.004684605716430423,0.008427218725202967,0.18450913913557065,0.2320457764382392,0.10193777181296043,0.12359783130232133,-0.0007645857523517208,0.09979971580812369,-0.003675188900385762,0.16210353157622828,0.002175563708396222,0.05521183370155247,
hltv_2394864_108736_nrg_vs_big_m2_nuke,1780686320.0,0,1,-0.39094449853943525,0.5063291139240507,-0.00817709553370205,0.15570545189956503,-0.05168339480734746,0.032358308955268866,0.002662156481416378,-0.010216397127185084,-0.14170028633388387,-0.22256920146171605,-0.07491893211644685,-0.2029405848798225,0.02126725528272594,-0.18537115179269542,
hltv_2394864_108736_nrg_vs_big_m2_nuke,1780686320.0,1,0,-0.39094449853943525,0.5063291139240507,-0.00817709553370205,0.15570545189956503,-0.05168339480734746,0.032358308955268866,0.002662156481416378,-0.010216397127185084,-0.14170028633388387,-0.22256920146171605,-0.07491893211644685,-0.2029405848798225,0.02126725528272594,-0.18537115179269542,
hltv_2394864_108736_nrg_vs_big_m3_mirage,1780690390.0,0,0,-0.2837301587301587,0.5059523809523809,-0.00018135440913735756,-0.02926672076984732,0.019213850998418325,-0.06267860077738568,0.00960704623735048,-0.0061459977967704416,-0.0009194310686805318,-0.035385455742539484,0.027644689400689815,-0.04108516102035284,0.002651738521426694,-0.019861096734643036,
hltv_2394864_108736_nrg_vs_big_m3_mirage,1780690390.0,1,1,-0.2837301587301587,0.5059523809523809,-0.00018135440913735756,-0.02926672076984732,0.019213850998418325,-0.06267860077738568,0.00960704623735048,-0.0061459977967704416,-0.0009194310686805318,-0.035385455742539484,0.027644689400689815,-0.04108516102035284,0.002651738521426694,-0.019861096734643036,
hltv_2394886_108783_flyquest_vs_pain_m1_nuke,1780846124.0,0,1,0.2198067632850242,0.6086956521739131,-0.015423425854535489,-0.028720204998521293,0.04264872214249521,0.06207486815342067,-0.018393950605072207,0.04314301316253233,0.10327368353379396,0.018264184813503448,0.05459433481983017,-0.07977601433480214,-0.03295863702379931,0.017092122594406345,
hltv_2394886_108783_flyquest_vs_pain_m1_nuke,1780846124.0,0,0,0.2198067632850242,0.6086956521739131,-0.015423425854535489,-0.028720204998521293,0.04264872214249521,0.06207486815342067,-0.018393950605072207,0.04314301316253233,0.10327368353379396,0.018264184813503448,0.05459433481983017,-0.07977601433480214,-0.03295863702379931,0.017092122594406345,
hltv_2394886_108783_flyquest_vs_pain_m2_anubis,1780850217.0,0,1,0.036585365853658514,0.5,-0.01153340513651302,-0.05283300997430296,-0.08823628736737671,-0.09618234260056785,-0.046003937202340583,-0.043164281540107374,-0.004872890066258129,0.014017058578644714,0.01632173568376566,0.06411602420429152,0.012472079529465663,0.03100574841441278,
hltv_2394886_108783_flyquest_vs_pain_m2_anubis,1780850217.0,1,0,0.036585365853658514,0.5,-0.01153340513651302,-0.05283300997430296,-0.08823628736737671,-0.09618234260056785,-0.046003937202340583,-0.043164281540107374,-0.004872890066258129,0.014017058578644714,0.01632173568376566,0.06411602420429152,0.012472079529465663,0.03100574841441278,
hltv_2394885_108789_b8_vs_gamerlegion_m2_mirage,1780852777.0,1,1,-0.009184894053315129,0.5375939849624061,-0.12021899943892234,0.05331562202383261,-0.026653012663080566,0.0410587897420735,0.008988001913634303,-0.001303049554955249,-0.13524554635247477,-0.07781224961533945,-0.056669820760527345,0.11681345169166324,0.024849654700315138,-0.039777251330120666,-0.040802357606784606
hltv_2394885_108789_b8_vs_gamerlegion_m2_mirage,1780852777.0,0,0,-0.009184894053315129,0.5375939849624061,-0.12021899943892234,0.05331562202383261,-0.026653012663080566,0.0410587897420735,0.008988001913634303,-0.001303049554955249,-0.13524554635247477,-0.07781224961533945,-0.056669820760527345,0.11681345169166324,0.024849654700315138,-0.039777251330120666,-0.040802357606784606
hltv_2394888_108788_spirit_vs_9z_m1_mirage,1780853928.0,1,1,-0.12147461724415792,0.547945205479452,-0.13414463941822496,-0.0965126455300469,-0.023160474507928963,-0.04085878549783911,0.0009655052888816185,0.018413821120685958,0.09591056461211966,0.059153744738834724,0.012576699368082589,-0.09613783844409296,-0.0044534635375707565,0.03701640161493308,-0.13217423898385022
hltv_2394888_108788_spirit_vs_9z_m1_mirage,1780853928.0,0,0,-0.12147461724415792,0.547945205479452,-0.13414463941822496,-0.0965126455300469,-0.023160474507928963,-0.04085878549783911,0.0009655052888816185,0.018413821120685958,0.09591056461211966,0.059153744738834724,0.012576699368082589,-0.09613783844409296,-0.0044534635375707565,0.03701640161493308,-0.13217423898385022
hltv_2394888_108788_spirit_vs_9z_m2_nuke,1780856706.0,0,0,-0.11485076657897125,0.5463576158940397,0.0006606629107532846,-0.04240382032829665,-0.09634664950156069,-0.12119827641833453,-0.05359382007339031,-0.05551078328610043,0.0076262910808168605,0.02595631271168014,-0.003147750118954795,0.040109570655930404,-0.0017114300914609637,0.010909058591739684,-0.20068578399411288
hltv_2394888_108788_spirit_vs_9z_m2_nuke,1780856706.0,0,1,-0.11485076657897125,0.5463576158940397,0.0006606629107532846,-0.04240382032829665,-0.09634664950156069,-0.12119827641833453,-0.05359382007339031,-0.05551078328610043,0.0076262910808168605,0.02595631271168014,-0.003147750118954795,0.040109570655930404,-0.0017114300914609637,0.010909058591739684,-0.20068578399411288
hltv_2394885_108789_b8_vs_gamerlegion_m3_nuke,1780857014.0,1,0,-0.009350163627863561,0.5362318840579711,-0.003482856722819172,0.01778346756836363,0.06047619440377394,0.06357281551065236,0.040003340791889275,0.029874691417353327,-0.005819945145246697,0.005718071325439111,0.009892336808448476,-0.03258596156100774,-0.02873412881097115,-0.04839136638036706,-0.018696202870987368
hltv_2394885_108789_b8_vs_gamerlegion_m3_nuke,1780857014.0,0,1,-0.009350163627863561,0.5362318840579711,-0.003482856722819172,0.01778346756836363,0.06047619440377394,0.06357281551065236,0.040003340791889275,0.029874691417353327,-0.005819945145246697,0.005718071325439111,0.009892336808448476,-0.03258596156100774,-0.02873412881097115,-0.04839136638036706,-0.018696202870987368
hltv_2394887_108793_g2_vs_fut_m1_anubis,1780861805.0,0,0,0.025482417804074453,0.5794392523364486,0.3037386584278235,0.2874423467217717,0.10259292402200981,0.16552332429636835,-0.01562705125521724,0.039238885731518014,0.3211865059272609,0.45881925331141227,0.01802319761070653,-0.058276864697340836,-0.06664487417712284,0.07516355949659631,0.04999651386825607
hltv_2394887_108793_g2_vs_fut_m1_anubis,1780861805.0,0,1,0.025482417804074453,0.5794392523364486,0.3037386584278235,0.2874423467217717,0.10259292402200981,0.16552332429636835,-0.01562705125521724,0.039238885731518014,0.3211865059272609,0.45881925331141227,0.01802319761070653,-0.058276864697340836,-0.06664487417712284,0.07516355949659631,0.04999651386825607
hltv_2394887_108793_g2_vs_fut_m2_overpass,1780865545.0,0,0,-0.015873015873015817,0.5694444444444444,-0.001158734163311026,0.005944693917196098,-0.029289770984816776,-0.03449124354639094,-0.01700601372229149,-0.009504350767168823,0.0028253067007251165,0.004277481890751611,0.05315594104356036,0.07308235277227704,0.023464120958073487,0.036473705725111716,0.04999651386825607
hltv_2394887_108793_g2_vs_fut_m2_overpass,1780865545.0,1,1,-0.015873015873015817,0.5694444444444444,-0.001158734163311026,0.005944693917196098,-0.029289770984816776,-0.03449124354639094,-0.01700601372229149,-0.009504350767168823,0.0028253067007251165,0.004277481890751611,0.05315594104356036,0.07308235277227704,0.023464120958073487,0.036473705725111716,0.04999651386825607
hltv_2394887_108793_g2_vs_fut_m3_ancient,1780868520.0,1,0,-0.015832042677680236,0.5671140939597316,0.01004622567554131,0.014509529570425228,0.01672993094077191,0.07618703452616743,0.004846038430067645,0.0332669690454655,-0.01579239288838502,-0.02055229866795244,0.013516356213352565,0.08368406389254457,-0.0025774189868035258,0.023936999841462414,0.04999651386825607
hltv_2394887_108793_g2_vs_fut_m3_ancient,1780868520.0,1,1,-0.015832042677680236,0.5671140939597316,0.01004622567554131,0.014509529570425228,0.01672993094077191,0.07618703452616743,0.004846038430067645,0.0332669690454655,-0.01579239288838502,-0.02055229866795244,0.013516356213352565,0.08368406389254457,-0.0025774189868035258,0.023936999841462414,0.04999651386825607
hltv_2394890_108804_mibr_vs_b8_m1_mirage,1780922659.0,1,1,0.277534965034965,0.8125,-0.08565367143944203,-0.10823697555610684,0.11409277777576271,0.1460171288939287,0.025895931479752388,0.0715107546096338,0.1651454848989291,0.260890501292113,0.07952818513399473,0.19071721705648845,-0.05275478921771515,0.036471568060534865,
hltv_2394890_108804_mibr_vs_b8_m1_mirage,1780922659.0,1,0,0.277534965034965,0.8125,-0.08565367143944203,-0.10823697555610684,0.11409277777576271,0.1460171288939287,0.025895931479752388,0.0715107546096338,0.1651454848989291,0.260890501292113,0.07952818513399473,0.19071721705648845,-0.05275478921771515,0.036471568060534865,
hltv_2394889_108803_astralis_vs_pain_m1_nuke,1780923351.0,1,0,-0.017271272339290433,0.48466257668711654,0.022539532884918945,0.08318345543485361,0.01535775066495676,0.04817449919241057,0.04757944738247233,0.0530789561877254,0.07730420000141758,-0.18773911882948024,0.0018125270774602686,-0.1343930758621694,-0.010672142435971366,-0.0885904358756664,-0.31513935426438733
hltv_2394889_108803_astralis_vs_pain_m1_nuke,1780923351.0,1,1,-0.017271272339290433,0.48466257668711654,0.022539532884918945,0.08318345543485361,0.01535775066495676,0.04817449919241057,0.04757944738247233,0.0530789561877254,0.07730420000141758,-0.18773911882948024,0.0018125270774602686,-0.1343930758621694,-0.010672142435971366,-0.0885904358756664,-0.31513935426438733
hltv_2394889_108803_astralis_vs_pain_m2_overpass,1780926388.0,1,1,0.04936974789915971,0.5196078431372549,-0.002123368144479554,-0.003864719517319204,-0.05906396774852535,-0.0793647055042615,-0.026212803503214754,-0.041344316092899513,-0.008222050420595317,0.011045405036049227,-0.007395547402627545,0.010515143131755778,-0.0011085764500512463,0.01525349301956086,-0.21838222449929526
hltv_2394889_108803_astralis_vs_pain_m2_overpass,1780926388.0,0,0,0.04936974789915971,0.5196078431372549,-0.002123368144479554,-0.003864719517319204,-0.05906396774852535,-0.0793647055042615,-0.026212803503214754,-0.041344316092899513,-0.008222050420595317,0.011045405036049227,-0.007395547402627545,0.010515143131755778,-0.0011085764500512463,0.01525349301956086,-0.21838222449929526
hltv_2394890_108804_mibr_vs_b8_m2_nuke,1780926529.0,0,0,0.3677234927234927,0.8846153846153846,-0.00220288877187802,-0.020065713815967168,0.055639456575995616,0.03085084217119327,0.03790029539115003,0.01901552138563012,0.02294737029643279,0.01772009794201168,-0.01323151833244729,-0.025502701448988196,-0.008707530867485824,0.00801770123565454,0.10668461484948562
hltv_2394890_108804_mibr_vs_b8_m2_nuke,1780926529.0,1,1,0.3677234927234927,0.8846153846153846,-0.00220288877187802,-0.020065713815967168,0.055639456575995616,0.03085084217119327,0.03790029539115003,0.01901552138563012,0.02294737029643279,0.01772009794201168,-0.01323151833244729,-0.025502701448988196,-0.008707530867485824,0.00801770123565454,0.10668461484948562
hltv_2394890_108804_mibr_vs_b8_m3_ancient,1780929912.0,1,1,0.261437908496732,0.7777777777777778,-0.0033513241663427062,-0.014718356964306845,-0.012999045863137493,-0.029484814574199825,-0.01219163830090958,-0.009876888069587031,0.009257680082168318,0.02155814574295173,0.026096461589137754,0.1664592149047086,0.0007540168212011311,0.023263607624682825,0.0047502715043541595
hltv_2394890_108804_mibr_vs_b8_m3_ancient,1780929912.0,1,0,0.261437908496732,0.7777777777777778,-0.0033513241663427062,-0.014718356964306845,-0.012999045863137493,-0.029484814574199825,-0.01219163830090958,-0.009876888069587031,0.009257680082168318,0.02155814574295173,0.026096461589137754,0.1664592149047086,0.0007540168212011311,0.023263607624682825,0.0047502715043541595
hltv_2394891_108807_monte_vs_betboom_m1_nuke,1780931748.0,1,0,-0.09865900383141768,0.5431034482758621,0.020498568729195865,0.07928824196347206,0.07721113358992537,0.13449428973601396,0.05931735367861263,0.06441814890867531,-0.13509444442547702,-0.09898118621606133,0.01805927122861617,-0.10945293197791389,0.011074313939523628,0.01868450653113396,0.4742807531879175
hltv_2394891_108807_monte_vs_betboom_m1_nuke,1780931748.0,1,1,-0.09865900383141768,0.5431034482758621,0.020498568729195865,0.07928824196347206,0.07721113358992537,0.13449428973601396,0.05931735367861263,0.06441814890867531,-0.13509444442547702,-0.09898118621606133,0.01805927122861617,-0.10945293197791389,0.011074313939523628,0.01868450653113396,0.4742807531879175
hltv_2394892_108806_tyloo_vs_9z_m1_overpass,1780934369.0,1,0,-0.047766749379652584,0.45161290322580644,-0.16655074460765296,-0.19730451706613117,-0.17425466768954917,-0.17698661930915416,0.0018876931562048505,-0.07108924127672622,-0.16906954049318001,-0.3139416105668184,-0.07801524175222913,-0.08225668699914224,0.05106371393123266,-0.19229866224503833,0.08039719858681957
hltv_2394892_108806_tyloo_vs_9z_m1_overpass,1780934369.0,1,1,-0.047766749379652584,0.45161290322580644,-0.16655074460765296,-0.19730451706613117,-0.17425466768954917,-0.17698661930915416,0.0018876931562048505,-0.07108924127672622,-0.16906954049318001,-0.3139416105668184,-0.07801524175222913,-0.08225668699914224,0.05106371393123266,-0.19229866224503833,0.08039719858681957
hltv_2394891_108807_monte_vs_betboom_m2_mirage,1780934957.0,0,1,0.012195121951219523,0.5121951219512195,0.00828580300502696,0.03740193692399463,0.022686391396391503,0.06804485702822483,0.01641640353289564,0.020533645609761897,0.004473745002814278,0.16774669967547878,-0.04771245234824245,0.22653656421851753,-0.009122619303405743,0.05286468173687653,0.4742807531879175
hltv_2394891_108807_monte_vs_betboom_m2_mirage,1780934957.0,1,0,0.012195121951219523,0.5121951219512195,0.00828580300502696,0.03740193692399463,0.022686391396391503,0.06804485702822483,0.01641640353289564,0.020533645609761897,0.004473745002814278,0.16774669967547878,-0.04771245234824245,0.22653656421851753,-0.009122619303405743,0.05286468173687653,0.4742807531879175
hltv_2394892_108806_tyloo_vs_9z_m2_inferno,1780938041.0,0,1,0.02184858838338427,0.4397590361445783,0.009510315611329978,0.01034926401823491,0.03614067165288454,0.049860769757818835,0.02710594006710315,-0.01839508877179491,-0.0002778798373359592,-0.013598863186062127,0.016110592558979953,-0.02441885153110601,-0.003904794579202453,-0.0030474716834079096,0.08039719858681957
hltv_2394892_108806_tyloo_vs_9z_m2_inferno,1780938041.0,1,0,0.02184858838338427,0.4397590361445783,0.009510315611329978,0.01034926401823491,0.03614067165288454,0.049860769757818835,0.02710594006710315,-0.01839508877179491,-0.0002778798373359592,-0.013598863186062127,0.016110592558979953,-0.02441885153110601,-0.003904794579202453,-0.0030474716834079096,0.08039719858681957
hltv_2394891_108807_monte_vs_betboom_m3_dust2,1780938646.0,1,0,0.010869565217391353,0.5108695652173914,-0.004691951528244531,-0.002503789445488458,-0.005711377463421319,-0.04746849397013686,-0.004655823009460824,-0.025358820174913255,-0.005945156982693933,-0.019774234653085254,0.02501579138139881,-0.054589295637789526,0.03278843647776514,-0.004003966523286606,0.4742807531879175
hltv_2394891_108807_monte_vs_betboom_m3_dust2,1780938646.0,0,1,0.010869565217391353,0.5108695652173914,-0.004691951528244531,-0.002503789445488458,-0.005711377463421319,-0.04746849397013686,-0.004655823009460824,-0.025358820174913255,-0.005945156982693933,-0.019774234653085254,0.02501579138139881,-0.054589295637789526,0.03278843647776514,-0.004003966523286606,0.4742807531879175
hltv_2394893_108809_g2_vs_big_m1_inferno,1780941917.0,0,0,-0.2870634354953671,0.569672131147541,-0.2665699664454258,-0.11708571626280334,0.014863399647572495,0.0769096276968203,0.06587107134977999,0.09021919811080331,-0.14510835453674387,0.0011717394568568906,-0.039536478613942716,-0.029171279260411243,0.029653021789990408,0.062447908436304156,
hltv_2394893_108809_g2_vs_big_m1_inferno,1780941917.0,0,1,-0.2870634354953671,0.569672131147541,-0.2665699664454258,-0.11708571626280334,0.014863399647572495,0.0769096276968203,0.06587107134977999,0.09021919811080331,-0.14510835453674387,0.0011717394568568906,-0.039536478613942716,-0.029171279260411243,0.029653021789990408,0.062447908436304156,
hltv_2394894_108812_m80_vs_legacy_m1_dust2,1780942484.0,1,0,-0.047169811320754707,0.5,-0.03565998118919422,0.027702958128027033,0.004369195311221263,0.061094836307585776,0.06297036602962125,0.00430426780311971,-0.13087695382127418,-0.22147890502034456,-0.026662628360198448,-0.06411368183452223,0.03420880682211913,-0.06457106045308975,0.07500747748647199
hltv_2394894_108812_m80_vs_legacy_m1_dust2,1780942484.0,0,1,-0.047169811320754707,0.5,-0.03565998118919422,0.027702958128027033,0.004369195311221263,0.061094836307585776,0.06297036602962125,0.00430426780311971,-0.13087695382127418,-0.22147890502034456,-0.026662628360198448,-0.06411368183452223,0.03420880682211913,-0.06457106045308975,0.07500747748647199
hltv_2394895_108825_monte_vs_pain_m1_nuke,1781009060.0,1,0,0.017857142857142905,0.5178571428571429,-0.4491135952616449,-0.3587825534366703,0.03755014635205656,0.07826010464983296,0.08889206151694296,0.13451966190701253,-0.2585710318700836,-0.29511438177598975,0.033419699206453435,0.011343733181586546,0.03257730324456087,0.01398994644679652,0.31434734397665764
hltv_2394895_108825_monte_vs_pain_m1_nuke,1781009060.0,0,1,0.017857142857142905,0.5178571428571429,-0.4491135952616449,-0.3587825534366703,0.03755014635205656,0.07826010464983296,0.08889206151694296,0.13451966190701253,-0.2585710318700836,-0.29511438177598975,0.033419699206453435,0.011343733181586546,0.03257730324456087,0.01398994644679652,0.31434734397665764
hltv_2394895_108825_monte_vs_pain_m2_dust2,1781013382.0,1,1,0.016393442622950838,0.5163934426229508,0.003906300546800079,-0.025255531346410343,-0.0979871345740656,-0.1657850488671451,-0.05540579496686843,-0.06681637279709596,-0.003370290155313427,-0.12203457746120783,-0.019019974786408045,-0.21409205717062793,-0.009969044777811797,-0.05244149636157924,0.31434734397665764
hltv_2394895_108825_monte_vs_pain_m2_dust2,1781013382.0,1,0,0.016393442622950838,0.5163934426229508,0.003906300546800079,-0.025255531346410343,-0.0979871345740656,-0.1657850488671451,-0.05540579496686843,-0.06681637279709596,-0.003370290155313427,-0.12203457746120783,-0.019019974786408045,-0.21409205717062793,-0.009969044777811797,-0.05244149636157924,0.31434734397665764
hltv_2394896_108829_legacy_vs_tyloo_m1_mirage,1781018469.0,0,0,0.03328544061302685,0.45689655172413796,0.11952854680343639,0.10364935839689421,-0.03903037573854401,0.01250460391299546,0.024846790888026493,-0.01524809140960709,-0.059041463261407356,-0.05924428512696345,-0.07935680042999,-0.011281827603270234,0.031607842604928826,0.0005028892557980558,0.2877529366405927
hltv_2394896_108829_legacy_vs_tyloo_m1_mirage,1781018469.0,0,1,0.03328544061302685,0.45689655172413796,0.11952854680343639,0.10364935839689421,-0.03903037573854401,0.01250460391299546,0.024846790888026493,-0.01524809140960709,-0.059041463261407356,-0.05924428512696345,-0.07935680042999,-0.011281827603270234,0.031607842604928826,0.0005028892557980558,0.2877529366405927
hltv_2394896_108829_legacy_vs_tyloo_m2_inferno,1781021694.0,1,1,-0.04040404040404039,0.461038961038961,-0.005897646773126652,0.02395934045225384,0.0005109652056957681,0.03982242509561401,0.005946640155806204,0.008615769253620953,-0.014514296969924179,0.01625697104008811,0.02153501031745203,-0.008648288381112479,0.007065928364411389,-0.008206905035201384,0.2877529366405927
hltv_2394896_108829_legacy_vs_tyloo_m2_inferno,1781021694.0,0,0,-0.04040404040404039,0.461038961038961,-0.005897646773126652,0.02395934045225384,0.0005109652056957681,0.03982242509561401,0.005946640155806204,0.008615769253620953,-0.014514296969924179,0.01625697104008811,0.02153501031745203,-0.008648288381112479,0.007065928364411389,-0.008206905035201384,0.2877529366405927
hltv_2394897_108830_big_vs_b8_m1_ancient,1781027008.0,1,1,-0.26785714285714285,0.5,0.0002183339154411268,-0.08193300868352099,-0.015010772453704968,-0.07869051725810428,-0.05525407721126019,0.021880970187927284,0.15536810094401965,0.24048270078558254,0.11404644797423069,0.2021446750820782,-0.054587326912337475,0.21717655780416567,
hltv_2394897_108830_big_vs_b8_m1_ancient,1781027008.0,0,0,-0.26785714285714285,0.5,0.0002183339154411268,-0.08193300868352099,-0.015010772453704968,-0.07869051725810428,-0.05525407721126019,0.021880970187927284,0.15536810094401965,0.24048270078558254,0.11404644797423069,0.2021446750820782,-0.054587326912337475,0.21717655780416567,
hltv_2394897_108830_big_vs_b8_m3_dust2,1781033897.0,1,1,-0.2272727272727273,0.5,0.003278981166614625,0.029861736737917366,0.025667398174811062,0.1239168995979929,0.02233792829248854,0.05462099297411377,-0.008764784093442834,0.03058744228665239,-0.012754719335636155,0.24468982792497318,-0.011297677827344532,0.04009443267959317,0.2961829283317777
hltv_2394897_108830_big_vs_b8_m3_dust2,1781033897.0,0,0,-0.2272727272727273,0.5,0.003278981166614625,0.029861736737917366,0.025667398174811062,0.1239168995979929,0.02233792829248854,0.05462099297411377,-0.008764784093442834,0.03058744228665239,-0.012754719335636155,0.24468982792497318,-0.011297677827344532,0.04009443267959317,0.2961829283317777
hltv_2394903_108851_parivision_vs_9z_m1_overpass,1781170709.0,0,1,-0.03881023348236462,0.4431818181818182,-0.19020597948823414,-0.0839772462801785,-0.16476283901438138,-0.16117637322585388,0.02294684556927079,-0.07104218686260666,-0.23992840389711467,0.02696039472620737,-0.07604930170274343,-0.03449251769877132,0.06724187441891805,0.0170820520734688,0.08311579030501795
hltv_2394903_108851_parivision_vs_9z_m1_overpass,1781170709.0,0,0,-0.03881023348236462,0.4431818181818182,-0.19020597948823414,-0.0839772462801785,-0.16476283901438138,-0.16117637322585388,0.02294684556927079,-0.07104218686260666,-0.23992840389711467,0.02696039472620737,-0.07604930170274343,-0.03449251769877132,0.06724187441891805,0.0170820520734688,0.08311579030501795
hltv_2394903_108851_parivision_vs_9z_m2_dust2,1781174454.0,0,0,-0.07950125829329674,0.4731182795698925,-0.0671504904020982,-0.044121052804220684,-0.10929531797860931,-0.12050906356426694,-0.09304050755576254,-0.08833420981959617,-0.0023400968078661766,-0.008889566847543884,0.04209512532171278,-0.07898267601055944,0.02238174468554832,-0.03993459602092336,0.00831433041013023
hltv_2394903_108851_parivision_vs_9z_m2_dust2,1781174454.0,0,1,-0.07950125829329674,0.4731182795698925,-0.0671504904020982,-0.044121052804220684,-0.10929531797860931,-0.12050906356426694,-0.09304050755576254,-0.08833420981959617,-0.0023400968078661766,-0.008889566847543884,0.04209512532171278,-0.07898267601055944,0.02238174468554832,-0.03993459602092336,0.00831433041013023
hltv_2394904_108852_the_mongolz_vs_betboom_m2_mirage,1781175061.0,0,1,-0.08179913186648713,0.5916030534351145,0.2933214539504032,0.3481987878348307,0.026974266264130187,0.06128405430560513,-0.032347129982505385,-0.0005261954557614357,0.22111091408861372,0.3659300810329538,-0.08691518993317016,0.06809132449862665,-0.05812326358470138,-0.09590560313138202,0.04397545811420272
hltv_2394904_108852_the_mongolz_vs_betboom_m2_mirage,1781175061.0,0,0,-0.08179913186648713,0.5916030534351145,0.2933214539504032,0.3481987878348307,0.026974266264130187,0.06128405430560513,-0.032347129982505385,-0.0005261954557614357,0.22111091408861372,0.3659300810329538,-0.08691518993317016,0.06809132449862665,-0.05812326358470138,-0.09590560313138202,0.04397545811420272
hltv_2394904_108852_the_mongolz_vs_betboom_m3_ancient,1781178876.0,0,0,-0.14233193277310918,0.6066176470588235,0.0001115692551177383,0.003624952027408035,0.0701458838543838,0.10630743321147385,0.04279088066318648,0.03497388316741534,0.006987470090389247,-0.022551322808835705,-0.0026208782196044944,-0.1357829497629291,-0.0037740115685896414,-0.05550499492473354,0.10002512635439634
hltv_2394904_108852_the_mongolz_vs_betboom_m3_ancient,1781178876.0,1,1,-0.14233193277310918,0.6066176470588235,0.0001115692551177383,0.003624952027408035,0.0701458838543838,0.10630743321147385,0.04279088066318648,0.03497388316741534,0.006987470090389247,-0.022551322808835705,-0.0026208782196044944,-0.1357829497629291,-0.0037740115685896414,-0.05550499492473354,0.10002512635439634
hltv_2394905_108855_mouz_vs_legacy_m1_dust2,1781182457.0,0,0,-0.06235622740716401,0.4888268156424581,0.08839784550120222,-0.023205949000104198,0.10037767413243404,0.11734550289903345,-0.0039413892042565735,0.032775471316151605,0.1225791767935025,0.06590521210821176,0.05828337428772512,-0.034623287414719206,-0.029308868145877742,0.06928274133034401,0.11995230472364199
hltv_2394905_108855_mouz_vs_legacy_m1_dust2,1781182457.0,1,1,-0.06235622740716401,0.4888268156424581,0.08839784550120222,-0.023205949000104198,0.10037767413243404,0.11734550289903345,-0.0039413892042565735,0.032775471316151605,0.1225791767935025,0.06590521210821176,0.05828337428772512,-0.034623287414719206,-0.029308868145877742,0.06928274133034401,0.11995230472364199
hltv_2394898_108857_vitality_vs_fut_m1_anubis,1781182721.0,1,0,0.004946769968229181,0.5536480686695279,0.09417141231604764,0.021489603412673364,0.01689161516317722,-0.04567877176576224,-0.02834725324088344,-0.026953124711536325,0.09404820456644003,0.07940122872506705,-0.03703069633205053,0.031744953749764715,-0.022634027533764756,-0.17450117053482866,0.2520327897345193
hltv_2394898_108857_vitality_vs_fut_m1_anubis,1781182721.0,0,1,0.004946769968229181,0.5536480686695279,0.09417141231604764,0.021489603412673364,0.01689161516317722,-0.04567877176576224,-0.02834725324088344,-0.026953124711536325,0.09404820456644003,0.07940122872506705,-0.03703069633205053,0.031744953749764715,-0.022634027533764756,-0.17450117053482866,0.2520327897345193
hltv_2394898_108857_vitality_vs_fut_m2_overpass,1781185750.0,1,0,0.0053511970826066735,0.5525210084033614,-0.007979199816789184,-0.016437501045610703,-0.12188234408945925,-0.18651206241114648,-0.059936949062714684,-0.07901291871577837,-0.0029936085035513482,-0.015667908614370285,-0.009059018278733288,0.00665774955700732,-0.008674828533506207,-0.010237196503244894,0.22362474989539752
hltv_2394898_108857_vitality_vs_fut_m2_overpass,1781185750.0,1,1,0.0053511970826066735,0.5525210084033614,-0.007979199816789184,-0.016437501045610703,-0.12188234408945925,-0.18651206241114648,-0.059936949062714684,-0.07901291871577837,-0.0029936085035513482,-0.015667908614370285,-0.009059018278733288,0.00665774955700732,-0.008674828533506207,-0.010237196503244894,0.22362474989539752
hltv_2394898_108857_vitality_vs_fut_m3_nuke,1781189235.0,1,1,0.03124059018367964,0.5617283950617284,0.06829358969277122,0.024450586516116674,0.09979837175450246,0.07700404125478044,0.06861683788128797,0.054499873299181156,-0.005223843406723827,-0.019579224185423988,0.029421083110830082,0.1301335455730333,0.0018058369988979694,0.0722244254135071,0.24540457571417815
hltv_2394898_108857_vitality_vs_fut_m3_nuke,1781189235.0,1,0,0.03124059018367964,0.5617283950617284,0.06829358969277122,0.024450586516116674,0.09979837175450246,0.07700404125478044,0.06861683788128797,0.054499873299181156,-0.005223843406723827,-0.019579224185423988,0.029421083110830082,0.1301335455730333,0.0018058369988979694,0.0722244254135071,0.24540457571417815
hltv_2394901_108860_furia_vs_b8_m1_mirage,1781190573.0,0,1,-0.010964912280701733,0.5,0.10836958249664541,0.12710214462751573,0.013693530315907976,0.007616117983478554,-0.01692535344188889,-0.01116749443313203,0.0011764945619493483,0.04894016351171815,-0.02011526731665808,-0.06493957612729545,-0.05088111869614542,-0.0324127577058978,0.1068503936077285
hltv_2394901_108860_furia_vs_b8_m1_mirage,1781190573.0,0,0,-0.010964912280701733,0.5,0.10836958249664541,0.12710214462751573,0.013693530315907976,0.007616117983478554,-0.01692535344188889,-0.01116749443313203,0.0011764945619493483,0.04894016351171815,-0.02011526731665808,-0.06493957612729545,-0.05088111869614542,-0.0324127577058978,0.1068503936077285
hltv_2394899_108862_falcons_vs_g2_m1_inferno,1781193716.0,1,1,-0.05811676390192155,0.5866141732283464,-0.07170124668897371,-0.03048457333347604,-0.11404085474627101,-0.11255405636385224,0.0010898589315765927,-0.030471457012507808,-0.07505442520937866,-0.2832405704732829,-0.0635084998486643,-0.12343946911887779,0.061696496216787244,-0.12584649813131688,-0.02187792174800718
hltv_2394899_108862_falcons_vs_g2_m1_inferno,1781193716.0,1,0,-0.05811676390192155,0.5866141732283464,-0.07170124668897371,-0.03048457333347604,-0.11404085474627101,-0.11255405636385224,0.0010898589315765927,-0.030471457012507808,-0.07505442520937866,-0.2832405704732829,-0.0635084998486643,-0.12343946911887779,0.061696496216787244,-0.12584649813131688,-0.02187792174800718
hltv_2394901_108860_furia_vs_b8_m2_inferno,1781194037.0,1,1,-0.03591009451983429,0.5144508670520231,0.0010866431650943253,0.008066458487277217,-0.0017027125491004824,0.06147518433712351,0.004434660103693144,0.024746668838429298,0.006542162921965022,-0.12816386009672537,-0.021014996943467534,-0.23456079234037489,0.007929380228962168,-0.05494528620537886,0.11338817072534454
hltv_2394901_108860_furia_vs_b8_m2_inferno,1781194037.0,1,0,-0.03591009451983429,0.5144508670520231,0.0010866431650943253,0.008066458487277217,-0.0017027125491004824,0.06147518433712351,0.004434660103693144,0.024746668838429298,0.006542162921965022,-0.12816386009672537,-0.021014996943467534,-0.23456079234037489,0.007929380228962168,-0.05494528620537886,0.11338817072534454
hltv_2394899_108862_falcons_vs_g2_m2_dust2,1781197632.0,1,0,-0.023989898989899006,0.5643939393939394,-0.0007655581847396675,0.004918179980632376,-0.0938287961590516,-0.10426724994789671,-0.04548223239213367,-0.06128700527242137,-0.010217119963920718,0.04692665553055014,0.006100286591959991,0.06342306231397143,0.005177553151936631,0.02553657903585166,-0.030901168419145447
hltv_2394899_108862_falcons_vs_g2_m2_dust2,1781197632.0,0,1,-0.023989898989899006,0.5643939393939394,-0.0007655581847396675,0.004918179980632376,-0.0938287961590516,-0.10426724994789671,-0.04548223239213367,-0.06128700527242137,-0.010217119963920718,0.04692665553055014,0.006100286591959991,0.06342306231397143,0.005177553151936631,0.02553657903585166,-0.030901168419145447
hltv_2394902_108861_aurora_vs_monte_m1_nuke,1781198541.0,1,1,0.009959191605130202,0.4798387096774194,-0.00901331121051241,-0.045436259876190876,-0.06172172200982923,-0.0766787744731105,0.018341128022799857,0.007179234840162474,-0.027029009421568828,-0.027381191705979635,0.01766832854513406,0.07244273495022313,0.016761830318871573,0.035768480003848524,0.46466670369896257
hltv_2394902_108861_aurora_vs_monte_m1_nuke,1781198541.0,0,0,0.009959191605130202,0.4798387096774194,-0.00901331121051241,-0.045436259876190876,-0.06172172200982923,-0.0766787744731105,0.018341128022799857,0.007179234840162474,-0.027029009421568828,-0.027381191705979635,0.01766832854513406,0.07244273495022313,0.016761830318871573,0.035768480003848524,0.46466670369896257
hltv_2394902_108861_aurora_vs_monte_m2_anubis,1781202396.0,1,1,0.008646245059288515,0.48023715415019763,0.0008008418094062608,-0.013554455448822222,0.04231351066329331,-0.0073638709434576954,0.02890959655711678,0.021018070306723202,-0.0010025473497807802,-0.03854329808851209,0.0026833723019808464,-0.04205979240877725,0.007764893565326947,-0.008410998690699556,0.40079652073527433
hltv_2394902_108861_aurora_vs_monte_m2_anubis,1781202396.0,1,0,0.008646245059288515,0.48023715415019763,0.0008008418094062608,-0.013554455448822222,0.04231351066329331,-0.0073638709434576954,0.02890959655711678,0.021018070306723202,-0.0010025473497807802,-0.03854329808851209,0.0026833723019808464,-0.04205979240877725,0.007764893565326947,-0.008410998690699556,0.40079652073527433
hltv_2394899_108862_falcons_vs_g2_m3_ancient,1781202452.0,0,1,-0.022634928625364092,0.5620437956204379,-0.004704929176238992,0.05381797619949191,0.06097245761394787,0.03206478073705665,0.03395988673823236,0.024289445980897162,-0.017950754322715867,-0.04712412602558702,-0.029169450837212674,-0.10316825792375511,-0.011727457465352253,-0.021506634304378824,-0.0033960191442554757
hltv_2394899_108862_falcons_vs_g2_m3_ancient,1781202452.0,0,0,-0.022634928625364092,0.5620437956204379,-0.004704929176238992,0.05381797619949191,0.06097245761394787,0.03206478073705665,0.03395988673823236,0.024289445980897162,-0.017950754322715867,-0.04712412602558702,-0.029169450837212674,-0.10316825792375511,-0.011727457465352253,-0.021506634304378824,-0.0033960191442554757
hltv_2394900_108864_natus_vincere_vs_spirit_m1_dust2,1781205746.0,0,1,-0.012447823494335153,0.5608974358974359,0.067434885007842,0.1342624586062076,-0.05556685799467881,-0.12503034267991076,-0.04848008819267946,-0.05934081364491722,-0.014218814502787946,0.11663746002851352,0.000800430603652702,-0.14188070001372172,-0.002686851796731393,-0.025172002315733105,-0.06344389830764664
hltv_2394900_108864_natus_vincere_vs_spirit_m1_dust2,1781205746.0,0,0,-0.012447823494335153,0.5608974358974359,0.067434885007842,0.1342624586062076,-0.05556685799467881,-0.12503034267991076,-0.04848008819267946,-0.05934081364491722,-0.014218814502787946,0.11663746002851352,0.000800430603652702,-0.14188070001372172,-0.002686851796731393,-0.025172002315733105,-0.06344389830764664
hltv_2394900_108864_natus_vincere_vs_spirit_m2_anubis,1781209761.0,1,1,-0.03651134780247034,0.5745341614906833,-0.009190235047877082,-0.04266070850281001,-0.161412217916294,-0.15551184804926854,-0.09128362189530154,-0.062040337768881015,-0.005611049629983933,-0.017960919269452674,0.040614529131584476,-0.06420251628791107,0.01868406477332285,0.01963497124693825,-0.08550642963436636
hltv_2394900_108864_natus_vincere_vs_spirit_m2_anubis,1781209761.0,1,0,-0.03651134780247034,0.5745341614906833,-0.009190235047877082,-0.04266070850281001,-0.161412217916294,-0.15551184804926854,-0.09128362189530154,-0.062040337768881015,-0.005611049629983933,-0.017960919269452674,0.040614529131584476,-0.06420251628791107,0.01868406477332285,0.01963497124693825,-0.08550642963436636
hltv_2394972_108871_the_mongolz_vs_b8_m1_mirage,1781258589.0,0,0,-0.1028368794326241,0.6028368794326241,0.03334716102187152,-0.14535529231392708,0.0028492274654370875,-0.09296407914340316,-0.016632578057987235,-0.0037083260306075005,0.24921388458883786,0.14611987506034152,0.09713108723507896,0.09946140383552332,-0.04409597312673108,0.08845458017526558,-0.0083226333242667
hltv_2394972_108871_the_mongolz_vs_b8_m1_mirage,1781258589.0,1,1,-0.1028368794326241,0.6028368794326241,0.03334716102187152,-0.14535529231392708,0.0028492274654370875,-0.09296407914340316,-0.016632578057987235,-0.0037083260306075005,0.24921388458883786,0.14611987506034152,0.09713108723507896,0.09946140383552332,-0.04409597312673108,0.08845458017526558,-0.0083226333242667
hltv_2394971_108874_furia_vs_mouz_m2_inferno,1781261316.0,1,0,0.00036536353671901,0.4894957983193277,0.039155604767202146,-0.006828555883215182,-0.008579402040348016,0.017649076961815058,-0.002977555753834571,0.0350402474975936,0.10424273318154431,0.2980098015439708,0.04802079579428298,0.11928356434539172,-0.04757332290668437,0.09891723309608536,0.13927834446066498
hltv_2394971_108874_furia_vs_mouz_m2_inferno,1781261316.0,0,1,0.00036536353671901,0.4894957983193277,0.039155604767202146,-0.006828555883215182,-0.008579402040348016,0.017649076961815058,-0.002977555753834571,0.0350402474975936,0.10424273318154431,0.2980098015439708,0.04802079579428298,0.11928356434539172,-0.04757332290668437,0.09891723309608536,0.13927834446066498
hltv_2394972_108871_the_mongolz_vs_b8_m2_overpass,1781261599.0,0,1,-0.09931506849315064,0.5993150684931506,-0.0010303971042205928,0.00425277966733234,0.016595410918704923,0.04624232799122424,0.007739031968077181,0.016009416621458605,-0.011778939643213804,0.008499239850730311,0.04279034408830831,0.0639414562712377,0.019715194252229562,0.01983819431345496,-0.009167644277822063
hltv_2394972_108871_the_mongolz_vs_b8_m2_overpass,1781261599.0,0,0,-0.09931506849315064,0.5993150684931506,-0.0010303971042205928,0.00425277966733234,0.016595410918704923,0.04624232799122424,0.007739031968077181,0.016009416621458605,-0.011778939643213804,0.008499239850730311,0.04279034408830831,0.0639414562712377,0.019715194252229562,0.01983819431345496,-0.009167644277822063
hltv_2394971_108874_furia_vs_mouz_m3_overpass,1781265094.0,1,1,0.00029394473838917357,0.4897119341563786,0.004646558199227768,-0.018825680858962635,-0.06559840715611709,-0.16606296033022394,-0.04156093417749457,-0.06688444672083954,-0.014856228612972644,-0.02373868997173778,-0.050410920900751555,-0.07827875825203595,-0.006945862085659227,-0.028256563411818647,0.11688633564261583
hltv_2394971_108874_furia_vs_mouz_m3_overpass,1781265094.0,0,0,0.00029394473838917357,0.4897119341563786,0.004646558199227768,-0.018825680858962635,-0.06559840715611709,-0.16606296033022394,-0.04156093417749457,-0.06688444672083954,-0.014856228612972644,-0.02373868997173778,-0.050410920900751555,-0.07827875825203595,-0.006945862085659227,-0.028256563411818647,0.11688633564261583
hltv_2394974_108877_parivision_vs_monte_m1_mirage,1781266680.0,1,0,0.06281687002061398,0.44623655913978494,-0.10203738066196999,0.04938069471225576,-0.13136680174613946,-0.07584804671970041,0.008472692049731723,-0.009812307200767312,-0.08919604624886257,0.17831366349648514,0.014446337719889124,0.023374822865083272,0.024819359445650224,-0.05235526541461971,-0.31841541253785005
hltv_2394974_108877_parivision_vs_monte_m1_mirage,1781266680.0,1,1,0.06281687002061398,0.44623655913978494,-0.10203738066196999,0.04938069471225576,-0.13136680174613946,-0.07584804671970041,0.008472692049731723,-0.009812307200767312,-0.08919604624886257,0.17831366349648514,0.014446337719889124,0.023374822865083272,0.024819359445650224,-0.05235526541461971,-0.31841541253785005
hltv_2394974_108877_parivision_vs_monte_m3_inferno,1781274113.0,1,0,0.10075242218099362,0.4744897959183674,-0.002779644906309886,-0.001299980837001835,-0.07426095335129507,-0.07337464919787656,-0.042173426534386216,-0.029675321308705926,-0.00015548231809026092,0.051895331678848855,0.03179694649156023,0.102831335821368,0.004768015227240074,0.034352681251736406,-0.31211942975615825
hltv_2394974_108877_parivision_vs_monte_m3_inferno,1781274113.0,1,1,0.10075242218099362,0.4744897959183674,-0.002779644906309886,-0.001299980837001835,-0.07426095335129507,-0.07337464919787656,-0.042173426534386216,-0.029675321308705926,-0.00015548231809026092,0.051895331678848855,0.03179694649156023,0.102831335821368,0.004768015227240074,0.034352681251736406,-0.31211942975615825
hltv_2394973_108878_fut_vs_g2_m3_mirage,1781275880.0,1,0,0.06267188932411039,0.5774647887323944,0.10414391334208795,0.20049365133671315,0.060881104588167256,0.14575906776468314,-0.0072644789833216095,0.04505627433041687,-0.07443240256357281,0.02783768079146204,0.009146482940282252,0.07527984379152738,-0.006654812608344773,0.015517133910760983,0.037991853794479113
hltv_2394973_108878_fut_vs_g2_m3_mirage,1781275880.0,1,1,0.06267188932411039,0.5774647887323944,0.10414391334208795,0.20049365133671315,0.060881104588167256,0.14575906776468314,-0.0072644789833216095,0.04505627433041687,-0.07443240256357281,0.02783768079146204,0.009146482940282252,0.07527984379152738,-0.006654812608344773,0.015517133910760983,0.037991853794479113
hltv_2394976_108879_natus_vincere_vs_legacy_m1_inferno,1781277823.0,1,1,0.11513494172970767,0.5466417910447762,0.08609450396422191,0.1549399994292594,0.05737678799035595,0.066021999228695,0.0403828839622829,0.05155339498354067,0.0018453227511402437,0.13490057654627996,-0.0459477202809363,-0.03456687732961061,-0.022087484085960063,0.03139098164550663,-0.01768925837381092
hltv_2394976_108879_natus_vincere_vs_legacy_m1_inferno,1781277823.0,1,0,0.11513494172970767,0.5466417910447762,0.08609450396422191,0.1549399994292594,0.05737678799035595,0.066021999228695,0.0403828839622829,0.05155339498354067,0.0018453227511402437,0.13490057654627996,-0.0459477202809363,-0.03456687732961061,-0.022087484085960063,0.03139098164550663,-0.01768925837381092
hltv_2394975_108882_falcons_vs_betboom_m1_nuke,1781280214.0,0,1,0.05922919293820933,0.5264423076923077,-0.01668706758410976,-0.03554030122414925,-0.038465498792924824,-0.02408040456709809,-0.0077324185406652535,-0.0018069895640032696,0.03537066662904981,-0.03301478582477074,0.005415914301522384,0.09856976887823804,-0.018143417834270315,0.05041048128277237,-0.06488028421137901
hltv_2394975_108882_falcons_vs_betboom_m1_nuke,1781280214.0,1,0,0.05922919293820933,0.5264423076923077,-0.01668706758410976,-0.03554030122414925,-0.038465498792924824,-0.02408040456709809,-0.0077324185406652535,-0.0018069895640032696,0.03537066662904981,-0.03301478582477074,0.005415914301522384,0.09856976887823804,-0.018143417834270315,0.05041048128277237,-0.06488028421137901
hltv_2394976_108879_natus_vincere_vs_legacy_m2_ancient,1781281787.0,1,0,0.15109890109890112,0.554945054945055,-0.000951464756655529,0.0030386587640427454,0.14998844634143715,0.19814699925717916,0.08966446486904661,0.10065999329200381,-0.000139964649429003,0.018497019708135998,0.012428693647238032,0.12460422233652979,0.01585172982606564,0.04660805429911968,0.10591239980871593
hltv_2394976_108879_natus_vincere_vs_legacy_m2_ancient,1781281787.0,1,1,0.15109890109890112,0.554945054945055,-0.000951464756655529,0.0030386587640427454,0.14998844634143715,0.19814699925717916,0.08966446486904661,0.10065999329200381,-0.000139964649429003,0.018497019708135998,0.012428693647238032,0.12460422233652979,0.01585172982606564,0.04660805429911968,0.10591239980871593
hltv_2394975_108882_falcons_vs_betboom_m2_ancient,1781284061.0,0,0,0.05612462654716177,0.5258215962441315,-0.004220269946826338,0.03149181561847625,0.053645815249719675,0.09987868214514889,0.023695669041672307,0.029193826605490136,-0.011064230413599496,-0.022340772575543455,0.028881574633785267,-0.017126685846524214,0.003411312632714325,-0.04851408230057397,-0.06227148954892593
hltv_2394975_108882_falcons_vs_betboom_m2_ancient,1781284061.0,1,1,0.05612462654716177,0.5258215962441315,-0.004220269946826338,0.03149181561847625,0.053645815249719675,0.09987868214514889,0.023695669041672307,0.029193826605490136,-0.011064230413599496,-0.022340772575543455,0.028881574633785267,-0.017126685846524214,0.003411312632714325,-0.04851408230057397,-0.06227148954892593
hltv_2394978_108889_vitality_vs_9z_m1_inferno,1781285355.0,1,1,0.07056451612903225,0.5705645161290323,-0.19019345016141476,-0.14037160336410343,-0.011001225780186474,0.05781064674512931,0.07076451137307266,0.04604723064032651,-0.07309784475514614,0.08867087661753065,-0.0033646673139562933,0.0025847780449200775,0.019356792621572083,-0.044324871952410416,0.30985239498305994
hltv_2394978_108889_vitality_vs_9z_m1_inferno,1781285355.0,0,0,0.07056451612903225,0.5705645161290323,-0.19019345016141476,-0.14037160336410343,-0.011001225780186474,0.05781064674512931,0.07076451137307266,0.04604723064032651,-0.07309784475514614,0.08867087661753065,-0.0033646673139562933,0.0025847780449200775,0.019356792621572083,-0.044324871952410416,0.30985239498305994
hltv_2394977_108891_aurora_vs_spirit_m1_dust2,1781288436.0,1,1,-0.06691883814327082,0.5572289156626506,-0.09463301820791292,-0.060400294514049824,0.027809712614738025,0.0496537267599792,0.04368979849273319,0.026314552115722034,-0.06834997927042286,0.14823913261622446,-0.01595720299471437,-0.013008438239717535,-0.016049039734219228,-0.04348619650444174,-0.10843438503515458
hltv_2394977_108891_aurora_vs_spirit_m1_dust2,1781288436.0,0,0,-0.06691883814327082,0.5572289156626506,-0.09463301820791292,-0.060400294514049824,0.027809712614738025,0.0496537267599792,0.04368979849273319,0.026314552115722034,-0.06834997927042286,0.14823913261622446,-0.01595720299471437,-0.013008438239717535,-0.016049039734219228,-0.04348619650444174,-0.10843438503515458
hltv_2394978_108889_vitality_vs_9z_m2_mirage,1781289084.0,0,0,0.06916996047430835,0.5691699604743083,-0.010217507201117693,0.02131812167488678,0.12115823858027036,0.22807569588127063,0.07911026673201305,0.10063161763241224,0.0001665107116979314,0.02150874855445256,0.009933450316243264,0.15304588544994158,-0.00662722569616403,0.04858515793933965,0.34764074710410237
hltv_2394978_108889_vitality_vs_9z_m2_mirage,1781289084.0,0,1,0.06916996047430835,0.5691699604743083,-0.010217507201117693,0.02131812167488678,0.12115823858027036,0.22807569588127063,0.07911026673201305,0.10063161763241224,0.0001665107116979314,0.02150874855445256,0.009933450316243264,0.15304588544994158,-0.00662722569616403,0.04858515793933965,0.34764074710410237
hltv_2394977_108891_aurora_vs_spirit_m2_anubis,1781291889.0,0,1,-0.06506125897760884,0.5555555555555556,-0.0009370972791798993,-0.005243770295814187,0.01624056326063056,-0.01259811656447396,0.013984945936927229,-0.002427865399500906,-0.006183139928895187,-0.040741682967206205,-0.04087258841829167,0.15466902558726733,0.0034193063648338407,0.034637907598005224,-0.09601679544828923
hltv_2394977_108891_aurora_vs_spirit_m2_anubis,1781291889.0,0,0,-0.06506125897760884,0.5555555555555556,-0.0009370972791798993,-0.005243770295814187,0.01624056326063056,-0.01259811656447396,0.013984945936927229,-0.002427865399500906,-0.006183139928895187,-0.040741682967206205,-0.04087258841829167,0.15466902558726733,0.0034193063648338407,0.034637907598005224,-0.09601679544828923
hltv_2394978_108889_vitality_vs_9z_m3_dust2,1781293198.0,1,1,0.03499138673557278,0.5581395348837209,0.0007040615215763713,0.012004121733095563,0.010193730471108664,0.08196016113938365,0.004219526514306349,0.021386415258242364,-0.0072264981269836714,-0.015139414832952114,-0.007200403128351518,-0.12181453896433816,0.01131786695548459,-0.02504403652719489,0.3197056656363517
hltv_2394978_108889_vitality_vs_9z_m3_dust2,1781293198.0,1,0,0.03499138673557278,0.5581395348837209,0.0007040615215763713,0.012004121733095563,0.010193730471108664,0.08196016113938365,0.004219526514306349,0.021386415258242364,-0.0072264981269836714,-0.015139414832952114,-0.007200403128351518,-0.12181453896433816,0.01131786695548459,-0.02504403652719489,0.3197056656363517
hltv_2394977_108891_aurora_vs_spirit_m3_nuke,1781295276.0,1,1,-0.08683853459972868,0.5681818181818182,-0.0036086649006926708,-0.09023106027004457,-0.06055980253826637,-0.08756324764519069,-0.025971742817202825,-0.010652800410794527,0.004562002488289196,0.00972869828292322,0.030448580487782817,0.21801825055275886,0.028919570520520188,0.09326121997128362,-0.10408729011202977
hltv_2394977_108891_aurora_vs_spirit_m3_nuke,1781295276.0,0,0,-0.08683853459972868,0.5681818181818182,-0.0036086649006926708,-0.09023106027004457,-0.06055980253826637,-0.08756324764519069,-0.025971742817202825,-0.010652800410794527,0.004562002488289196,0.00972869828292322,0.030448580487782817,0.21801825055275886,0.028919570520520188,0.09326121997128362,-0.10408729011202977
hltv_2394979_108913_natus_vincere_vs_the_mongolz_m1_nuke,1781344144.0,0,1,-0.049633141169183825,0.6125827814569537,0.16268222809226773,0.16877766161394153,-0.08392560251964831,-0.11129542683512583,-0.08331649980672062,-0.04016725841154012,0.17433598238709996,0.31872737915408966,-0.01568130952906388,-0.11971750257663583,-0.03616120086541075,-0.0967397697092558,0.08063625185510835
hltv_2394979_108913_natus_vincere_vs_the_mongolz_m1_nuke,1781344144.0,0,0,-0.049633141169183825,0.6125827814569537,0.16268222809226773,0.16877766161394153,-0.08392560251964831,-0.11129542683512583,-0.08331649980672062,-0.04016725841154012,0.17433598238709996,0.31872737915408966,-0.01568130952906388,-0.11971750257663583,-0.03616120086541075,-0.0967397697092558,0.08063625185510835
hltv_2394980_108910_b8_vs_fut_m1_dust2,1781344209.0,0,1,-0.01329787234042551,0.5,-0.09728848290566194,-0.324239237758874,0.0155720844351806,-0.039848846274691374,-0.012302091887689881,-0.03074375509412347,-0.05081909466020801,-0.2848832346616148,0.04133182072383945,0.18525128599736523,0.03151641302240782,0.15650556528755466,-0.025221915938424714
hltv_2394980_108910_b8_vs_fut_m1_dust2,1781344209.0,0,0,-0.01329787234042551,0.5,-0.09728848290566194,-0.324239237758874,0.0155720844351806,-0.039848846274691374,-0.012302091887689881,-0.03074375509412347,-0.05081909466020801,-0.2848832346616148,0.04133182072383945,0.18525128599736523,0.03151641302240782,0.15650556528755466,-0.025221915938424714
hltv_2394980_108910_b8_vs_fut_m2_mirage,1781347848.0,1,0,-0.039873216198222705,0.5139664804469274,0.007261964132102117,0.055638248491072906,0.049178079352587556,0.12465534512096244,0.03273822874145077,0.04308218037046835,0.008081409798280426,-0.010258117996381988,0.0031986132591359517,0.12462638484528388,-0.004153216318101449,0.04485591420982815,-0.01418680527936721
hltv_2394980_108910_b8_vs_fut_m2_mirage,1781347848.0,0,1,-0.039873216198222705,0.5139664804469274,0.007261964132102117,0.055638248491072906,0.049178079352587556,0.12465534512096244,0.03273822874145077,0.04308218037046835,0.008081409798280426,-0.010258117996381988,0.0031986132591359517,0.12462638484528388,-0.004153216318101449,0.04485591420982815,-0.01418680527936721
hltv_2394979_108913_natus_vincere_vs_the_mongolz_m2_ancient,1781348777.0,0,0,-0.07199646643109536,0.625,-0.006787433961696343,-0.006019735768889534,0.025259912277356578,0.04991075129893524,0.01623132466730065,0.02175220408533768,-0.006941277523233369,0.03742283787550235,-0.007639637146935274,0.12058319811387636,0.005778991622154173,0.03707565822119574,0.07827886481636169
hltv_2394979_108913_natus_vincere_vs_the_mongolz_m2_ancient,1781348777.0,1,1,-0.07199646643109536,0.625,-0.006787433961696343,-0.006019735768889534,0.025259912277356578,0.04991075129893524,0.01623132466730065,0.02175220408533768,-0.006941277523233369,0.03742283787550235,-0.007639637146935274,0.12058319811387636,0.005778991622154173,0.03707565822119574,0.07827886481636169
hltv_2394980_108910_b8_vs_fut_m3_ancient,1781351736.0,0,1,-0.038839481774264384,0.5135869565217391,-0.003481143145722343,-0.00498013590143076,-0.004338363728872696,-0.05727981702506196,-0.007660294422145164,-0.021989639049001586,-0.025284004969256313,-0.009037011275904616,0.01845976675621097,0.04696535368991492,0.023965002890144138,0.004202001745609807,-0.015919770010169202
hltv_2394980_108910_b8_vs_fut_m3_ancient,1781351736.0,0,0,-0.038839481774264384,0.5135869565217391,-0.003481143145722343,-0.00498013590143076,-0.004338363728872696,-0.05727981702506196,-0.007660294422145164,-0.021989639049001586,-0.025284004969256313,-0.009037011275904616,0.01845976675621097,0.04696535368991492,0.023965002890144138,0.004202001745609807,-0.015919770010169202
hltv_2394979_108913_natus_vincere_vs_the_mongolz_m3_mirage,1781352156.0,0,1,-0.06903467908902683,0.6211180124223602,0.0014224763952680464,-0.018792388468657162,0.016549623732353136,-0.038293851715604565,0.007518592993072948,0.0011568865599759781,-0.006645447794686565,-0.03203693675558095,0.012071471971770165,-0.13224063961150934,0.00496138771149246,-0.021163502836160364,0.08596548945919075
hltv_2394979_108913_natus_vincere_vs_the_mongolz_m3_mirage,1781352156.0,0,0,-0.06903467908902683,0.6211180124223602,0.0014224763952680464,-0.018792388468657162,0.016549623732353136,-0.038293851715604565,0.007518592993072948,0.0011568865599759781,-0.006645447794686565,-0.03203693675558095,0.012071471971770165,-0.13224063961150934,0.00496138771149246,-0.021163502836160364,0.08596548945919075
hltv_2394982_108924_falcons_vs_monte_m1_inferno,1781356164.0,0,1,0.025229357798165153,0.5252293577981652,-0.21583928004991293,-0.1426043246572174,-0.1094836553080405,-0.11150205824736326,0.0233874938725262,-0.037002459395058585,-0.1580988895506722,-0.0027665932572385477,-0.057376900342111126,-0.058603959936368855,0.030674221898000897,0.07504083521819344,0.30492917061754116
hltv_2394982_108924_falcons_vs_monte_m1_inferno,1781356164.0,0,0,0.025229357798165153,0.5252293577981652,-0.21583928004991293,-0.1426043246572174,-0.1094836553080405,-0.11150205824736326,0.0233874938725262,-0.037002459395058585,-0.1580988895506722,-0.0027665932572385477,-0.057376900342111126,-0.058603959936368855,0.030674221898000897,0.07504083521819344,0.30492917061754116
hltv_2394981_108922_aurora_vs_g2_m1_overpass,1781356366.0,0,1,-0.11015175300889585,0.5918367346938775,0.17961201850605746,-0.06273763068179672,-0.063787523645009,-0.15715246788372217,-0.06087494213401501,-0.09482143308746344,0.18930106856047174,-0.1325495225359089,0.03918096994156378,-0.08428986112164716,-0.005225410769834515,-0.10761328765131012,-0.0014428694500733495
hltv_2394981_108922_aurora_vs_g2_m1_overpass,1781356366.0,1,0,-0.11015175300889585,0.5918367346938775,0.17961201850605746,-0.06273763068179672,-0.063787523645009,-0.15715246788372217,-0.06087494213401501,-0.09482143308746344,0.18930106856047174,-0.1325495225359089,0.03918096994156378,-0.08428986112164716,-0.005225410769834515,-0.10761328765131012,-0.0014428694500733495
hltv_2394981_108922_aurora_vs_g2_m2_anubis,1781360175.0,1,1,-0.10680140098447555,0.5888157894736842,-0.006942255163328526,-0.0034341589556266816,0.03395844402345338,0.01095435358196678,0.028657367904123154,0.017339976316518346,0.00332266195666725,0.038372832015405395,0.012947199730032333,0.08616509343848808,0.001907426204639684,0.0267647909419223,0.01639241725653402
hltv_2394981_108922_aurora_vs_g2_m2_anubis,1781360175.0,1,0,-0.10680140098447555,0.5888157894736842,-0.006942255163328526,-0.0034341589556266816,0.03395844402345338,0.01095435358196678,0.028657367904123154,0.017339976316518346,0.00332266195666725,0.038372832015405395,0.012947199730032333,0.08616509343848808,0.001907426204639684,0.0267647909419223,0.01639241725653402
hltv_2394982_108924_falcons_vs_monte_m2_dust2,1781360418.0,1,0,-0.009695233349941823,0.5231481481481481,-0.0011184633816064826,0.0007377404460457981,0.061784989678261015,0.06987871478413327,0.039321216344534615,0.048179132041193784,-0.005602491474760329,-0.057782399515909355,0.012879348155711845,-0.15014560424561024,0.008661383353373964,-0.021879356161874974,0.31377412820688233
hltv_2394982_108924_falcons_vs_monte_m2_dust2,1781360418.0,0,1,-0.009695233349941823,0.5231481481481481,-0.0011184633816064826,0.0007377404460457981,0.061784989678261015,0.06987871478413327,0.039321216344534615,0.048179132041193784,-0.005602491474760329,-0.057782399515909355,0.012879348155711845,-0.15014560424561024,0.008661383353373964,-0.021879356161874974,0.31377412820688233
hltv_2394983_108931_vitality_vs_mouz_m1_mirage,1781364387.0,1,1,0.07684920230488806,0.5665399239543726,0.3283746659126209,0.3111786515209647,0.015533036927784516,0.08486193662129654,-0.06939608985970502,0.007878056854512261,0.3090282180744718,0.40939674777423773,-0.07496164510173176,-0.009345455296177085,-0.056719296062299085,0.11241997532806314,0.2807876546693435
hltv_2394983_108931_vitality_vs_mouz_m1_mirage,1781364387.0,1,0,0.07684920230488806,0.5665399239543726,0.3283746659126209,0.3111786515209647,0.015533036927784516,0.08486193662129654,-0.06939608985970502,0.007878056854512261,0.3090282180744718,0.40939674777423773,-0.07496164510173176,-0.009345455296177085,-0.056719296062299085,0.11241997532806314,0.2807876546693435
hltv_2394982_108924_falcons_vs_monte_m3_mirage,1781364463.0,0,1,-0.008965999068467623,0.5221238938053098,0.005491837642258135,-0.011475756454988773,-0.08019581225846656,-0.10825680106057067,-0.04366217865705124,-0.04454001102296268,-0.008502027205058438,-0.08023214602887963,0.0017552333761539085,-0.23705944704390086,0.00838537230236186,-0.04434681449191913,0.24088275660656036
hltv_2394982_108924_falcons_vs_monte_m3_mirage,1781364463.0,1,0,-0.008965999068467623,0.5221238938053098,0.005491837642258135,-0.011475756454988773,-0.08019581225846656,-0.10825680106057067,-0.04366217865705124,-0.04454001102296268,-0.008502027205058438,-0.08023214602887963,0.0017552333761539085,-0.23705944704390086,0.00838537230236186,-0.04434681449191913,0.24088275660656036
hltv_2394983_108931_vitality_vs_mouz_m3_inferno,1781371462.0,1,1,0.09723993099827494,0.5746268656716418,-0.004015139674091894,-0.002044203862912597,0.0830336211907386,0.0964469725820199,0.045314183901704275,0.050173473940309965,-0.008120666140472688,0.007152409502143797,-0.009128933217037782,0.024820408306988728,-0.03225908113183901,-0.023056497480185456,0.29021196341659566
hltv_2394983_108931_vitality_vs_mouz_m3_inferno,1781371462.0,1,0,0.09723993099827494,0.5746268656716418,-0.004015139674091894,-0.002044203862912597,0.0830336211907386,0.0964469725820199,0.045314183901704275,0.050173473940309965,-0.008120666140472688,0.007152409502143797,-0.009128933217037782,0.024820408306988728,-0.03225908113183901,-0.023056497480185456,0.29021196341659566
hltv_2394985_108937_betboom_vs_furia_m1_overpass,1781375360.0,1,0,0.018088368923216747,0.4899193548387097,-0.26381748284678674,-0.24041155569551906,-0.0033304413036177594,0.016707308867612125,0.04566176206767725,0.027317222221992288,-0.23295757995128102,-0.3982968723400166,0.07893290281696752,0.14423772578539407,0.03636297505670627,-0.08012556684728539,-0.006293961185741631
hltv_2394985_108937_betboom_vs_furia_m1_overpass,1781375360.0,1,1,0.018088368923216747,0.4899193548387097,-0.26381748284678674,-0.24041155569551906,-0.0033304413036177594,0.016707308867612125,0.04566176206767725,0.027317222221992288,-0.23295757995128102,-0.3982968723400166,0.07893290281696752,0.14423772578539407,0.03636297505670627,-0.08012556684728539,-0.006293961185741631
hltv_2394985_108937_betboom_vs_furia_m2_dust2,1781378741.0,1,1,0.05921052631578949,0.5,0.02022110240485331,0.03433910812372315,0.05859798961376711,0.0560379445114213,0.04392482740246495,0.016016643598840086,-0.018015130849348193,0.004799521470901236,0.01672118708491327,-0.05861104747549922,0.022712760435210255,-0.02638453222036785,0.03631378295986342
hltv_2394985_108937_betboom_vs_furia_m2_dust2,1781378741.0,1,0,0.05921052631578949,0.5,0.02022110240485331,0.03433910812372315,0.05859798961376711,0.0560379445114213,0.04392482740246495,0.016016643598840086,-0.018015130849348193,0.004799521470901236,0.01672118708491327,-0.05861104747549922,0.022712760435210255,-0.02638453222036785,0.03631378295986342
hltv_2394986_108946_spirit_vs_9z_m1_overpass,1781380847.0,1,0,-0.06629834254143652,0.5662983425414365,-0.033558151548759185,-0.04809304250081314,-0.02882681895361322,0.008251896413919213,-0.071949693340638,-0.012197533645282088,0.03915134147543631,0.1702643545049719,0.025791791250412366,0.08359903997823492,-0.026358832032320367,0.0697224367439715,-0.2138564361782935
hltv_2394986_108946_spirit_vs_9z_m1_overpass,1781380847.0,1,1,-0.06629834254143652,0.5662983425414365,-0.033558151548759185,-0.04809304250081314,-0.02882681895361322,0.008251896413919213,-0.071949693340638,-0.012197533645282088,0.03915134147543631,0.1702643545049719,0.025791791250412366,0.08359903997823492,-0.026358832032320367,0.0697224367439715,-0.2138564361782935
hltv_2394986_108946_spirit_vs_9z_m2_mirage,1781385460.0,0,1,-0.0298888281392381,0.5510752688172043,-0.009197957654544009,-0.018335837613904726,0.02008408569709752,0.0070169408481716156,0.02170946096796006,0.01467153651208658,-0.005275417412772376,0.003296937320376364,-0.009702032985109188,-0.07852552561287374,0.003398341843576125,-0.07099446414795901,-0.18217998129045782
hltv_2394986_108946_spirit_vs_9z_m2_mirage,1781385460.0,1,0,-0.0298888281392381,0.5510752688172043,-0.009197957654544009,-0.018335837613904726,0.02008408569709752,0.0070169408481716156,0.02170946096796006,0.01467153651208658,-0.005275417412772376,0.003296937320376364,-0.009702032985109188,-0.07852552561287374,0.003398341843576125,-0.07099446414795901,-0.18217998129045782
hltv_2394986_108946_spirit_vs_9z_m3_dust2,1781390380.0,1,0,-0.029413016643255352,0.5497382198952879,0.0032745640156785494,0.004738534460219823,-0.01676739021238477,-0.021559789556770292,-0.011956184161102446,-0.017378337085991513,0.013244107695153162,-0.013553160978602097,-0.024678970927085986,-0.07121174963063481,-0.02318322945816026,-0.03159009868190399,-0.18800613262082938
hltv_2394986_108946_spirit_vs_9z_m3_dust2,1781390380.0,1,1,-0.029413016643255352,0.5497382198952879,0.0032745640156785494,0.004738534460219823,-0.01676739021238477,-0.021559789556770292,-0.011956184161102446,-0.017378337085991513,0.013244107695153162,-0.013553160978602097,-0.024678970927085986,-0.07121174963063481,-0.02318322945816026,-0.03159009868190399,-0.18800613262082938
hltv_2394988_108960_the_mongolz_vs_monte_m1_nuke,1781441737.0,1,0,-0.11134367980396154,0.6325301204819277,0.05911257231533795,0.1456557841475205,0.04444867039605249,0.08822362798672989,0.0359032072391296,0.061794132242888766,0.05071253683396365,0.07799756898508775,0.03044630963033984,-0.016263428901238552,-0.000264473936554932,0.034070858718394215,-0.1751624122697917
hltv_2394988_108960_the_mongolz_vs_monte_m1_nuke,1781441737.0,0,1,-0.11134367980396154,0.6325301204819277,0.05911257231533795,0.1456557841475205,0.04444867039605249,0.08822362798672989,0.0359032072391296,0.061794132242888766,0.05071253683396365,0.07799756898508775,0.03044630963033984,-0.016263428901238552,-0.000264473936554932,0.034070858718394215,-0.1751624122697917
hltv_2394987_108961_mouz_vs_fut_m1_ancient,1781442013.0,0,1,-0.06076875194522258,0.5264550264550265,-0.006816449650544842,-0.07552707081782511,-0.014977509677125633,-0.10223194557849508,-0.034203996037880324,-0.007977067308140184,0.12862946984455892,-0.09176563538356908,0.050915304035027864,-0.17838356180787251,-0.0279814553283802,-0.12694829905809474,-0.05800353681796851
hltv_2394987_108961_mouz_vs_fut_m1_ancient,1781442013.0,1,0,-0.06076875194522258,0.5264550264550265,-0.006816449650544842,-0.07552707081782511,-0.014977509677125633,-0.10223194557849508,-0.034203996037880324,-0.007977067308140184,0.12862946984455892,-0.09176563538356908,0.050915304035027864,-0.17838356180787251,-0.0279814553283802,-0.12694829905809474,-0.05800353681796851
hltv_2394988_108960_the_mongolz_vs_monte_m2_inferno,1781445153.0,1,1,-0.10832976750820134,0.6286549707602339,0.007073665335348478,0.011621163322998007,0.025022749078245643,0.03907214080897359,0.01340553592128052,0.009563872232446924,0.01670054116845132,0.004559421084804838,0.007604422546923062,0.02647779993458016,-0.00281637342274188,-0.00022844166732305382,-0.13604014991874233
hltv_2394988_108960_the_mongolz_vs_monte_m2_inferno,1781445153.0,0,0,-0.10832976750820134,0.6286549707602339,0.007073665335348478,0.011621163322998007,0.025022749078245643,0.03907214080897359,0.01340553592128052,0.009563872232446924,0.01670054116845132,0.004559421084804838,0.007604422546923062,0.02647779993458016,-0.00281637342274188,-0.00022844166732305382,-0.13604014991874233
hltv_2394987_108961_mouz_vs_fut_m2_nuke,1781445947.0,1,0,-0.059266018842795865,0.5257731958762887,0.0034457509519961738,0.017344467238167516,0.033542333585645345,0.01831965647449213,0.014712971784175743,0.01749995532026083,-0.011486099182329235,-0.00426375775344745,0.019049383787959062,-0.0009570369229406905,0.022419452533042006,0.0158619500528398,-0.05800353681796851
hltv_2394987_108961_mouz_vs_fut_m2_nuke,1781445947.0,1,1,-0.059266018842795865,0.5257731958762887,0.0034457509519961738,0.017344467238167516,0.033542333585645345,0.01831965647449213,0.014712971784175743,0.01749995532026083,-0.011486099182329235,-0.00426375775344745,0.019049383787959062,-0.0009570369229406905,0.022419452533042006,0.0158619500528398,-0.05800353681796851
hltv_2394988_108960_the_mongolz_vs_monte_m3_dust2,1781449308.0,0,0,-0.10546875,0.625,0.0010958517709644955,-0.0038788313065127866,-0.031836154683955065,0.0179085290341936,-0.022377675648073914,-0.0004469147672014895,-0.005001483687987918,0.019618889613529256,-0.012117834570316233,0.22302165485721115,-0.01701715142451804,0.06513505350756199,-0.14683822299141971
hltv_2394988_108960_the_mongolz_vs_monte_m3_dust2,1781449308.0,0,1,-0.10546875,0.625,0.0010958517709644955,-0.0038788313065127866,-0.031836154683955065,0.0179085290341936,-0.022377675648073914,-0.0004469147672014895,-0.005001483687987918,0.019618889613529256,-0.012117834570316233,0.22302165485721115,-0.01701715142451804,0.06513505350756199,-0.14683822299141971
hltv_2394987_108961_mouz_vs_fut_m3_mirage,1781449439.0,0,1,-0.0335908514535293,0.5125628140703518,-0.00279259983453517,-0.021170050206879287,-0.04937493920705316,-0.045857804821342885,-0.024056374220281174,-0.020636700779756934,0.015308589298232866,0.0045763769432116685,0.029454625467298545,0.04608703614748133,0.011134302652316519,0.040749285593774054,-0.05800353681796851
hltv_2394987_108961_mouz_vs_fut_m3_mirage,1781449439.0,1,0,-0.0335908514535293,0.5125628140703518,-0.00279259983453517,-0.021170050206879287,-0.04937493920705316,-0.045857804821342885,-0.024056374220281174,-0.020636700779756934,0.015308589298232866,0.0045763769432116685,0.029454625467298545,0.04608703614748133,0.011134302652316519,0.040749285593774054,-0.05800353681796851
hltv_2394990_108964_aurora_vs_9z_m1_nuke,1781452240.0,1,1,-0.047896422261484106,0.5390625,-0.014972743083523365,0.07690571850212657,-0.00916179757307134,-0.008855505256437579,0.0443515132990413,0.024743434373203588,-0.0798973601276397,0.001233769862666434,0.015374507251539715,-0.026743265784325787,0.03251931388575191,-0.0095162097577422,0.08883284813713127
hltv_2394990_108964_aurora_vs_9z_m1_nuke,1781452240.0,1,0,-0.047896422261484106,0.5390625,-0.014972743083523365,0.07690571850212657,-0.00916179757307134,-0.008855505256437579,0.0443515132990413,0.024743434373203588,-0.0798973601276397,0.001233769862666434,0.015374507251539715,-0.026743265784325787,0.03251931388575191,-0.0095162097577422,0.08883284813713127
hltv_2394989_108968_betboom_vs_vitality_m1_overpass,1781453541.0,1,0,0.1688373355040022,0.5824175824175825,-0.07931174917590322,-0.07241574958764779,0.1223282579435267,0.17676745125841992,0.05520386493360052,0.0953368282363698,-0.02746014878087899,0.15319970867284116,0.0826521755738106,0.19433185205074383,-0.027772729374706373,0.008942043632210017,0.21407335197210417
hltv_2394989_108968_betboom_vs_vitality_m1_overpass,1781453541.0,0,1,0.1688373355040022,0.5824175824175825,-0.07931174917590322,-0.07241574958764779,0.1223282579435267,0.17676745125841992,0.05520386493360052,0.0953368282363698,-0.02746014878087899,0.15319970867284116,0.0826521755738106,0.19433185205074383,-0.027772729374706373,0.008942043632210017,0.21407335197210417
hltv_2394990_108964_aurora_vs_9z_m2_dust2,1781455323.0,0,0,-0.018796992481203034,0.518796992481203,-0.006030997694740581,-0.0007151580158512583,0.10771105635902678,0.1940094697130031,0.07704642223544039,0.08449064536098039,0.008442613596007842,-0.0761965547364758,0.016704496968360294,-0.04167384265209789,0.009776289888790757,0.005776140606290059,0.12248936719704172
hltv_2394990_108964_aurora_vs_9z_m2_dust2,1781455323.0,0,1,-0.018796992481203034,0.518796992481203,-0.006030997694740581,-0.0007151580158512583,0.10771105635902678,0.1940094697130031,0.07704642223544039,0.08449064536098039,0.008442613596007842,-0.0761965547364758,0.016704496968360294,-0.04167384265209789,0.009776289888790757,0.005776140606290059,0.12248936719704172
hltv_2394989_108968_betboom_vs_vitality_m2_nuke,1781457696.0,0,1,0.16233060063577048,0.5809352517985612,0.009506224802911745,-0.002388414747575618,0.055357155827963356,0.015396587635722714,0.027157279572459114,0.016236945292927407,-0.0127780070740795,-0.0798085233477153,0.007842281277765262,-0.16495694303791622,0.03440842083736989,0.021297623671650612,0.24781833234784573
hltv_2394989_108968_betboom_vs_vitality_m2_nuke,1781457696.0,1,0,0.16233060063577048,0.5809352517985612,0.009506224802911745,-0.002388414747575618,0.055357155827963356,0.015396587635722714,0.027157279572459114,0.016236945292927407,-0.0127780070740795,-0.0798085233477153,0.007842281277765262,-0.16495694303791622,0.03440842083736989,0.021297623671650612,0.24781833234784573
hltv_2394992_108969_g2_vs_legacy_m1_dust2,1781459243.0,1,1,0.19054562197835928,0.5700636942675159,0.05948843842540619,0.16291846716520475,-0.041734913493138015,-0.009229769753982042,0.008799300662122644,0.010198728605447516,0.04392093528435703,-0.015621849001301813,-0.021018681942410966,-0.08475434035360718,-0.007733462168147576,0.028510855647405187,0.0354722593817402
hltv_2394992_108969_g2_vs_legacy_m1_dust2,1781459243.0,0,0,0.19054562197835928,0.5700636942675159,0.05948843842540619,0.16291846716520475,-0.041734913493138015,-0.009229769753982042,0.008799300662122644,0.010198728605447516,0.04392093528435703,-0.015621849001301813,-0.021018681942410966,-0.08475434035360718,-0.007733462168147576,0.028510855647405187,0.0354722593817402
hltv_2394991_108975_natus_vincere_vs_falcons_m1_dust2,1781461279.0,1,0,-0.029786579560268867,0.5426621160409556,0.061367839669029256,0.11020984780267368,-0.05861768731799144,-0.07207414385479788,-0.02248458170364309,-0.011154260795603665,0.06891034539040364,0.10608702630990252,-0.015344710353361324,0.03835082569826337,-0.0030981898982465617,0.04815549127587865,-0.05242913435495362
hltv_2394991_108975_natus_vincere_vs_falcons_m1_dust2,1781461279.0,1,1,-0.029786579560268867,0.5426621160409556,0.061367839669029256,0.11020984780267368,-0.05861768731799144,-0.07207414385479788,-0.02248458170364309,-0.011154260795603665,0.06891034539040364,0.10608702630990252,-0.015344710353361324,0.03835082569826337,-0.0030981898982465617,0.04815549127587865,-0.05242913435495362
hltv_2394992_108969_g2_vs_legacy_m2_overpass,1781462403.0,1,0,0.18153759820426485,0.5679012345679012,-0.007429544965040336,-0.028297835966681895,0.052308247397522656,0.02335621129467652,0.032988236143554894,0.03435282538276291,-0.0009723471743718903,-0.08476316270493117,-0.011278166982478355,-0.15030600353069065,0.0018674805999865929,-0.05010605449859917,0.0354722593817402
hltv_2394992_108969_g2_vs_legacy_m2_overpass,1781462403.0,1,1,0.18153759820426485,0.5679012345679012,-0.007429544965040336,-0.028297835966681895,0.052308247397522656,0.02335621129467652,0.032988236143554894,0.03435282538276291,-0.0009723471743718903,-0.08476316270493117,-0.011278166982478355,-0.15030600353069065,0.0018674805999865929,-0.05010605449859917,0.0354722593817402
hltv_2394991_108975_natus_vincere_vs_falcons_m2_mirage,1781464875.0,1,1,-0.010447803282386703,0.5335570469798657,0.006115032433280154,0.028188038859794706,0.12366817792217794,0.10948153440410247,0.06275692501098412,0.04997525640261269,0.006083827987577561,0.006421131528904667,0.0032306161940308664,0.1067789345391012,0.008131755233233673,0.02516435461184169,-0.04078396441077585
hltv_2394991_108975_natus_vincere_vs_falcons_m2_mirage,1781464875.0,0,0,-0.010447803282386703,0.5335570469798657,0.006115032433280154,0.028188038859794706,0.12366817792217794,0.10948153440410247,0.06275692501098412,0.04997525640261269,0.006083827987577561,0.006421131528904667,0.0032306161940308664,0.1067789345391012,0.008131755233233673,0.02516435461184169,-0.04078396441077585
hltv_2394993_108984_9z_vs_the_mongolz_m1_inferno,1781528204.0,0,1,-0.09912723196412843,0.6353591160220995,-0.017961460540975693,0.059573281720688875,-0.0963212911946113,-0.08731265927474824,-0.04961398217722318,-0.036744292739448126,-0.021257328317163537,0.07788086130566407,-0.034976944022142076,-0.19947759586339625,-0.007082041350788937,0.018930507491050852,-0.0767487648746789
hltv_2394993_108984_9z_vs_the_mongolz_m1_inferno,1781528204.0,1,0,-0.09912723196412843,0.6353591160220995,-0.017961460540975693,0.059573281720688875,-0.0963212911946113,-0.08731265927474824,-0.04961398217722318,-0.036744292739448126,-0.021257328317163537,0.07788086130566407,-0.034976944022142076,-0.19947759586339625,-0.007082041350788937,0.018930507491050852,-0.0767487648746789
hltv_2394993_108984_9z_vs_the_mongolz_m2_overpass,1781532019.0,1,0,-0.09675539514249187,0.6317204301075269,-0.001076165415221042,0.017524481000111003,0.07226086727400222,0.14149752707017188,0.04497159658932959,0.06468210749248604,0.01013339779006639,4.266706883260252e-05,0.01002230568896545,0.04543274060389163,0.019534697220956743,0.03613578776794457,-0.05105881504523365
hltv_2394993_108984_9z_vs_the_mongolz_m2_overpass,1781532019.0,1,1,-0.09675539514249187,0.6317204301075269,-0.001076165415221042,0.017524481000111003,0.07226086727400222,0.14149752707017188,0.04497159658932959,0.06468210749248604,0.01013339779006639,4.266706883260252e-05,0.01002230568896545,0.04543274060389163,0.019534697220956743,0.03613578776794457,-0.05105881504523365
hltv_2394994_108988_betboom_vs_fut_m1_mirage,1781536373.0,1,1,-0.0891779788838612,0.5122549019607843,0.07759254999596149,-0.17419605433179824,-0.009253535591328688,-0.09957352004918646,-0.024643970514845404,-0.033031531668261616,0.10372884891938683,-0.07914697301403101,0.030825184022638674,-0.012612253329908618,-0.02588234574152032,-0.037846521061124516,-0.00860739614435876
hltv_2394994_108988_betboom_vs_fut_m1_mirage,1781536373.0,0,0,-0.0891779788838612,0.5122549019607843,0.07759254999596149,-0.17419605433179824,-0.009253535591328688,-0.09957352004918646,-0.024643970514845404,-0.033031531668261616,0.10372884891938683,-0.07914697301403101,0.030825184022638674,-0.012612253329908618,-0.02588234574152032,-0.037846521061124516,-0.00860739614435876
hltv_2394994_108988_betboom_vs_fut_m2_dust2,1781540160.0,0,0,-0.08487838915470497,0.5119617224880383,0.00031116355267057916,-0.013823688881410001,0.025929451464411113,-0.01873940271058344,0.023273829489374176,0.008087412590594312,0.010861863809054018,-0.037041402349614116,-0.0003446249335861684,-0.12694547652239002,0.03772224619913328,-0.017550277231086042,-0.00860739614435876
hltv_2394994_108988_betboom_vs_fut_m2_dust2,1781540160.0,0,1,-0.08487838915470497,0.5119617224880383,0.00031116355267057916,-0.013823688881410001,0.025929451464411113,-0.01873940271058344,0.023273829489374176,0.008087412590594312,0.010861863809054018,-0.037041402349614116,-0.0003446249335861684,-0.12694547652239002,0.03772224619913328,-0.017550277231086042,-0.00860739614435876
hltv_2394995_108991_natus_vincere_vs_g2_m1_dust2,1781546478.0,0,0,0.04783502302326048,0.5808383233532934,0.049681733805567396,-0.16710910681788244,0.11657584771986829,-0.012853015463343553,0.04140858299587835,0.05215872984502168,-0.06536782197593671,-0.26934477362782805,0.10316687668460173,-0.03617663018020856,-0.001624820131111926,-0.016335732677029258,-0.07760009708951054
hltv_2394995_108991_natus_vincere_vs_g2_m1_dust2,1781546478.0,1,1,0.04783502302326048,0.5808383233532934,0.049681733805567396,-0.16710910681788244,0.11657584771986829,-0.012853015463343553,0.04140858299587835,0.05215872984502168,-0.06536782197593671,-0.26934477362782805,0.10316687668460173,-0.03617663018020856,-0.001624820131111926,-0.016335732677029258,-0.07760009708951054
hltv_2394995_108991_natus_vincere_vs_g2_m2_inferno,1781551751.0,0,1,0.04602083962549086,0.5784883720930233,-0.005822791725391241,0.010714122820478122,-0.018073463952356372,-0.033788702257460446,-0.007281810362787244,-0.01191541702688248,-0.007131646254232904,0.05395280566148486,-0.03446879334570396,0.11955458620609688,0.001094777012864756,0.02626445429262364,-0.07547066930181516
hltv_2394995_108991_natus_vincere_vs_g2_m2_inferno,1781551751.0,0,0,0.04602083962549086,0.5784883720930233,-0.005822791725391241,0.010714122820478122,-0.018073463952356372,-0.033788702257460446,-0.007281810362787244,-0.01191541702688248,-0.007131646254232904,0.05395280566148486,-0.03446879334570396,0.11955458620609688,0.001094777012864756,0.02626445429262364,-0.07547066930181516
hltv_2394996_109018_aurora_vs_betboom_m2_anubis,1781797082.0,1,1,0.08552698273240289,0.49146757679180886,0.02281832223635616,0.09427202682663949,0.029893021850091295,0.09405940154343456,0.004200232858328712,0.003311822829518807,-0.0672304027933125,-0.06210005937913332,-0.012056925395625973,0.03026159631303227,0.006043511748793473,0.01538926575333538,0.06721353349760414
hltv_2394996_109018_aurora_vs_betboom_m2_anubis,1781797082.0,1,0,0.08552698273240289,0.49146757679180886,0.02281832223635616,0.09427202682663949,0.029893021850091295,0.09405940154343456,0.004200232858328712,0.003311822829518807,-0.0672304027933125,-0.06210005937913332,-0.012056925395625973,0.03026159631303227,0.006043511748793473,0.01538926575333538,0.06721353349760414
hltv_2394997_109024_9z_vs_furia_m3_overpass,1781813675.0,0,1,-0.040985753195055485,0.5506756756756757,0.3713141595235748,0.3019362717451233,0.04302215970227291,0.03678229198706018,-0.0458189852500161,0.008063718693410604,0.2946724139351669,0.01894486018239422,-0.021619309378627494,0.10605369952601734,-0.06121598909773096,-0.041563954162539773,0.16785239361690585
hltv_2394997_109024_9z_vs_furia_m3_overpass,1781813675.0,0,0,-0.040985753195055485,0.5506756756756757,0.3713141595235748,0.3019362717451233,0.04302215970227291,0.03678229198706018,-0.0458189852500161,0.008063718693410604,0.2946724139351669,0.01894486018239422,-0.021619309378627494,0.10605369952601734,-0.06121598909773096,-0.041563954162539773,0.16785239361690585
hltv_2394998_109032_g2_vs_spirit_m1_overpass,1781894848.1963546,0,0,0.026432606941081516,0.5621468926553672,-0.0880441482326838,-0.114470435925344,0.023414593333568712,-0.013225610364679452,0.01804099582732599,0.022586019416148573,0.059551141107115124,-0.07587265745876565,0.10096088254458507,-0.0222461355076623,-0.009869125924897915,-0.04784234287137046,-0.13037959791174566
hltv_2394998_109032_g2_vs_spirit_m1_overpass,1781894848.1963546,1,1,0.026432606941081516,0.5621468926553672,-0.0880441482326838,-0.114470435925344,0.023414593333568712,-0.013225610364679452,0.01804099582732599,0.022586019416148573,0.059551141107115124,-0.07587265745876565,0.10096088254458507,-0.0222461355076623,-0.009869125924897915,-0.04784234287137046,-0.13037959791174566
hltv_2394998_109032_g2_vs_spirit_m2_dust2,1781894860.304443,1,1,0.025613689792794325,0.5604395604395604,-0.0059150208464932574,0.02513664273765731,0.028781220236929306,0.0771798401253001,0.026529450666200938,0.035226036462638444,-0.021648691507576756,0.039779234100402294,0.0031481004213815833,0.05197525135698011,0.002362844463093039,-0.019241972141657848,-0.118000450593646
hltv_2394998_109032_g2_vs_spirit_m2_dust2,1781894860.304443,1,0,0.025613689792794325,0.5604395604395604,-0.0059150208464932574,0.02513664273765731,0.028781220236929306,0.0771798401253001,0.026529450666200938,0.035226036462638444,-0.021648691507576756,0.039779234100402294,0.0031481004213815833,0.05197525135698011,0.002362844463093039,-0.019241972141657848,-0.118000450593646
hltv_2394999_109038_falcons_vs_vitality_m2_inferno,1781910799.8054693,0,0,0.05687155549738987,0.5795053003533569,0.17044490235853726,-0.06330175946273409,0.03031378718554839,0.0423683667481658,0.012138268744853187,0.020243546363636178,0.14592697178324054,0.08115755667096591,0.022170241631212673,0.1269964265334551,-0.021118804507312294,0.022867983618860166,0.21773415444706656
hltv_2394999_109038_falcons_vs_vitality_m2_inferno,1781910799.8054693,0,1,0.05687155549738987,0.5795053003533569,0.17044490235853726,-0.06330175946273409,0.03031378718554839,0.0423683667481658,0.012138268744853187,0.020243546363636178,0.14592697178324054,0.08115755667096591,0.022170241631212673,0.1269964265334551,-0.021118804507312294,0.022867983618860166,0.21773415444706656
hltv_2394999_109038_falcons_vs_vitality_m3_dust2,1781910804.2193758,0,1,0.037186379928315416,0.5694444444444444,0.0022088247201681455,0.007892888113942786,0.06623982828970126,0.017080809803216357,0.0340647230666713,0.004977055505696493,0.006228732421834082,-0.009062823370018513,-0.008240855816337711,-0.0013459650234596277,-0.011317892036130317,0.010463014234723234,0.21738075977476284
hltv_2394999_109038_falcons_vs_vitality_m3_dust2,1781910804.2193758,1,0,0.037186379928315416,0.5694444444444444,0.0022088247201681455,0.007892888113942786,0.06623982828970126,0.017080809803216357,0.0340647230666713,0.004977055505696493,0.006228732421834082,-0.009062823370018513,-0.008240855816337711,-0.0013459650234596277,-0.011317892036130317,0.010463014234723234,0.21738075977476284
hltv_2395000_109049_aurora_vs_furia_m2_nuke,1781970037.0,0,0,0.0,0.5,-0.27741346976863535,-0.2927287939850618,0.010255438569122866,-0.022523647676343683,0.022308209927717038,0.02204489349663208,-0.3044009246338979,-0.44694654619394886,0.051843076302333146,-0.08949714755350463,0.035874121621356836,-0.07622523620034116,0.06082304467108008
hltv_2395000_109049_aurora_vs_furia_m2_nuke,1781970037.0,1,1,0.0,0.5,-0.27741346976863535,-0.2927287939850618,0.010255438569122866,-0.022523647676343683,0.022308209927717038,0.02204489349663208,-0.3044009246338979,-0.44694654619394886,0.051843076302333146,-0.08949714755350463,0.035874121621356836,-0.07622523620034116,0.06082304467108008
hltv_2395001_109056_spirit_vs_falcons_m2_mirage,1781983253.0,1,1,0.009775893165509086,0.5316205533596838,0.07715130734299791,0.12446128915756244,0.032983831575938705,0.035195573001802316,-0.023417772481370613,-0.01983375926095532,0.07614850763807723,0.2521203618530569,0.020165004379233853,0.2012666356140732,0.014179109535168488,0.1649130837820298,-0.09519676871757485
hltv_2395001_109056_spirit_vs_falcons_m2_mirage,1781983253.0,1,0,0.009775893165509086,0.5316205533596838,0.07715130734299791,0.12446128915756244,0.032983831575938705,0.035195573001802316,-0.023417772481370613,-0.01983375926095532,0.07614850763807723,0.2521203618530569,0.020165004379233853,0.2012666356140732,0.014179109535168488,0.1649130837820298,-0.09519676871757485
hltv_2395001_109056_spirit_vs_falcons_m3_dust2,1781988035.0,0,0,0.031219001432822635,0.5406976744186046,0.0015687272871334756,0.009814214761429851,-0.009569338471467903,-0.024303166064430393,-0.0034258450338232604,-0.0169047402632983,-0.016501951167814666,-0.0005622021293127943,-0.000998704192730071,-0.02268526734363646,-0.019659558407040312,-0.04889706857457943,-0.100328619417165
hltv_2395001_109056_spirit_vs_falcons_m3_dust2,1781988035.0,1,1,0.031219001432822635,0.5406976744186046,0.0015687272871334756,0.009814214761429851,-0.009569338471467903,-0.024303166064430393,-0.0034258450338232604,-0.0169047402632983,-0.016501951167814666,-0.0005622021293127943,-0.000998704192730071,-0.02268526734363646,-0.019659558407040312,-0.04889706857457943,-0.100328619417165
hltv_2395002_109068_furia_vs_falcons_m3_inferno,1782065350.0,1,0,-0.03992395437262353,0.5399239543726235,-0.04804587254312853,-0.12367758182493543,0.021126877994321946,0.0052107528433123496,0.06681036583689925,0.017296980439654774,-0.07774501623127417,-0.25564802197910885,0.007537729959431028,0.05649440347192669,0.045519881325568334,0.032527819474455655,0.09172235807381045
hltv_2395002_109068_furia_vs_falcons_m3_inferno,1782065350.0,0,1,-0.03992395437262353,0.5399239543726235,-0.04804587254312853,-0.12367758182493543,0.021126877994321946,0.0052107528433123496,0.06681036583689925,0.017296980439654774,-0.07774501623127417,-0.25564802197910885,0.007537729959431028,0.05649440347192669,0.045519881325568334,0.032527819474455655,0.09172235807381045
hltv_2396018_109851_liquid_vs_spirit_m2_anubis,1785422629.8815446,0,1,-0.2420178799489145,0.5092592592592593,-0.11281845574137234,-0.03477416928846999,-0.06860967422244868,-0.09210055221929309,-0.006345702202060766,-0.03625095231993425,-0.1257608728902947,-0.1776652304023335,0.013813948007156684,-0.050171710759842836,0.015083522119838932,-0.025768996220772056,-0.2560891985666307
hltv_2396018_109851_liquid_vs_spirit_m2_anubis,1785422629.8815446,0,0,-0.2420178799489145,0.5092592592592593,-0.11281845574137234,-0.03477416928846999,-0.06860967422244868,-0.09210055221929309,-0.006345702202060766,-0.03625095231993425,-0.1257608728902947,-0.1776652304023335,0.013813948007156684,-0.050171710759842836,0.015083522119838932,-0.025768996220772056,-0.2560891985666307
hltv_2396018_109851_liquid_vs_spirit_m1_dust2,1785422634.9006433,1,1,-0.27433024491848024,0.5203619909502263,0.0010700310021350967,-0.0689541087283605,-0.14339961803253537,-0.1748188901298387,-0.08288435096495972,-0.06157092305001027,-0.006238576338920776,0.024815182585212425,-0.011744581308070712,-0.027102933052324307,-0.00031577030043578036,-0.012320767217255224,-0.2997933084011319
hltv_2396018_109851_liquid_vs_spirit_m1_dust2,1785422634.9006433,0,0,-0.27433024491848024,0.5203619909502263,0.0010700310021350967,-0.0689541087283605,-0.14339961803253537,-0.1748188901298387,-0.08288435096495972,-0.06157092305001027,-0.006238576338920776,0.024815182585212425,-0.011744581308070712,-0.027102933052324307,-0.00031577030043578036,-0.012320767217255224,-0.2997933084011319
hltv_2396017_109861_3dmax_vs_mouz_m1_dust2,1785429198.043504,1,0,-0.029877283502998175,0.4876237623762376,0.2654523503101323,0.11927967270442108,-0.040917546193289134,-0.03967927619955214,-0.11498941494642839,-0.034150484113944,0.23977993825238803,-0.08319893834504666,0.02609799241006694,0.07583734553947485,-0.022516566454358955,0.0423469436158006,-0.31155190550506334
hltv_2396017_109861_3dmax_vs_mouz_m1_dust2,1785429198.043504,1,1,-0.029877283502998175,0.4876237623762376,0.2654523503101323,0.11927967270442108,-0.040917546193289134,-0.03967927619955214,-0.11498941494642839,-0.034150484113944,0.23977993825238803,-0.08319893834504666,0.02609799241006694,0.07583734553947485,-0.022516566454358955,0.0423469436158006,-0.31155190550506334
hltv_2396017_109861_3dmax_vs_mouz_m2_nuke,1785435280.2599058,1,1,0.0175756420035596,0.4934210526315789,0.0050851580689603715,0.00026902625243796496,-0.029357228462164875,-0.01152665963189875,-0.016443675148091474,-0.010977925829379842,0.0011582483227053908,0.003810275889737591,0.011892950922871626,-0.022165191776090998,0.010244331881403945,-0.01874779397253945,-0.31155190550506334
hltv_2396017_109861_3dmax_vs_mouz_m2_nuke,1785435280.2599058,0,0,0.0175756420035596,0.4934210526315789,0.0050851580689603715,0.00026902625243796496,-0.029357228462164875,-0.01152665963189875,-0.016443675148091474,-0.010977925829379842,0.0011582483227053908,0.003810275889737591,0.011892950922871626,-0.022165191776090998,0.010244331881403945,-0.01874779397253945,-0.31155190550506334
hltv_2396016_109884_faze_vs_the_mongolz_m1_nuke,1785510629.013151,0,0,-0.024860395189003515,0.6134020618556701,0.2533752299971427,0.30189992468646987,-0.08400387511480145,-0.06476977044604615,-0.07735292094747193,-0.020146507201079245,0.14392810722643512,0.5008408537400779,-0.06500297576617015,0.21960331151323134,-0.0065441673640576625,0.07955179334635432,-0.1298119260955053
hltv_2396016_109884_faze_vs_the_mongolz_m1_nuke,1785510629.013151,1,1,-0.024860395189003515,0.6134020618556701,0.2533752299971427,0.30189992468646987,-0.08400387511480145,-0.06476977044604615,-0.07735292094747193,-0.020146507201079245,0.14392810722643512,0.5008408537400779,-0.06500297576617015,0.21960331151323134,-0.0065441673640576625,0.07955179334635432,-0.1298119260955053
hltv_2396015_109896_pain_vs_astralis_m2_inferno,1785525506.8214593,0,1,0.06064776585007797,0.5317460317460317,0.3161862525981024,0.25172423549079903,0.017738772626226307,0.05338471519900345,-0.058401598426182255,-0.03770874309781902,0.2933312550221324,0.3029251598493665,-0.06278671808907388,0.08983482013256683,-0.030412133080499115,0.019645032099806836,-0.15315589813350797
hltv_2396015_109896_pain_vs_astralis_m2_inferno,1785525506.8214593,0,0,0.06064776585007797,0.5317460317460317,0.3161862525981024,0.25172423549079903,0.017738772626226307,0.05338471519900345,-0.058401598426182255,-0.03770874309781902,0.2933312550221324,0.3029251598493665,-0.06278671808907388,0.08983482013256683,-0.030412133080499115,0.019645032099806836,-0.15315589813350797
hltv_2396020_109915_faze_vs_spirit_m1_dust2,1785590698.034012,1,1,0.06424691141680539,0.5841584158415841,-0.2006126491833115,-0.203412826951285,-0.11430499028392432,-0.11856249236089211,0.011574000179899957,0.00156903757961796,-0.11263561418762913,0.025287310235986904,0.02196272298141766,0.024425348835997507,0.0022739431372395535,0.017547268380248393,-0.24028260431188134
hltv_2396020_109915_faze_vs_spirit_m1_dust2,1785590698.034012,0,0,0.06424691141680539,0.5841584158415841,-0.2006126491833115,-0.203412826951285,-0.11430499028392432,-0.11856249236089211,0.011574000179899957,0.00156903757961796,-0.11263561418762913,0.025287310235986904,0.02196272298141766,0.024425348835997507,0.0022739431372395535,0.017547268380248393,-0.24028260431188134
hltv_2396020_109915_faze_vs_spirit_m2_cache,1785590701.477583,0,0,0.060708159764763625,0.5801886792452831,-0.006594978277894681,-0.016429674032056474,-0.14506630439027685,-0.14012913805539357,-0.07435650275750355,-0.06100087284551531,0.006117695532622425,-0.01143728838434091,-0.000595234272185996,-0.23413530815330683,-0.00427459871694208,-0.05035256940075522,-0.26940436587285094
hltv_2396020_109915_faze_vs_spirit_m2_cache,1785590701.477583,1,1,0.060708159764763625,0.5801886792452831,-0.006594978277894681,-0.016429674032056474,-0.14506630439027685,-0.14012913805539357,-0.07435650275750355,-0.06100087284551531,0.006117695532622425,-0.01143728838434091,-0.000595234272185996,-0.23413530815330683,-0.00427459871694208,-0.05035256940075522,-0.26940436587285094
hltv_2396019_109924_astralis_vs_mouz_m2_mirage,1785601012.0294986,0,1,0.009539961840152655,0.4859550561797753,0.1495333628765102,0.08867163115026144,0.08298270028034482,0.0702994127576903,-0.0431617808015477,0.003725324392843621,0.034597744656460705,-0.21571643059530723,0.05698731751169095,0.012792357305286883,-0.019531725967181945,-0.03774793563624307,-0.025642417321040528
hltv_2396019_109924_astralis_vs_mouz_m2_mirage,1785601012.0294986,1,0,0.009539961840152655,0.4859550561797753,0.1495333628765102,0.08867163115026144,0.08298270028034482,0.0702994127576903,-0.0431617808015477,0.003725324392843621,0.034597744656460705,-0.21571643059530723,0.05698731751169095,0.012792357305286883,-0.019531725967181945,-0.03774793563624307,-0.025642417321040528
hltv_2396019_109924_astralis_vs_mouz_m1_ancient,1785601013.8698611,1,0,0.009380272468585527,0.48633879781420764,0.003746804346803745,0.011648805163440024,-0.05757132916309987,-0.03531441011851649,-0.036841767400063286,-0.03687963578849068,-0.017044317258728847,-0.0030658234780031046,-0.001049862980333216,-0.002798456540048233,-0.013927567203839586,0.0021120675073730277,-0.04150648626018455
hltv_2396019_109924_astralis_vs_mouz_m1_ancient,1785601013.8698611,1,1,0.009380272468585527,0.48633879781420764,0.003746804346803745,0.011648805163440024,-0.05757132916309987,-0.03531441011851649,-0.036841767400063286,-0.03687963578849068,-0.017044317258728847,-0.0030658234780031046,-0.001049862980333216,-0.002798456540048233,-0.013927567203839586,0.0021120675073730277,-0.04150648626018455
hltv_2396021_109950_spirit_vs_mouz_m1_dust2,1785681878.0166228,1,1,-0.05285158039395321,0.5190677966101694,0.23520611162963806,0.08559468655482583,0.03178009227977485,0.047189180479358106,-0.0350413048698609,-0.0712453037292301,0.14398663295791414,0.14237692447935107,0.0028402474827591284,0.1778820612775765,-0.006822656670703753,-0.0892774362945945,-0.14168541838245005
hltv_2396021_109950_spirit_vs_mouz_m1_dust2,1785681878.0166228,1,0,-0.05285158039395321,0.5190677966101694,0.23520611162963806,0.08559468655482583,0.03178009227977485,0.047189180479358106,-0.0350413048698609,-0.0712453037292301,0.14398663295791414,0.14237692447935107,0.0028402474827591284,0.1778820612775765,-0.006822656670703753,-0.0892774362945945,-0.14168541838245005
hltv_2396021_109950_spirit_vs_mouz_m2_mirage,1785681880.9464283,0,0,-0.03032518690478364,0.508298755186722,0.0017501951024482265,-0.0005953990990408276,0.11852993457341093,0.12750564298463762,0.06255455149263117,0.061209966405582905,-0.011014465764949133,0.015228515439247303,-0.04852702264199066,0.19245146845404665,-0.0034686747073081614,0.06281096218372217,-0.11206791132700215
hltv_2396021_109950_spirit_vs_mouz_m2_mirage,1785681880.9464283,1,1,-0.03032518690478364,0.508298755186722,0.0017501951024482265,-0.0005953990990408276,0.11852993457341093,0.12750564298463762,0.06255455149263117,0.061209966405582905,-0.011014465764949133,0.015228515439247303,-0.04852702264199066,0.19245146845404665,-0.0034686747073081614,0.06281096218372217,-0.11206791132700215
hltv_2396021_109950_spirit_vs_mouz_m3_ancient,1785681888.0112762,0,1,-0.029681805438744102,0.508130081300813,0.004332896786476859,0.037224669529728305,0.14167430923860655,0.10783252311280267,0.08143189011933294,0.05790095984479393,-0.00909565552359537,0.03067839443683623,0.0009496753946656722,0.03095400415891225,-0.015759672191013818,-0.012038878404668496,-0.07956817144885564
hltv_2396021_109950_spirit_vs_mouz_m3_ancient,1785681888.0112762,1,0,-0.029681805438744102,0.508130081300813,0.004332896786476859,0.037224669529728305,0.14167430923860655,0.10783252311280267,0.08143189011933294,0.05790095984479393,-0.00909565552359537,0.03067839443683623,0.0009496753946656722,0.03095400415891225,-0.015759672191013818,-0.012038878404668496,-0.07956817144885564
hltv_2396021_109950_spirit_vs_mouz_m4_nuke,1785681890.46879,1,0,-0.029065173903541963,0.5079681274900398,-0.003973687878336296,-0.025004182274518616,-0.007093984317982138,-0.043140864605197615,-0.0012611728884506235,-0.01164756287317159,0.014142930499864925,-0.002305715417105114,0.016389807362398423,0.04321032848481143,0.02679796863246603,0.023566290318019822,-0.0831271853000406
hltv_2396021_109950_spirit_vs_mouz_m4_nuke,1785681890.46879,0,1,-0.029065173903541963,0.5079681274900398,-0.003973687878336296,-0.025004182274518616,-0.007093984317982138,-0.043140864605197615,-0.0012611728884506235,-0.01164756287317159,0.014142930499864925,-0.002305715417105114,0.016389807362398423,0.04321032848481143,0.02679796863246603,0.023566290318019822,-0.0831271853000406
hltv_2396577_110241_luminosity_vs_spirit_m2_dust2,1786626593.0,1,1,-0.0078125,0.5078125,0.06516817532407027,-0.008660601742989993,0.05279478371517793,0.05013277996277854,-0.012186734543652267,-0.004776308734778079,0.08293974351847822,-0.22010510326616956,-0.02869559873657851,-0.08599163559495038,-0.02022167990112167,-0.036419470837493584,-0.23131062197727836
hltv_2396577_110241_luminosity_vs_spirit_m2_dust2,1786626593.0,0,0,-0.0078125,0.5078125,0.06516817532407027,-0.008660601742989993,0.05279478371517793,0.05013277996277854,-0.012186734543652267,-0.004776308734778079,0.08293974351847822,-0.22010510326616956,-0.02869559873657851,-0.08599163559495038,-0.02022167990112167,-0.036419470837493584,-0.23131062197727836
hltv_2396575_110240_gamerlegion_vs_jijiehao_m1_dust2,1786627438.514942,1,1,,,,,,,,,,,,,,,
hltv_2396575_110240_gamerlegion_vs_jijiehao_m1_dust2,1786627438.514942,1,0,,,,,,,,,,,,,,,
hltv_2396575_110240_gamerlegion_vs_jijiehao_m2_ancient,1786627457.3281486,1,0,0.3313679245283019,0.5188679245283019,-0.004369931112806369,0.0035455005359147918,0.07761938350979425,0.1278841192571335,0.05395958266477663,0.06927886024281443,0.0012423956054981034,0.014840940920041956,0.0010379017328182583,0.0012118673173948658,0.017564720373731857,-0.003163297983381941,
hltv_2396575_110240_gamerlegion_vs_jijiehao_m2_ancient,1786627457.3281486,0,1,0.3313679245283019,0.5188679245283019,-0.004369931112806369,0.0035455005359147918,0.07761938350979425,0.1278841192571335,0.05395958266477663,0.06927886024281443,0.0012423956054981034,0.014840940920041956,0.0010379017328182583,0.0012118673173948658,0.017564720373731857,-0.003163297983381941,
hltv_2396576_110245_big_vs_g2_m1_cache,1786629524.0,1,0,-0.27722953216374274,0.5798611111111112,-0.03288497281363911,-0.059537020488013015,-0.0006056581258711558,-0.016096039059727396,-0.01954055570656521,-0.007137451132339878,0.07408696070950271,0.10240513743020885,0.0340413602148355,-0.23559353322004728,0.006342660962707469,0.022954325515654683,0.026199421789303214
hltv_2396576_110245_big_vs_g2_m1_cache,1786629524.0,0,1,-0.27722953216374274,0.5798611111111112,-0.03288497281363911,-0.059537020488013015,-0.0006056581258711558,-0.016096039059727396,-0.01954055570656521,-0.007137451132339878,0.07408696070950271,0.10240513743020885,0.0340413602148355,-0.23559353322004728,0.006342660962707469,0.022954325515654683,0.026199421789303214
hltv_2396578_110242_aurora_vs_m80_m1_dust2,1786632471.0,0,0,0.012552301255230103,0.5125523012552301,-0.2150572214366891,-0.19177287798405313,-0.11895250273198288,-0.13527036008849713,-0.0051241809990394405,-0.019332617279338882,-0.09420194906931778,-0.09480160407939625,-0.04550462770121727,-0.03014339327247756,-0.00681148428020073,-0.051492850682543,0.07213796171999677
hltv_2396578_110242_aurora_vs_m80_m1_dust2,1786632471.0,1,1,0.012552301255230103,0.5125523012552301,-0.2150572214366891,-0.19177287798405313,-0.11895250273198288,-0.13527036008849713,-0.0051241809990394405,-0.019332617279338882,-0.09420194906931778,-0.09480160407939625,-0.04550462770121727,-0.03014339327247756,-0.00681148428020073,-0.051492850682543,0.07213796171999677
hltv_2396576_110245_big_vs_g2_m2_ancient,1786633932.0,1,1,-0.2515998127048541,0.5771812080536913,-0.0023637046177896193,-0.01519256993371243,-0.16038147821933124,-0.15907110428597945,-0.09618168411024086,-0.0808863116885799,0.0060484403678079945,0.04785403246682568,0.015218966414020596,-0.005112957562409093,0.021492833886614715,0.016111294062666648,0.026199421789303214
hltv_2396576_110245_big_vs_g2_m2_ancient,1786633932.0,1,0,-0.2515998127048541,0.5771812080536913,-0.0023637046177896193,-0.01519256993371243,-0.16038147821933124,-0.15907110428597945,-0.09618168411024086,-0.0808863116885799,0.0060484403678079945,0.04785403246682568,0.015218966414020596,-0.005112957562409093,0.021492833886614715,0.016111294062666648,0.026199421789303214
hltv_2396580_110247_legacy_vs_faze_m2_mirage,1786646049.0,0,1,0.2290156009668205,0.5765765765765766,0.0018806755689317334,0.0808640533914835,-0.026811037147329908,0.05540513579167905,0.014373608597238463,0.022599164160936602,0.017281814246857596,0.0817744617289971,-0.07737624762419365,0.01659685986581788,-0.02895363590789235,-0.0017476621136038317,-0.05653062007275868
hltv_2396580_110247_legacy_vs_faze_m2_mirage,1786646049.0,0,0,0.2290156009668205,0.5765765765765766,0.0018806755689317334,0.0808640533914835,-0.026811037147329908,0.05540513579167905,0.014373608597238463,0.022599164160936602,0.017281814246857596,0.0817744617289971,-0.07737624762419365,0.01659685986581788,-0.02895363590789235,-0.0017476621136038317,-0.05653062007275868
hltv_2396582_110259_ninjas_in_pyjamas_m1_nuke,1786707093.0,0,0,0.3598901098901099,0.75,-0.15124416853666794,0.0050207874519404005,0.022228334486913193,0.0773246301776398,0.044388345699653275,0.007565443131391569,-0.2007233277906887,0.05732485529405351,-0.0030222830107567433,0.044238582540413574,0.013337818585071659,0.03454847746355477,0.14989995473598272
hltv_2396582_110259_ninjas_in_pyjamas_m1_nuke,1786707093.0,1,1,0.3598901098901099,0.75,-0.15124416853666794,0.0050207874519404005,0.022228334486913193,0.0773246301776398,0.044388345699653275,0.007565443131391569,-0.2007233277906887,0.05732485529405351,-0.0030222830107567433,0.044238582540413574,0.013337818585071659,0.03454847746355477,0.14989995473598272
hltv_2396582_110259_ninjas_in_pyjamas_m2_anubis,1786711329.0,0,0,0.28063725490196084,0.6764705882352942,0.010035092487130415,0.044205063968039304,0.1717668437771771,0.17480925234360617,0.10046045377608698,0.07722090078904353,-0.004624353891763966,-0.024666193429645933,0.010767615376374717,-0.0324432117051639,0.002497345094497394,-0.02585288151255194,0.14989995473598272
hltv_2396582_110259_ninjas_in_pyjamas_m2_anubis,1786711329.0,0,1,0.28063725490196084,0.6764705882352942,0.010035092487130415,0.044205063968039304,0.1717668437771771,0.17480925234360617,0.10046045377608698,0.07722090078904353,-0.004624353891763966,-0.024666193429645933,0.010767615376374717,-0.0324432117051639,0.002497345094497394,-0.02585288151255194,0.14989995473598272
hltv_2396584_110273_fut_vs_mouz_m1_ancient,1786716582.0,0,1,-0.036286157024793375,0.515625,-0.027625923108578476,0.053836979599211965,0.04805780539431265,0.0738397492842019,0.07533922105471436,0.05589689256390895,-0.11524220677202301,0.03559113979915318,-0.008635654160956907,-0.04739220784862214,0.04819246549511663,-0.059573052961613304,0.04953675393518175
hltv_2396584_110273_fut_vs_mouz_m1_ancient,1786716582.0,0,0,-0.036286157024793375,0.515625,-0.027625923108578476,0.053836979599211965,0.04805780539431265,0.0738397492842019,0.07533922105471436,0.05589689256390895,-0.11524220677202301,0.03559113979915318,-0.008635654160956907,-0.04739220784862214,0.04819246549511663,-0.059573052961613304,0.04953675393518175
hltv_2396583_110274_b8_vs_vitality_m1_mirage,1786717640.0,1,1,0.10520519847341081,0.568259385665529,0.0965703884491631,0.02934031241806334,0.007658107056076613,-0.00854115473107353,-0.026342301573667515,0.029386687168611203,0.1995325808452857,0.0860313107259536,-0.01962668222507502,0.06660316135642619,-0.02287083140563323,0.05111699971723671,0.2697538990787476
hltv_2396583_110274_b8_vs_vitality_m1_mirage,1786717640.0,0,0,0.10520519847341081,0.568259385665529,0.0965703884491631,0.02934031241806334,0.007658107056076613,-0.00854115473107353,-0.026342301573667515,0.029386687168611203,0.1995325808452857,0.0860313107259536,-0.01962668222507502,0.06660316135642619,-0.02287083140563323,0.05111699971723671,0.2697538990787476
hltv_2396584_110273_fut_vs_mouz_m2_nuke,1786721176.0,0,0,-0.05828315419552399,0.5279187817258884,-0.0019043218532728279,-0.03236283358271441,-0.036135073210536495,-0.08800717939366909,-0.013131027625561176,-0.027114316208493194,-0.00499963989685015,0.0002454509300043872,0.023912865963024554,-0.015352873529008326,0.007408599639912694,0.009904024709937342,0.04953675393518175
hltv_2396584_110273_fut_vs_mouz_m2_nuke,1786721176.0,1,1,-0.05828315419552399,0.5279187817258884,-0.0019043218532728279,-0.03236283358271441,-0.036135073210536495,-0.08800717939366909,-0.013131027625561176,-0.027114316208493194,-0.00499963989685015,0.0002454509300043872,0.023912865963024554,-0.015352873529008326,0.007408599639912694,0.009904024709937342,0.04953675393518175
hltv_2396581_110279_k27_vs_mibr_m1_cache,1786730466.0,1,1,0.21999999999999997,0.72,0.02195128808096225,0.04462166487252939,0.015469330121692215,0.07452423125927576,0.00570762677915071,0.014751956294847601,0.019179413845260007,-0.04081873807048164,0.01988819259121366,0.35166819630649504,-0.009977621925639613,0.03487250973427852,
hltv_2396581_110279_k27_vs_mibr_m1_cache,1786730466.0,0,0,0.21999999999999997,0.72,0.02195128808096225,0.04462166487252939,0.015469330121692215,0.07452423125927576,0.00570762677915071,0.014751956294847601,0.019179413845260007,-0.04081873807048164,0.01988819259121366,0.35166819630649504,-0.009977621925639613,0.03487250973427852,
hltv_2396585_110277_parivision_vs_100_thieves_m2_dust2,1786733821.0,1,1,0.13414634146341464,0.5,-0.06426112733880363,-0.02990606810359131,-0.07405302356053539,0.009201946957238583,-0.017440831008294966,-0.03897045405472377,-0.030098636424587655,0.033827927607327835,-0.0740662531349181,-0.014090181949178493,-0.05554190469068093,0.05944073571961511,-0.2248171918722394
hltv_2396585_110277_parivision_vs_100_thieves_m2_dust2,1786733821.0,0,0,0.13414634146341464,0.5,-0.06426112733880363,-0.02990606810359131,-0.07405302356053539,0.009201946957238583,-0.017440831008294966,-0.03897045405472377,-0.030098636424587655,0.033827927607327835,-0.0740662531349181,-0.014090181949178493,-0.05554190469068093,0.05944073571961511,-0.2248171918722394
hltv_2396587_110300_the_mongolz_vs_natus_vincere_m1_inferno,1786794244.0,0,1,-0.07030011823601923,0.610236220472441,0.14814628563192594,0.07649438412932935,0.06044092970706211,0.044442684954944134,-0.048307276645516095,-0.01581574389008239,0.1936774460149291,-0.0013443606861047175,0.07216178056288503,0.13249435148543331,-0.039262705612612525,-0.01626147012187318,0.09580522520551055
hltv_2396587_110300_the_mongolz_vs_natus_vincere_m1_inferno,1786794244.0,1,0,-0.07030011823601923,0.610236220472441,0.14814628563192594,0.07649438412932935,0.06044092970706211,0.044442684954944134,-0.048307276645516095,-0.01581574389008239,0.1936774460149291,-0.0013443606861047175,0.07216178056288503,0.13249435148543331,-0.039262705612612525,-0.01626147012187318,0.09580522520551055
hltv_2396590_110301_wildcard_vs_pain_m1_inferno,1786795215.0,0,0,,,,,,,,,,,,,,,
hltv_2396590_110301_wildcard_vs_pain_m1_inferno,1786795215.0,1,1,,,,,,,,,,,,,,,
hltv_2396587_110300_the_mongolz_vs_natus_vincere_m2_ancient,1786797733.0,0,0,-0.0667524299599771,0.6060606060606061,-0.005342848217798513,0.015423251745832478,0.10339858087014359,0.15835527375280334,0.054662315339562895,0.06352118225997905,-0.0030860250138711187,0.022549786768254587,-0.004966732930790085,0.05503324066858939,-0.006056321618279348,0.020694726674058028,0.11518562804290702
hltv_2396587_110300_the_mongolz_vs_natus_vincere_m2_ancient,1786797733.0,1,1,-0.0667524299599771,0.6060606060606061,-0.005342848217798513,0.015423251745832478,0.10339858087014359,0.15835527375280334,0.054662315339562895,0.06352118225997905,-0.0030860250138711187,0.022549786768254587,-0.004966732930790085,0.05503324066858939,-0.006056321618279348,0.020694726674058028,0.11518562804290702
hltv_2396588_110311_furia_vs_9z_m2_mirage,1786811369.0,1,0,-0.065359477124183,0.565359477124183,0.2118470727921533,0.22910616974532286,0.010926861660522758,-0.03260406144609601,-0.07475773459096019,-0.05508628029361179,0.3242473481891426,0.36122137288001976,0.007591481380548437,-0.14682319552619993,-0.08361383366731212,-0.11986632026125377,0.18387448109232452
hltv_2396588_110311_furia_vs_9z_m2_mirage,1786811369.0,0,1,-0.065359477124183,0.565359477124183,0.2118470727921533,0.22910616974532286,0.010926861660522758,-0.03260406144609601,-0.07475773459096019,-0.05508628029361179,0.3242473481891426,0.36122137288001976,0.007591481380548437,-0.14682319552619993,-0.08361383366731212,-0.11986632026125377,0.18387448109232452
hltv_2396591_110320_spirit_vs_big_m1_cache,1786820463.0,1,0,-0.11182950191570878,0.5076628352490421,-0.09174282886604279,-0.059443612792742795,-0.07610387044101785,-0.08801423519125956,-0.02119443096123974,-0.04833802346248611,-0.12905067746299914,0.1985036355068116,0.023562107680035416,0.08118843870533962,0.024279751370024194,0.02688956015708044,-0.089565253163331
hltv_2396591_110320_spirit_vs_big_m1_cache,1786820463.0,0,1,-0.11182950191570878,0.5076628352490421,-0.09174282886604279,-0.059443612792742795,-0.07610387044101785,-0.08801423519125956,-0.02119443096123974,-0.04833802346248611,-0.12905067746299914,0.1985036355068116,0.023562107680035416,0.08118843870533962,0.024279751370024194,0.02688956015708044,-0.089565253163331
hltv_2396596_110327_lynn_vision_vs_vitality_m1_dust2,1786880136.0,1,1,0.20600298284862045,0.5671140939597316,-0.2451520415827425,0.03911603473216785,-0.10000711533688467,-0.02516230670563674,0.06045688207732136,0.01882378648192029,-0.22030095157071294,0.13270472119358423,-0.12146715033237865,0.007910349412222462,0.05709060228531582,-0.016305960161005106,
hltv_2396596_110327_lynn_vision_vs_vitality_m1_dust2,1786880136.0,0,0,0.20600298284862045,0.5671140939597316,-0.2451520415827425,0.03911603473216785,-0.10000711533688467,-0.02516230670563674,0.06045688207732136,0.01882378648192029,-0.22030095157071294,0.13270472119358423,-0.12146715033237865,0.007910349412222462,0.05709060228531582,-0.016305960161005106,
hltv_2396596_110327_lynn_vision_vs_vitality_m2_inferno,1786883449.0,1,0,0.17470225283397905,0.566006600660066,0.002153171904287876,0.016322575060671363,0.07855592753973095,0.22572871899721886,0.052517148570225325,0.09573021470401616,0.007317410409450442,0.002482294162148402,0.003226967900991473,-0.1561358551511974,-0.006581146816412753,-0.04402187363786836,1.164606567245839
hltv_2396596_110327_lynn_vision_vs_vitality_m2_inferno,1786883449.0,1,1,0.17470225283397905,0.566006600660066,0.002153171904287876,0.016322575060671363,0.07855592753973095,0.22572871899721886,0.052517148570225325,0.09573021470401616,0.007317410409450442,0.002482294162148402,0.003226967900991473,-0.1561358551511974,-0.006581146816412753,-0.04402187363786836,1.164606567245839
hltv_2396598_110329_the_mongolz_vs_pain_m2_inferno,1786884186.0,0,1,-0.08218978102189778,0.6021897810218978,0.07723472260607145,-0.04118265167311652,0.07543046064494002,0.0014963868775016986,-0.018855021787523296,0.01979633631133032,0.19849742902334422,0.022345758118512582,0.11276118971287857,-0.0036797461553946254,-0.03983632920741781,0.03348235482122491,-0.03820186436417847
hltv_2396598_110329_the_mongolz_vs_pain_m2_inferno,1786884186.0,0,0,-0.08218978102189778,0.6021897810218978,0.07723472260607145,-0.04118265167311652,0.07543046064494002,0.0014963868775016986,-0.018855021787523296,0.01979633631133032,0.19849742902334422,0.022345758118512582,0.11276118971287857,-0.0036797461553946254,-0.03983632920741781,0.03348235482122491,-0.03820186436417847
hltv_2396595_110336_mouz_vs_parivision_m1_dust2,1786888713.0,0,0,-0.09914434523809523,0.47023809523809523,0.11626226351228686,0.18180234909897108,0.08016978123664681,0.08079124279505173,-0.017406657724705732,0.04201604118616864,0.05912120458211689,-0.0652919400078868,-0.005688473851464315,0.18654914248453444,-0.0015851984409586128,0.06190100166723839,-0.03814922674292695
hltv_2396595_110336_mouz_vs_parivision_m1_dust2,1786888713.0,1,1,-0.09914434523809523,0.47023809523809523,0.11626226351228686,0.18180234909897108,0.08016978123664681,0.08079124279505173,-0.017406657724705732,0.04201604118616864,0.05912120458211689,-0.0652919400078868,-0.005688473851464315,0.18654914248453444,-0.0015851984409586128,0.06190100166723839,-0.03814922674292695
hltv_2396597_110342_magic_vs_9z_m1_ancient,1786891561.0,0,1,0.10297367892304604,0.5632911392405063,-0.11511405745167824,0.11552083320444329,-0.07766547426148196,-0.019774708333675506,0.07688249344973536,0.0034080724533706586,-0.31642956140994827,-0.06362239144424986,-0.09629192128544412,-0.15646750808496254,0.0839149922304076,-0.04327585730822853,0.2758261811045705
hltv_2396597_110342_magic_vs_9z_m1_ancient,1786891561.0,0,0,0.10297367892304604,0.5632911392405063,-0.11511405745167824,0.11552083320444329,-0.07766547426148196,-0.019774708333675506,0.07688249344973536,0.0034080724533706586,-0.31642956140994827,-0.06362239144424986,-0.09629192128544412,-0.15646750808496254,0.0839149922304076,-0.04327585730822853,0.2758261811045705
hltv_2396595_110336_mouz_vs_parivision_m2_inferno,1786893317.0,0,1,-0.09487727099850796,0.4708171206225681,-0.0012629805522063053,0.01227807929586483,-0.0787726168873894,-0.12498077169514188,-0.05822631798118866,-0.0777077945519088,0.0016052829026189652,-0.012751214036316627,-0.0334021664860083,-0.316012932975045,-0.027012681776181657,-0.075317315987813,-0.03814922674292695
hltv_2396595_110336_mouz_vs_parivision_m2_inferno,1786893317.0,1,0,-0.09487727099850796,0.4708171206225681,-0.0012629805522063053,0.01227807929586483,-0.0787726168873894,-0.12498077169514188,-0.05822631798118866,-0.0777077945519088,0.0016052829026189652,-0.012751214036316627,-0.0334021664860083,-0.316012932975045,-0.027012681776181657,-0.075317315987813,-0.03814922674292695
hltv_2396593_110347_legacy_vs_mibr_m2_inferno,1786909389.0,0,0,-0.29827586206896556,0.6833333333333333,0.14043878799305481,0.22136935712338218,0.024507508190805105,0.0062636839364274,-0.010100092597253418,-0.03330864430025687,0.0797586807296839,0.09626405072055011,0.028183150937448803,-0.13582263754791832,-0.003576978212561588,0.04877650174587206,-0.030713936943166993
hltv_2396593_110347_legacy_vs_mibr_m2_inferno,1786909389.0,0,1,-0.29827586206896556,0.6833333333333333,0.14043878799305481,0.22136935712338218,0.024507508190805105,0.0062636839364274,-0.010100092597253418,-0.03330864430025687,0.0797586807296839,0.09626405072055011,0.028183150937448803,-0.13582263754791832,-0.003576978212561588,0.04877650174587206,-0.030713936943166993
hltv_2396601_110410_fut_vs_magic_m1_ancient,1787151953.0,0,1,0.027227722772277252,0.5272277227722773,-0.09816792034957827,-0.16226449058620968,-0.048339015454770984,-0.05239637615325626,0.02211613314938654,0.014882408786977663,0.05078185472578289,0.04433589627965567,-0.0040585474362448415,0.06675436916972233,-0.003167138125688307,-0.006288775774111965,0.3177666387950238
hltv_2396601_110410_fut_vs_magic_m1_ancient,1787151953.0,1,0,0.027227722772277252,0.5272277227722773,-0.09816792034957827,-0.16226449058620968,-0.048339015454770984,-0.05239637615325626,0.02211613314938654,0.014882408786977663,0.05078185472578289,0.04433589627965567,-0.0040585474362448415,0.06675436916972233,-0.003167138125688307,-0.006288775774111965,0.3177666387950238
hltv_2396603_110424_natus_vincere_vs_legacy_m1_inferno,1787226852.0,0,1,0.17456925561986808,0.5386996904024768,-0.1194954172188829,-0.0026397049411207574,-0.10623723619522352,-0.049377290130009466,0.01313419567307228,-0.040626029248047646,-0.1701897045920332,-0.04246571962075307,-0.08679225207296809,-0.06407690769850088,0.05960624575807699,-0.022949923545004025,0.12419825924950657
hltv_2396603_110424_natus_vincere_vs_legacy_m1_inferno,1787226852.0,1,0,0.17456925561986808,0.5386996904024768,-0.1194954172188829,-0.0026397049411207574,-0.10623723619522352,-0.049377290130009466,0.01313419567307228,-0.040626029248047646,-0.1701897045920332,-0.04246571962075307,-0.08679225207296809,-0.06407690769850088,0.05960624575807699,-0.022949923545004025,0.12419825924950657
hltv_2396604_110422_falcons_vs_the_mongolz_m2_dust2,1787229476.0,0,0,-0.07701807862097954,0.6161971830985915,-0.07970041245831472,0.03483268278431373,-0.048182015270440026,-0.006123865467705436,-0.0024036789292214422,0.006997127611242326,0.02540290599802486,0.05739777607801311,0.005677032720793507,-0.16828103349020673,-0.022421141676252088,-0.01841689906481514,0.06183584423978252
hltv_2396604_110422_falcons_vs_the_mongolz_m2_dust2,1787229476.0,0,1,-0.07701807862097954,0.6161971830985915,-0.07970041245831472,0.03483268278431373,-0.048182015270440026,-0.006123865467705436,-0.0024036789292214422,0.006997127611242326,0.02540290599802486,0.05739777607801311,0.005677032720793507,-0.16828103349020673,-0.022421141676252088,-0.01841689906481514,0.06183584423978252
hltv_2396603_110424_natus_vincere_vs_legacy_m2_ancient,1787229890.0,0,0,0.16697573547900424,0.538109756097561,0.0008379051232895174,0.00788538556920082,-0.0023385960995268573,-0.013861548168548676,-0.0066822173036037436,-0.0008512221268040521,-0.00474681457672621,0.020308949710040936,0.012614733181889659,-0.019668998994072984,-0.007816460593410735,-0.01942947003129286,0.08430060933321751
hltv_2396603_110424_natus_vincere_vs_legacy_m2_ancient,1787229890.0,0,1,0.16697573547900424,0.538109756097561,0.0008379051232895174,0.00788538556920082,-0.0023385960995268573,-0.013861548168548676,-0.0066822173036037436,-0.0008512221268040521,-0.00474681457672621,0.020308949710040936,0.012614733181889659,-0.019668998994072984,-0.007816460593410735,-0.01942947003129286,0.08430060933321751
hltv_2396606_110429_b8_vs_spirit_m1_dust2,1787235910.0,1,0,0.04357648930017355,0.5075187969924813,0.11126181282001435,0.04500200724768344,-0.030590461592529428,-0.046742511354792515,-0.005937471777039238,-0.017316020534981658,-0.06750179118392313,-0.04078678985628864,-0.03441898954918593,0.08827327163575294,-0.04044519035838329,-0.01788172157912299,0.13628558691221163
hltv_2396606_110429_b8_vs_spirit_m1_dust2,1787235910.0,0,1,0.04357648930017355,0.5075187969924813,0.11126181282001435,0.04500200724768344,-0.030590461592529428,-0.046742511354792515,-0.005937471777039238,-0.017316020534981658,-0.06750179118392313,-0.04078678985628864,-0.03441898954918593,0.08827327163575294,-0.04044519035838329,-0.01788172157912299,0.13628558691221163
hltv_2396605_110428_faze_vs_vitality_m1_dust2,1787236185.0,1,0,0.02132781012091356,0.573051948051948,0.21135986872256896,-0.020821017319230528,0.1650698310791699,0.12635629535871973,-0.02572820867802611,0.003151566859224686,0.30265368115901947,-0.1599496008238777,0.07902473672065469,0.016948409728204328,-0.07231477918380341,-0.122694182944174,0.35548828781061875
hltv_2396605_110428_faze_vs_vitality_m1_dust2,1787236185.0,0,1,0.02132781012091356,0.573051948051948,0.21135986872256896,-0.020821017319230528,0.1650698310791699,0.12635629535871973,-0.02572820867802611,0.003151566859224686,0.30265368115901947,-0.1599496008238777,0.07902473672065469,0.016948409728204328,-0.07231477918380341,-0.122694182944174,0.35548828781061875
hltv_2396605_110428_faze_vs_vitality_m2_cache,1787239568.0,1,1,0.022298207166055017,0.5718849840255591,-0.006268699852246762,0.014520007781643529,0.009455868998808181,0.06416158993373289,0.010418778359639225,0.022184990705660657,-0.003542871249362145,-0.00517639898182537,0.021269173503465577,-0.0339147286687036,0.005317098521292474,-0.0012837635136181968,0.340403940075822
hltv_2396605_110428_faze_vs_vitality_m2_cache,1787239568.0,1,0,0.022298207166055017,0.5718849840255591,-0.006268699852246762,0.014520007781643529,0.009455868998808181,0.06416158993373289,0.010418778359639225,0.022184990705660657,-0.003542871249362145,-0.00517639898182537,0.021269173503465577,-0.0339147286687036,0.005317098521292474,-0.0012837635136181968,0.340403940075822
hltv_2396606_110429_b8_vs_spirit_m2_mirage,1787239678.0,0,1,0.04259134140637183,0.507380073800738,0.005099975848019245,0.02876190662188416,0.05146448617614341,0.07375303371887815,0.01852522172282689,0.022814333150739774,-0.007678796714921221,0.03209315390936124,-0.009133646757095715,0.03636436760089318,-0.0005903540243362704,0.015374199299462932,0.13667037839081034
hltv_2396606_110429_b8_vs_spirit_m2_mirage,1787239678.0,0,0,0.04259134140637183,0.507380073800738,0.005099975848019245,0.02876190662188416,0.05146448617614341,0.07375303371887815,0.01852522172282689,0.022814333150739774,-0.007678796714921221,0.03209315390936124,-0.009133646757095715,0.03636436760089318,-0.0005903540243362704,0.015374199299462932,0.13667037839081034
hltv_2396607_110436_g2_vs_furia_m2_anubis,1787248478.0,0,1,-0.058441558441558406,0.5584415584415584,-0.08019772200904335,0.019657800063231146,-0.057784607685585354,-0.06465760662520104,0.037220938077043186,-0.0008836152008684373,-0.11127837299044196,-0.058531426485400384,-0.10045533457669703,0.05021898473286085,0.0099616433627146,0.029632304455098735,0.1200503889122288
hltv_2396607_110436_g2_vs_furia_m2_anubis,1787248478.0,0,0,-0.058441558441558406,0.5584415584415584,-0.08019772200904335,0.019657800063231146,-0.057784607685585354,-0.06465760662520104,0.037220938077043186,-0.0008836152008684373,-0.11127837299044196,-0.058531426485400384,-0.10045533457669703,0.05021898473286085,0.0099616433627146,0.029632304455098735,0.1200503889122288
hltv_2396608_110449_fut_vs_mouz_m1_dust2,1787314119.0,1,0,-0.05519600250765205,0.5265700483091788,0.06917840199953385,-0.017593552255213418,0.06672315903188347,0.02098008596588191,0.004993227754158391,0.0319459645939727,0.10308747173876665,-0.07644309748286271,0.07269966539322281,-0.0043904917851575465,-0.01461389416094977,-0.08311301090161177,0.04953675393518175
hltv_2396608_110449_fut_vs_mouz_m1_dust2,1787314119.0,0,1,-0.05519600250765205,0.5265700483091788,0.06917840199953385,-0.017593552255213418,0.06672315903188347,0.02098008596588191,0.004993227754158391,0.0319459645939727,0.10308747173876665,-0.07644309748286271,0.07269966539322281,-0.0043904917851575465,-0.01461389416094977,-0.08311301090161177,0.04953675393518175
hltv_2396608_110449_fut_vs_mouz_m2_ancient,1787317213.0,0,1,-0.05403328386686451,0.5259433962264151,0.0003526303686399723,-0.00962535723455149,-0.01753776343182467,-0.04439828014343994,-0.005402882118564933,-0.016371003123838712,-0.00025286123866130605,-0.017335826652218556,-0.02066529294868724,-0.05744572955664434,0.007354025763719185,-0.014890274431067274,0.04953675393518175
hltv_2396608_110449_fut_vs_mouz_m2_ancient,1787317213.0,1,0,-0.05403328386686451,0.5259433962264151,0.0003526303686399723,-0.00962535723455149,-0.01753776343182467,-0.04439828014343994,-0.005402882118564933,-0.016371003123838712,-0.00025286123866130605,-0.017335826652218556,-0.02066529294868724,-0.05744572955664434,0.007354025763719185,-0.014890274431067274,0.04953675393518175
hltv_2396609_110456_legacy_vs_falcons_m1_mirage,1787322810.0,0,1,0.1273432449903038,0.5293040293040293,0.05199142688912706,0.03898321722996273,-0.002006258940307093,-0.03605897266976338,-0.062343017480636476,-0.0576168581718961,0.08063848814173147,0.3336465975273354,0.035119456246157255,0.23908370885750949,0.002918505109439695,0.1414396778063709,-0.011239114492639275
hltv_2396609_110456_legacy_vs_falcons_m1_mirage,1787322810.0,0,0,0.1273432449903038,0.5293040293040293,0.05199142688912706,0.03898321722996273,-0.002006258940307093,-0.03605897266976338,-0.062343017480636476,-0.0576168581718961,0.08063848814173147,0.3336465975273354,0.035119456246157255,0.23908370885750949,0.002918505109439695,0.1414396778063709,-0.011239114492639275
hltv_2396609_110456_legacy_vs_falcons_m2_dust2,1787326969.0,0,0,0.08987763060579573,0.5197841726618705,0.0006056823664578048,-0.0055321340944187725,-0.01959280621827647,-0.04813278464457871,-0.01103871076241314,-0.023550634207548438,0.006958394792690281,-0.18659334655939697,-0.00905942907051921,-0.264206987526743,0.01266437594458597,-0.04176989472249437,-0.042156230114085154
hltv_2396609_110456_legacy_vs_falcons_m2_dust2,1787326969.0,0,1,0.08987763060579573,0.5197841726618705,0.0006056823664578048,-0.0055321340944187725,-0.01959280621827647,-0.04813278464457871,-0.01103871076241314,-0.023550634207548438,0.006958394792690281,-0.18659334655939697,-0.00905942907051921,-0.264206987526743,0.01266437594458597,-0.04176989472249437,-0.042156230114085154
hltv_2396610_110462_vitality_vs_spirit_m1_anubis,1787333650.0,0,0,0.0804279464041564,0.5786163522012578,0.00033652395100397525,-0.03312565051783878,0.04150920265934399,-0.018973648332100468,0.018839237369448092,-0.004698636001736645,-0.02865210343244068,-0.24960115319554788,-0.04080141393546072,-0.005057849680621396,-0.003180431986570864,0.003777440187790304,0.1414565525320664
hltv_2396610_110462_vitality_vs_spirit_m1_anubis,1787333650.0,0,1,0.0804279464041564,0.5786163522012578,0.00033652395100397525,-0.03312565051783878,0.04150920265934399,-0.018973648332100468,0.018839237369448092,-0.004698636001736645,-0.02865210343244068,-0.24960115319554788,-0.04080141393546072,-0.005057849680621396,-0.003180431986570864,0.003777440187790304,0.1414565525320664
hltv_2396613_110491_furia_vs_legacy_m2_nuke,1787483399.4438183,1,0,0.035808934881373045,0.4911660777385159,0.020517695610702824,0.03457211311916569,-0.08014666715777907,-0.09053902542379211,-0.02077249463068409,-0.05590999739675595,-0.008862974409326485,-0.2152333539049202,0.006626785061944085,-0.18213201645881527,0.018424352178757097,-0.05513224930289745,0.03146664824972131
hltv_2396613_110491_furia_vs_legacy_m2_nuke,1787483399.4438183,0,1,0.035808934881373045,0.4911660777385159,0.020517695610702824,0.03457211311916569,-0.08014666715777907,-0.09053902542379211,-0.02077249463068409,-0.05590999739675595,-0.008862974409326485,-0.2152333539049202,0.006626785061944085,-0.18213201645881527,0.018424352178757097,-0.05513224930289745,0.03146664824972131
hltv_2396614_110499_fut_vs_spirit_m2_anubis,1787497232.708665,0,1,-0.018228184397395708,0.5253456221198156,0.001685946622302259,0.023002260688009035,-0.04957428245635337,-0.02048001044310649,0.0006116386855133382,-0.010210775302506858,0.10229126892587015,0.286194241821625,0.014869152791849694,0.06703529947644177,0.007032336993040789,0.07286226283325042,0.12395586250542644
hltv_2396614_110499_fut_vs_spirit_m2_anubis,1787497232.708665,1,0,-0.018228184397395708,0.5253456221198156,0.001685946622302259,0.023002260688009035,-0.04957428245635337,-0.02048001044310649,0.0006116386855133382,-0.010210775302506858,0.10229126892587015,0.286194241821625,0.014869152791849694,0.06703529947644177,0.007032336993040789,0.07286226283325042,0.12395586250542644
hltv_2396614_110499_fut_vs_spirit_m3_ancient,1787504275.047972,0,1,-0.017781767781767766,0.5247747747747747,-0.000309656164008576,-0.01752638426745806,0.008348993543412508,-0.009851226027138005,0.0036768530888218187,0.0024930593714828087,-0.008135068322100425,-0.269376317694408,-0.060182719412146146,-0.32919930273643383,-0.03788295740943132,-0.05125806163362484,0.13432535791023545
hltv_2396614_110499_fut_vs_spirit_m3_ancient,1787504275.047972,1,0,-0.017781767781767766,0.5247747747747747,-0.000309656164008576,-0.01752638426745806,0.008348993543412508,-0.009851226027138005,0.0036768530888218187,0.0024930593714828087,-0.008135068322100425,-0.269376317694408,-0.060182719412146146,-0.32919930273643383,-0.03788295740943132,-0.05125806163362484,0.13432535791023545
hltv_2396923_110581_aurora_vs_g2_m2_anubis,1787743105.8793056,0,0,0.05413848446635339,0.5664335664335665,0.01752609331151378,0.12605888301136658,0.01027025215893268,0.06086496104997563,0.055367812293754315,0.025879370111206446,-0.01942051182443827,0.257744415906781,-0.0003824402110799152,0.16216617326311605,0.012577497820724481,0.007940821848543111,-0.06301801129119873
hltv_2396923_110581_aurora_vs_g2_m2_anubis,1787743105.8793056,0,1,0.05413848446635339,0.5664335664335665,0.01752609331151378,0.12605888301136658,0.01027025215893268,0.06086496104997563,0.055367812293754315,0.025879370111206446,-0.01942051182443827,0.257744415906781,-0.0003824402110799152,0.16216617326311605,0.012577497820724481,0.007940821848543111,-0.06301801129119873
hltv_2396924_110585_spirit_vs_dendele_m1_ancient,1787751154.1845975,1,0,-0.27090492554410084,0.7777777777777778,0.02839884697520889,-0.03556030677133526,0.00030865080152558955,0.015369049192876016,-0.012330018728473557,-0.018453237386303556,0.04054326529134289,0.2054439701607933,0.08096709362784116,0.18235966781672605,-0.0012636456634885773,0.11897962712178295,
hltv_2396924_110585_spirit_vs_dendele_m1_ancient,1787751154.1845975,1,1,-0.27090492554410084,0.7777777777777778,0.02839884697520889,-0.03556030677133526,0.00030865080152558955,0.015369049192876016,-0.012330018728473557,-0.018453237386303556,0.04054326529134289,0.2054439701607933,0.08096709362784116,0.18235966781672605,-0.0012636456634885773,0.11897962712178295,
hltv_2396924_110585_spirit_vs_dendele_m2_cache,1787752122.4054277,1,0,-0.09349294947121034,0.6086956521739131,0.0031529665201831536,0.014800970970486604,0.00023150144692068997,0.014617821234577055,-0.008610344940771508,0.005683688796704278,0.013868513041072505,0.03513254407573979,-0.008349862387256435,0.21907607590289355,-0.012862349565697762,0.06653646214783154,
hltv_2396924_110585_spirit_vs_dendele_m2_cache,1787752122.4054277,1,1,-0.09349294947121034,0.6086956521739131,0.0031529665201831536,0.014800970970486604,0.00023150144692068997,0.014617821234577055,-0.008610344940771508,0.005683688796704278,0.013868513041072505,0.03513254407573979,-0.008349862387256435,0.21907607590289355,-0.012862349565697762,0.06653646214783154,
hltv_2396925_110600_natus_vincere_vs_m80_m1_anubis,1787764503.9989128,0,0,0.03003003003003002,0.53003003003003,-0.09203771499170343,0.0028729814948205146,-0.10878170076788363,-0.10414504835066582,-0.00804131984373091,-0.034366519810296925,-0.057917397967562234,0.09239286277697906,0.04200308719345652,-0.16477064990145407,0.017036440316934576,-0.17098647970900016,0.05538888233509289
hltv_2396925_110600_natus_vincere_vs_m80_m1_anubis,1787764503.9989128,1,1,0.03003003003003002,0.53003003003003,-0.09203771499170343,0.0028729814948205146,-0.10878170076788363,-0.10414504835066582,-0.00804131984373091,-0.034366519810296925,-0.057917397967562234,0.09239286277697906,0.04200308719345652,-0.16477064990145407,0.017036440316934576,-0.17098647970900016,0.05538888233509289
hltv_2396925_110600_natus_vincere_vs_m80_m2_mirage,1787764508.1896257,0,0,0.029585798816568087,0.5295857988165681,0.0023531516015581344,0.011776964495470388,0.10684704575692222,0.07569774362405851,0.06175808373281727,0.0490973871713411,-0.0009627052481635534,-0.0016157740650299957,-0.056656329772828085,-0.0701187244024436,-0.03548196161404643,-0.02993018665444319,0.05538888233509289
hltv_2396925_110600_natus_vincere_vs_m80_m2_mirage,1787764508.1896257,0,1,0.029585798816568087,0.5295857988165681,0.0023531516015581344,0.011776964495470388,0.10684704575692222,0.07569774362405851,0.06175808373281727,0.0490973871713411,-0.0009627052481635534,-0.0016157740650299957,-0.056656329772828085,-0.0701187244024436,-0.03548196161404643,-0.02993018665444319,0.05538888233509289
hltv_2396926_110604_furia_vs_pain_m1_mirage,1787772423.1643293,1,1,0.024214181286549674,0.4913194444444444,-0.0361688572816784,0.028399378409704412,-0.04110957747365901,-0.05911724034142629,0.05737441384579728,-0.014877643558671882,-0.12356993342802325,0.09657909316632962,-0.05853141028587949,-0.014373547134798603,0.04099892254619614,-0.07902718504445722,0.24213972884152304
hltv_2396926_110604_furia_vs_pain_m1_mirage,1787772423.1643293,1,0,0.024214181286549674,0.4913194444444444,-0.0361688572816784,0.028399378409704412,-0.04110957747365901,-0.05911724034142629,0.05737441384579728,-0.014877643558671882,-0.12356993342802325,0.09657909316632962,-0.05853141028587949,-0.014373547134798603,0.04099892254619614,-0.07902718504445722,0.24213972884152304
hltv_2396926_110604_furia_vs_pain_m2_cache,1787772982.074159,1,0,0.06172839506172839,0.5,-0.0030790233218530583,0.026915612841583447,0.2099556145267955,0.2885722859123345,0.12946189769732713,0.1433680556211812,0.016257259339997387,0.02215372767687851,-0.02051460902121935,0.17406738977091848,0.011403150630719783,0.06363952226082253,0.24213972884152304
hltv_2396926_110604_furia_vs_pain_m2_cache,1787772982.074159,1,1,0.06172839506172839,0.5,-0.0030790233218530583,0.026915612841583447,0.2099556145267955,0.2885722859123345,0.12946189769732713,0.1433680556211812,0.016257259339997387,0.02215372767687851,-0.02051460902121935,0.17406738977091848,0.011403150630719783,0.06363952226082253,0.24213972884152304
hltv_2396927_110627_vitality_vs_inner_circle_m1_anubis,1787828330.0305276,0,1,,,,,,,,,,,,,,,
hltv_2396927_110627_vitality_vs_inner_circle_m1_anubis,1787828330.0305276,0,0,,,,,,,,,,,,,,,
hltv_2396927_110627_vitality_vs_inner_circle_m2_cache,1787828996.0067494,1,0,-0.25535714285714284,0.8125,-0.007612238478654776,-0.014935100672022472,-0.07978249607813914,-0.08447211526963178,-0.046881145473344765,-0.045842075130922144,0.005746667028537988,0.0031597109213371555,-0.017797054190720862,-0.06560893201664325,-0.009254601209291391,-0.03540254080277755,
hltv_2396927_110627_vitality_vs_inner_circle_m2_cache,1787828996.0067494,1,1,-0.25535714285714284,0.8125,-0.007612238478654776,-0.014935100672022472,-0.07978249607813914,-0.08447211526963178,-0.046881145473344765,-0.045842075130922144,0.005746667028537988,0.0031597109213371555,-0.017797054190720862,-0.06560893201664325,-0.009254601209291391,-0.03540254080277755,
hltv_2396928_110630_mouz_vs_9z_m1_cache,1787838982.8138494,0,1,-0.07358579935041498,0.5460122699386503,0.06930546170545926,0.08707963259693408,0.004466061446094682,-0.020982386767580408,-0.00039703043449706987,0.014939114318824442,-0.038547136748965816,-0.09447956566026605,0.0245584496776039,-0.016993806992551486,0.0308543488923112,-0.09973425911085038,0.09147721162563502
hltv_2396928_110630_mouz_vs_9z_m1_cache,1787838982.8138494,0,0,-0.07358579935041498,0.5460122699386503,0.06930546170545926,0.08707963259693408,0.004466061446094682,-0.020982386767580408,-0.00039703043449706987,0.014939114318824442,-0.038547136748965816,-0.09447956566026605,0.0245584496776039,-0.016993806992551486,0.0308543488923112,-0.09973425911085038,0.09147721162563502
hltv_2396929_110642_legacy_vs_fut_m1_ancient,1787847495.1935763,1,1,-0.06770733575943305,0.5242290748898678,-0.0011205357006398575,0.02597104887702245,-0.01534912123043719,0.05099489510764055,0.023613248682643584,0.021889767206767052,-0.04592695131906088,0.017440920858368347,-0.07186210975010093,0.14780392973926748,0.014638782668692174,-0.09857415531853742,0.1295627169201319
hltv_2396929_110642_legacy_vs_fut_m1_ancient,1787847495.1935763,0,0,-0.06770733575943305,0.5242290748898678,-0.0011205357006398575,0.02597104887702245,-0.01534912123043719,0.05099489510764055,0.023613248682643584,0.021889767206767052,-0.04592695131906088,0.017440920858368347,-0.07186210975010093,0.14780392973926748,0.014638782668692174,-0.09857415531853742,0.1295627169201319
hltv_2396929_110642_legacy_vs_fut_m2_dust2,1787848576.648805,1,0,-0.06494400995378596,0.5237068965517241,0.0017226242705721262,-0.038636914966241664,0.02468596291095504,-0.016937244545203622,0.012086042732851299,0.005001983287605483,0.0193346122900645,0.02855735000464643,0.010072062956908434,0.06400922844917051,-0.00929829486542283,0.011075552335181094,0.1295627169201319
hltv_2396929_110642_legacy_vs_fut_m2_dust2,1787848576.648805,1,1,-0.06494400995378596,0.5237068965517241,0.0017226242705721262,-0.038636914966241664,0.02468596291095504,-0.016937244545203622,0.012086042732851299,0.005001983287605483,0.0193346122900645,0.02855735000464643,0.010072062956908434,0.06400922844917051,-0.00929829486542283,0.011075552335181094,0.1295627169201319
hltv_2396930_110648_falcons_vs_lynn_vision_m1_inferno,1787855282.566313,1,1,0.18917213528520943,0.5106007067137809,-0.016518226230639588,0.09801603147317317,-0.023726287237759047,0.04681180675542923,0.044063503148229266,0.06749273514110915,-0.10584509304321665,0.27643273319550593,-0.09781593240154718,0.028382278518358645,0.033265150363538776,0.03799603391351486,0.6195665636472568
hltv_2396930_110648_falcons_vs_lynn_vision_m1_inferno,1787855282.566313,1,0,0.18917213528520943,0.5106007067137809,-0.016518226230639588,0.09801603147317317,-0.023726287237759047,0.04681180675542923,0.044063503148229266,0.06749273514110915,-0.10584509304321665,0.27643273319550593,-0.09781593240154718,0.028382278518358645,0.033265150363538776,0.03799603391351486,0.6195665636472568
hltv_2396930_110648_falcons_vs_lynn_vision_m2_ancient,1787859279.3678331,1,0,0.2463699494949495,0.5190972222222222,-0.0016784752317574592,-0.009831697015340202,0.1116783488710924,0.20067058004566476,0.07496982031653804,0.09261331106263715,0.0046069521671052716,0.031064696626110444,0.01095983152673835,0.2028536847438067,0.004287377747054066,0.07880390006528576,0.6195665636472568
hltv_2396930_110648_falcons_vs_lynn_vision_m2_ancient,1787859279.3678331,1,1,0.2463699494949495,0.5190972222222222,-0.0016784752317574592,-0.009831697015340202,0.1116783488710924,0.20067058004566476,0.07496982031653804,0.09261331106263715,0.0046069521671052716,0.031064696626110444,0.01095983152673835,0.2028536847438067,0.004287377747054066,0.07880390006528576,0.6195665636472568
hltv_2396931_110666_aurora_vs_dendele_m2_mirage,1787915409.5318165,0,0,0.02208835341365467,0.5220883534136547,0.11544056884321674,0.009750815886043929,0.08155842144354808,0.011182815971396809,0.009475964236643208,-0.007979709209317898,0.15135174217496705,0.14342742378305545,0.05075195071965477,0.031604365156156056,0.008990425352714992,-0.01315948799107386,
hltv_2396931_110666_aurora_vs_dendele_m2_mirage,1787915409.5318165,0,1,0.02208835341365467,0.5220883534136547,0.11544056884321674,0.009750815886043929,0.08155842144354808,0.011182815971396809,0.009475964236643208,-0.007979709209317898,0.15135174217496705,0.14342742378305545,0.05075195071965477,0.031604365156156056,0.008990425352714992,-0.01315948799107386,
hltv_2396932_110675_g2_vs_spirit_m1_dust2,1787925378.780091,1,1,0.024041483343808845,0.5472972972972973,0.11607273031069104,0.016546411318503262,-0.010750907705952994,-0.02351152848268706,-0.04238551905045446,-0.040119470657000555,0.1615885101538475,0.14297708352295274,-0.003900696473712162,-0.03469792531454852,-0.014022602035729748,-0.04781056588362648,-0.08741286380590141
hltv_2396932_110675_g2_vs_spirit_m1_dust2,1787925378.780091,0,0,0.024041483343808845,0.5472972972972973,0.11607273031069104,0.016546411318503262,-0.010750907705952994,-0.02351152848268706,-0.04238551905045446,-0.040119470657000555,0.1615885101538475,0.14297708352295274,-0.003900696473712162,-0.03469792531454852,-0.014022602035729748,-0.04781056588362648,-0.08741286380590141
hltv_2396932_110675_g2_vs_spirit_m2_cache,1787925385.6183238,1,1,0.02287581699346397,0.545751633986928,-0.000959834624211009,-0.0026774059370501258,0.03936495744720325,0.02483023343209667,0.024386228399069565,0.0250187532521578,0.005830177061678987,-0.01378917119620554,0.02007941041418948,-0.1586391825916173,0.02095955648947978,-0.025628065077279272,-0.08741286380590141
hltv_2396932_110675_g2_vs_spirit_m2_cache,1787925385.6183238,0,0,0.02287581699346397,0.545751633986928,-0.000959834624211009,-0.0026774059370501258,0.03936495744720325,0.02483023343209667,0.024386228399069565,0.0250187532521578,0.005830177061678987,-0.01378917119620554,0.02007941041418948,-0.1586391825916173,0.02095955648947978,-0.025628065077279272,-0.08741286380590141
hltv_2396933_110682_natus_vincere_vs_pain_m1_nuke,1787931553.471241,1,0,-0.10907519153840933,0.521865889212828,-0.0003575588320349765,-0.027248490249418333,0.02916352082899676,0.0860486088081178,0.03286145207917651,0.04423779451251675,0.0589536806488532,0.051689447170882086,-0.012566554059133372,-0.01637794099167303,-0.004226163633607449,0.061824794800942495,-0.2039980383017312
hltv_2396933_110682_natus_vincere_vs_pain_m1_nuke,1787931553.471241,1,1,-0.10907519153840933,0.521865889212828,-0.0003575588320349765,-0.027248490249418333,0.02916352082899676,0.0860486088081178,0.03286145207917651,0.04423779451251675,0.0589536806488532,0.051689447170882086,-0.012566554059133372,-0.01637794099167303,-0.004226163633607449,0.061824794800942495,-0.2039980383017312
hltv_2396933_110682_natus_vincere_vs_pain_m2_mirage,1787934855.2367826,1,1,-0.069312871037009,0.514367816091954,0.003972252101788198,0.06348720109760364,-0.08652592796802944,-0.045986637189911805,-0.0463545160616638,-0.040122460052698705,0.002763635176484369,-0.014025480280581037,-0.03216240367047679,-0.1088330520307148,0.007163434793444834,-0.012794058882522386,-0.2039980383017312
hltv_2396933_110682_natus_vincere_vs_pain_m2_mirage,1787934855.2367826,0,0,-0.069312871037009,0.514367816091954,0.003972252101788198,0.06348720109760364,-0.08652592796802944,-0.045986637189911805,-0.0463545160616638,-0.040122460052698705,0.002763635176484369,-0.014025480280581037,-0.03216240367047679,-0.1088330520307148,0.007163434793444834,-0.012794058882522386,-0.2039980383017312
hltv_2396934_110690_m80_vs_furia_m2_dust2,1787944624.4668846,0,0,-0.031293277937573194,0.5396825396825397,-0.0024640554279699023,-0.038648268317220236,-0.06292386860124971,-0.10713717805175793,-0.024781990535267306,-0.039396391025503186,0.0351584808792223,0.04945943594247709,-0.03175956731735241,0.09707628467708379,-0.012951846115992205,0.07063537625023641,0.09353057287488474
hltv_2396934_110690_m80_vs_furia_m2_dust2,1787944624.4668846,1,1,-0.031293277937573194,0.5396825396825397,-0.0024640554279699023,-0.038648268317220236,-0.06292386860124971,-0.10713717805175793,-0.024781990535267306,-0.039396391025503186,0.0351584808792223,0.04945943594247709,-0.03175956731735241,0.09707628467708379,-0.012951846115992205,0.07063537625023641,0.09353057287488474
hltv_2396934_110690_m80_vs_furia_m1_cache,1787944626.7094939,0,1,-0.028513880799844626,0.5367647058823529,-0.003380497492161627,0.07356767379150891,0.145501052656136,0.20205821651074718,0.07884006101052188,0.07668565415410367,-0.003425392230936297,-0.028596620789418603,0.012027495509025599,0.15707188177413467,0.005482403909653599,0.0463529743104788,0.09353057287488474
hltv_2396934_110690_m80_vs_furia_m1_cache,1787944626.7094939,0,0,-0.028513880799844626,0.5367647058823529,-0.003380497492161627,0.07356767379150891,0.145501052656136,0.20205821651074718,0.07884006101052188,0.07668565415410367,-0.003425392230936297,-0.028596620789418603,0.012027495509025599,0.15707188177413467,0.005482403909653599,0.0463529743104788,0.09353057287488474
hltv_2396935_110710_vitality_vs_9z_m1_dust2,1787999730.464401,1,1,0.005388471177944831,0.5649122807017544,0.10379292916938959,0.08140129364157156,0.04749587668656047,0.02865211270640894,0.04120426453911624,0.016764360564567815,-0.008781560780682096,-0.18326887466110908,-0.005429374435150541,-0.30669802671856106,0.0016594071073449679,0.030049565382689103,0.3101015298431077
hltv_2396935_110710_vitality_vs_9z_m1_dust2,1787999730.464401,1,0,0.005388471177944831,0.5649122807017544,0.10379292916938959,0.08140129364157156,0.04749587668656047,0.02865211270640894,0.04120426453911624,0.016764360564567815,-0.008781560780682096,-0.18326887466110908,-0.005429374435150541,-0.30669802671856106,0.0016594071073449679,0.030049565382689103,0.3101015298431077
hltv_2396935_110710_vitality_vs_9z_m2_nuke,1787999734.655552,1,0,0.029061191947378995,0.5724137931034483,-0.008819380401331456,-0.0499894003370388,0.12655735966594822,0.13738022716409615,0.07914231876147482,0.07959348567645796,-0.006015192924274326,-0.05847155010487082,-0.007598317290345824,-0.1353273887175287,0.0012981921434402355,-0.059240174236337206,0.3101015298431077
hltv_2396935_110710_vitality_vs_9z_m2_nuke,1787999734.655552,1,1,0.029061191947378995,0.5724137931034483,-0.008819380401331456,-0.0499894003370388,0.12655735966594822,0.13738022716409615,0.07914231876147482,0.07959348567645796,-0.006015192924274326,-0.05847155010487082,-0.007598317290345824,-0.1353273887175287,0.0012981921434402355,-0.059240174236337206,0.3101015298431077
hltv_2396936_110717_inner_circle_vs_mouz_m1_ancient,1788009352.865894,0,1,-0.03610108303249099,0.5,-0.10945795705370004,-0.12442924885489598,0.06529764782469627,0.0426389009497003,0.032285869469868,0.03261920534456242,0.01424132852069232,-0.009593628881868765,-0.010030375778900757,-0.17130413169608386,0.0027013409740868077,-0.18699437414962905,
hltv_2396936_110717_inner_circle_vs_mouz_m1_ancient,1788009352.865894,1,0,-0.03610108303249099,0.5,-0.10945795705370004,-0.12442924885489598,0.06529764782469627,0.0426389009497003,0.032285869469868,0.03261920534456242,0.01424132852069232,-0.009593628881868765,-0.010030375778900757,-0.17130413169608386,0.0027013409740868077,-0.18699437414962905,
hltv_2396937_110727_fut_vs_lynn_vision_m2_anubis,1788017115.0428796,0,1,-0.27581612258494337,0.5126582278481012,-0.1963840310947454,-0.13032279860446905,-0.020899504080596987,0.02967124098905477,0.044060843136758454,0.017805063421648726,-0.1492539372722138,-0.09616756344190414,-0.013279349142458374,-0.061544204257766216,0.03080739869465582,-0.07478474256327583,-0.5743602811112664
hltv_2396937_110727_fut_vs_lynn_vision_m2_anubis,1788017115.0428796,0,0,-0.27581612258494337,0.5126582278481012,-0.1963840310947454,-0.13032279860446905,-0.020899504080596987,0.02967124098905477,0.044060843136758454,0.017805063421648726,-0.1492539372722138,-0.09616756344190414,-0.013279349142458374,-0.061544204257766216,0.03080739869465582,-0.07478474256327583,-0.5743602811112664
hltv_2396938_110733_legacy_vs_falcons_m1_mirage,1788024988.5095618,1,1,0.042009636619152746,0.5273037542662116,-0.20515389302236697,-0.18511622723850085,-0.07712009981957707,-0.11298287414040831,0.019356387378449746,-0.022098833358219494,-0.15038936094593774,-0.07546193325252404,-0.018547970998370245,-0.008900807385034626,0.01478469518949671,-0.06303149523605406,-0.08435643438414143
hltv_2396938_110733_legacy_vs_falcons_m1_mirage,1788024988.5095618,0,0,0.042009636619152746,0.5273037542662116,-0.20515389302236697,-0.18511622723850085,-0.07712009981957707,-0.11298287414040831,0.019356387378449746,-0.022098833358219494,-0.15038936094593774,-0.07546193325252404,-0.018547970998370245,-0.008900807385034626,0.01478469518949671,-0.06303149523605406,-0.08435643438414143
hltv_2396938_110733_legacy_vs_falcons_m2_ancient,1788029118.1212158,0,0,0.04086432917267763,0.5268456375838926,-0.004044755777232012,-0.019601480317945508,0.0859610613596406,0.04577193486810788,0.05421758463508586,0.03244311236914926,0.003201402381901086,-0.008128297396681528,0.024994393818693283,0.025796481865373533,0.018219316347594883,-0.018602716313167067,-0.08435643438414143
hltv_2396938_110733_legacy_vs_falcons_m2_ancient,1788029118.1212158,0,1,0.04086432917267763,0.5268456375838926,-0.004044755777232012,-0.019601480317945508,0.0859610613596406,0.04577193486810788,0.05421758463508586,0.03244311236914926,0.003201402381901086,-0.008128297396681528,0.024994393818693283,0.025796481865373533,0.018219316347594883,-0.018602716313167067,-0.08435643438414143
hltv_2396940_110759_g2_vs_natus_vincere_m2_inferno,1788090776.6349225,1,0,0.030139491519345918,0.5443037974683544,0.15823083870693588,0.10481233484070046,-0.031497747855390945,-0.022435498235796547,-0.025053612354485555,-0.007411476074868528,-0.012820706233880708,-0.07664359996628545,-0.005363217870545778,-0.02566896080074188,-0.01850658542951722,-0.023798155635738283,-0.046268931906294844
hltv_2396940_110759_g2_vs_natus_vincere_m2_inferno,1788090776.6349225,1,1,0.030139491519345918,0.5443037974683544,0.15823083870693588,0.10481233484070046,-0.031497747855390945,-0.022435498235796547,-0.025053612354485555,-0.007411476074868528,-0.012820706233880708,-0.07664359996628545,-0.005363217870545778,-0.02566896080074188,-0.01850658542951722,-0.023798155635738283,-0.046268931906294844
hltv_2396939_110768_aurora_vs_m80_m1_dust2,1788099494.5382078,1,0,-0.056682127062884335,0.5684931506849316,-0.02815205976630758,-0.02401785714609711,0.03250098592348777,-0.025609803021178823,7.217533109660224e-05,-0.008866200552580139,-0.029445275803187787,-0.09832805960093116,-0.012153214016635827,-0.035105196910264785,-0.002305159685073055,-0.040428258592528854,0.07213796171999677
hltv_2396939_110768_aurora_vs_m80_m1_dust2,1788099494.5382078,1,1,-0.056682127062884335,0.5684931506849316,-0.02815205976630758,-0.02401785714609711,0.03250098592348777,-0.025609803021178823,7.217533109660224e-05,-0.008866200552580139,-0.029445275803187787,-0.09832805960093116,-0.012153214016635827,-0.035105196910264785,-0.002305159685073055,-0.040428258592528854,0.07213796171999677
hltv_2396939_110768_aurora_vs_m80_m2_inferno,1788099496.7999547,1,1,-0.010815760815760855,0.532051282051282,0.0032936273856083442,0.036651890181471636,0.15220704097718102,0.10812963655931368,0.08148717532039029,0.06656631081615272,-0.013666175185102714,-0.042556406725716645,-0.03851666288531291,-0.0547852439065844,0.0013242617750121033,-0.005087651721459918,0.07213796171999677
hltv_2396939_110768_aurora_vs_m80_m2_inferno,1788099496.7999547,0,0,-0.010815760815760855,0.532051282051282,0.0032936273856083442,0.036651890181471636,0.15220704097718102,0.10812963655931368,0.08148717532039029,0.06656631081615272,-0.013666175185102714,-0.042556406725716645,-0.03851666288531291,-0.0547852439065844,0.0013242617750121033,-0.005087651721459918,0.07213796171999677
hltv_2396942_110787_inner_circle_vs_fut_m1_mirage,1788103791.328842,1,1,-0.022727272727272707,0.5227272727272727,-0.150516744487735,-0.20217744912561336,-0.10244228312142623,-0.13462501138313776,-0.06203834632447908,-0.03541941222149986,-0.08402754278520985,0.07371340422255368,-0.020529218955388617,0.04588215485331004,-0.0015452295614803435,0.031839956668121006,
hltv_2396942_110787_inner_circle_vs_fut_m1_mirage,1788103791.328842,0,0,-0.022727272727272707,0.5227272727272727,-0.150516744487735,-0.20217744912561336,-0.10244228312142623,-0.13462501138313776,-0.06203834632447908,-0.03541941222149986,-0.08402754278520985,0.07371340422255368,-0.020529218955388617,0.04588215485331004,-0.0015452295614803435,0.031839956668121006,
hltv_2396942_110787_inner_circle_vs_fut_m2_nuke,1788108160.416576,0,0,-0.022267206477732837,0.5222672064777328,-0.0026287739425426837,-0.02060267626365686,-0.061322830786074645,-0.10016746423583656,-0.03403674250885813,-0.051751282074961324,-0.01235267890601599,0.005012766659110435,0.027448199316859212,0.031060685010535827,0.012195481122041052,0.02308501412844599,
hltv_2396942_110787_inner_circle_vs_fut_m2_nuke,1788108160.416576,0,1,-0.022267206477732837,0.5222672064777328,-0.0026287739425426837,-0.02060267626365686,-0.061322830786074645,-0.10016746423583656,-0.03403674250885813,-0.051751282074961324,-0.01235267890601599,0.005012766659110435,0.027448199316859212,0.031060685010535827,0.012195481122041052,0.02308501412844599,
hltv_2396941_110806_vitality_vs_legacy_m1_nuke,1788113983.7296095,0,0,0.07073244552058111,0.5796610169491525,-0.10492391234331822,-0.20800503532357434,-0.04038686655520435,-0.03776118889833202,0.0329352480866138,-0.009719440670353297,0.008638534961482924,-0.2411006094423941,-0.04217652734026128,0.06477758274956269,0.005342185769078744,-0.012453926322970155,0.1445669165158326
hltv_2396941_110806_vitality_vs_legacy_m1_nuke,1788113983.7296095,1,1,0.07073244552058111,0.5796610169491525,-0.10492391234331822,-0.20800503532357434,-0.04038686655520435,-0.03776118889833202,0.0329352480866138,-0.009719440670353297,0.008638534961482924,-0.2411006094423941,-0.04217652734026128,0.06477758274956269,0.005342185769078744,-0.012453926322970155,0.1445669165158326
hltv_2396943_110821_spirit_vs_furia_m2_cache,1788173236.1868203,0,1,-0.022508038585209,0.522508038585209,-0.05669095710041033,-0.0116604038192209,-0.041068960476241145,-0.024766535498521924,0.0009108692921320771,0.008170831271869683,0.04499998063131694,0.17556300445375483,-0.01216618706272804,0.011179647230364853,0.01654308662080617,0.01587228255545442,-0.0030022413598147085
hltv_2396943_110821_spirit_vs_furia_m2_cache,1788173236.1868203,0,0,-0.022508038585209,0.522508038585209,-0.05669095710041033,-0.0116604038192209,-0.041068960476241145,-0.024766535498521924,0.0009108692921320771,0.008170831271869683,0.04499998063131694,0.17556300445375483,-0.01216618706272804,0.011179647230364853,0.01654308662080617,0.01587228255545442,-0.0030022413598147085
hltv_2396943_110821_spirit_vs_furia_m1_ancient,1788173246.8706045,1,1,-0.03805051158652489,0.5300632911392406,-7.718499898068387e-05,-0.029919242411137248,-0.11224589131172208,-0.12962793473079204,-0.06190277574688818,-0.06544036587809549,0.006650304063818391,-0.1065251498243629,-0.019050774746819543,-0.14964754796535734,-0.028995628607900614,-0.04589709539498604,-0.0030022413598147085
hltv_2396943_110821_spirit_vs_furia_m1_ancient,1788173246.8706045,1,0,-0.03805051158652489,0.5300632911392406,-7.718499898068387e-05,-0.029919242411137248,-0.11224589131172208,-0.12962793473079204,-0.06190277574688818,-0.06544036587809549,0.006650304063818391,-0.1065251498243629,-0.019050774746819543,-0.14964754796535734,-0.028995628607900614,-0.04589709539498604,-0.0030022413598147085
hltv_2396944_110828_g2_vs_aurora_m1_anubis,1788188255.1754515,0,0,0.03744887525562368,0.558282208588957,0.12505986249455336,0.10376031437600652,0.05805451439648707,-0.016050897296854993,-0.007305906639077209,0.003488259505831426,-0.004901768379212079,-0.10925336487201232,0.02888877687600655,0.026761176607185577,0.026372358874958313,0.028214461690286186,-0.06301801129119873
hltv_2396944_110828_g2_vs_aurora_m1_anubis,1788188255.1754515,0,1,0.03744887525562368,0.558282208588957,0.12505986249455336,0.10376031437600652,0.05805451439648707,-0.016050897296854993,-0.007305906639077209,0.003488259505831426,-0.004901768379212079,-0.10925336487201232,0.02888877687600655,0.026761176607185577,0.026372358874958313,0.028214461690286186,-0.06301801129119873
hltv_2396944_110828_g2_vs_aurora_m2_inferno,1788188455.149085,1,0,0.011926889714993782,0.5416666666666666,-0.0017363141590913678,0.009853372199806143,-0.023726151130342377,-0.01762825743584573,-0.019243101778821103,-0.016681935418259408,0.0122936314402462,0.02696316948345112,-0.03323323364671954,-0.0915292251273997,-0.03650519301171429,-0.05977674233596886,-0.06301801129119873
hltv_2396944_110828_g2_vs_aurora_m2_inferno,1788188455.149085,0,1,0.011926889714993782,0.5416666666666666,-0.0017363141590913678,0.009853372199806143,-0.023726151130342377,-0.01762825743584573,-0.019243101778821103,-0.016681935418259408,0.0122936314402462,0.02696316948345112,-0.03323323364671954,-0.0915292251273997,-0.03650519301171429,-0.05977674233596886,-0.06301801129119873
hltv_2396945_110839_mouz_vs_falcons_m2_ancient,1788198754.7946482,1,0,0.05361280808931962,0.5181518151815182,0.07986694496265945,0.15540694839169372,-0.037623514871026054,-0.04688917982172419,-0.0586256962013148,-0.041657020883063944,-0.015601337623867173,-0.14225889919290474,-0.03438079107146369,0.05468802678993112,-0.04164646663584498,-0.007874599646241542,-0.01029903268250133
hltv_2396945_110839_mouz_vs_falcons_m2_ancient,1788198754.7946482,0,1,0.05361280808931962,0.5181518151815182,0.07986694496265945,0.15540694839169372,-0.037623514871026054,-0.04688917982172419,-0.0586256962013148,-0.041657020883063944,-0.015601337623867173,-0.14225889919290474,-0.03438079107146369,0.05468802678993112,-0.04164646663584498,-0.007874599646241542,-0.01029903268250133
hltv_2396945_110839_mouz_vs_falcons_m1_nuke,1788198846.0819056,1,1,0.05270034843205579,0.5178571428571429,-0.004187788971926953,-0.005219094159212179,-0.03816293043793356,-0.07365646638894002,-0.026584071170385026,-0.021175308133733917,-0.009679389372468039,-0.0025585982064714186,0.01156500125303872,0.017703267361718122,0.011980957556515959,0.025761095895338926,-0.01029903268250133
hltv_2396945_110839_mouz_vs_falcons_m1_nuke,1788198846.0819056,0,0,0.05270034843205579,0.5178571428571429,-0.004187788971926953,-0.005219094159212179,-0.03816293043793356,-0.07365646638894002,-0.026584071170385026,-0.021175308133733917,-0.009679389372468039,-0.0025585982064714186,0.01156500125303872,0.017703267361718122,0.011980957556515959,0.025761095895338926,-0.01029903268250133
hltv_2396946_110851_fut_vs_vitality_m2_dust2,1788207898.579855,1,0,0.04658730158730162,0.5783333333333334,-0.01588639155344762,0.03628155105502617,-0.05162043526096266,-0.044837450249401334,-0.02054777007370251,-0.00416750719870479,-0.02551761310961509,-0.08850136798613045,0.047007997190071815,-0.10115233716541927,0.0005789847781110247,-0.09902299000055176,0.27412963343596447
hltv_2396946_110851_fut_vs_vitality_m2_dust2,1788207898.579855,0,1,0.04658730158730162,0.5783333333333334,-0.01588639155344762,0.03628155105502617,-0.05162043526096266,-0.044837450249401334,-0.02054777007370251,-0.00416750719870479,-0.02551761310961509,-0.08850136798613045,0.047007997190071815,-0.10115233716541927,0.0005789847781110247,-0.09902299000055176,0.27412963343596447
hltv_2396946_110851_fut_vs_vitality_m1_anubis,1788208244.1998298,0,1,0.04592077565860819,0.5770491803278689,0.010932566795580745,0.051562544990471415,0.04571375478749873,0.11288289764487269,0.019376530032914563,0.031338253944278804,0.01097698049426854,0.018009541770900195,0.006309961856797663,0.09877022258886461,-0.0070986565903427,0.05554103002683752,0.27412963343596447
hltv_2396946_110851_fut_vs_vitality_m1_anubis,1788208244.1998298,1,0,0.04592077565860819,0.5770491803278689,0.010932566795580745,0.051562544990471415,0.04571375478749873,0.11288289764487269,0.019376530032914563,0.031338253944278804,0.01097698049426854,0.018009541770900195,0.006309961856797663,0.09877022258886461,-0.0070986565903427,0.05554103002683752,0.27412963343596447
